order_id,order_date,ship_date,city,channel,customer_tier,quantity,unit_price,discount_pct,commission_paid,refund_amount,revenue,returned
102389,2025-06-12,2025-06-21,DAMMAM,online,silver,32,53.17,0.244,38.32,0.0,1277.35,0
102810,15 Sep 2024,2024-09-18,Riyadh,online,bronze,26,112.91,0.198,72.12,1177.01,2403.99,1
101306,2025/04/24,2025-05-08,TABUK ,online,bronze,27,33.67,0.192,21.52,0.0,717.36,0
104508,2024-04-15,2024-04-16,riyadh,store,gold,9,14.78,0.293,2.83,0.0,94.25,0
102377,18 Feb 2025,2025-03-02,Abha,online,silver,13,16.49,0.061,5.98,0.0,199.28,0
104581,23 Feb 2025,2025-03-04,DAMMAM,store,bronze,12,26.68,0.136,8.44,0.0,281.34,0
100276,04/09/2024,2024-04-17,Jeddah,phone,bronze,7,39.65,,7.02,99.72,233.99,1
103352,2025/04/26,2025-04-27,Riyadh,online,bronze,19,41.49,0.101,21.76,522.05,725.39,1
104037,2024-01-27,2024-02-09,Riyadh,online,silver,12,14.29,0.13,4.48,0.0,149.29,0
102933,12 Sep 2024,2024-09-22,JEDDAH,phone,silver,1,41.54,,1.12,0.0,37.22,0
103880,2024-09-09,2024-09-10,Jeddah,online,bronze,4,19.71,,1.78,58.61,59.31,1
100939,11/15/2024,2024-11-19,Tabuk,phone,silver,23,43.41,,27.41,669.31,913.82,1
102679,2025-02-03,2025-02-08,DAMMAM,online,bronze,25,54.63,0.168,34.32,0.0,1144.13,0
104305,2024/05/31,2024-06-01,riyadh,online,bronze,9,90.41,,18.03,0.0,600.98,0
103772,2025/04/05,2025-04-06,tabuk,online,silver,2,20.53,0.308,0.85,0.0,28.4,0
100946,09/21/2024,2024-09-30,Riyadh,store,silver,27,21.9,,14.59,0.0,486.45,0
103526,2024-09-08,2024-09-22,JEDDAH,store,bronze,39,53.97,,42.98,364.78,1432.51,1
103385,21 Oct 2024,2024-10-28,Riyadh,online,silver,39,38.82,0.047,43.21,0.0,1440.28,0
103623,31 Jul 2024,2024-08-09,Jeddah,online,silver,1,28.28,0.28,0.6,0.0,19.96,0
100814,2025-01-13,2025-01-16, Jeddah,online,bronze,25,71.67,0.076,50.17,0.0,1672.45,0
104580,14 Jul 2024,2024-07-18,Riyadh ,online,bronze,14,42.72,0.091,16.14,0.0,537.94,0
100753,09/19/2024,2024-09-28,Riyadh,online,gold,6,158.89,0.136,24.35,0.0,811.75,0
101077,21 Apr 2025,2025-04-24,Jeddah,online,bronze,5,84.93,,9.34,0.0,311.46,0
100609,16 Jun 2025,2025-06-28,Dammam,online,silver,39,16.74,0.091,17.32,304.43,577.21,1
104257,11/17/2024,2024-11-26,Riyadh,online,silver,33,88.17,0.147,74.26,451.18,2475.43,1
101137,2025-01-13,2025-01-25,Jeddah,online,bronze,16,8.27,0.054,3.59,0.0,119.67,0
103840,2025-05-06,2025-05-13,Riyadh,store,bronze,19,24.12,0.174,11.35,0.0,378.26,0
104500,05/30/2025,2025-06-09,Dammam,store,silver,23,51.42,0.126,31.15,494.15,1038.39,1
101028,02/11/2024,2024-02-14,Jeddah,online,gold,11,41.07,0.259,10.01,0.0,333.66,0
104771,2024-01-12,2024-01-13,dammam ,online,silver,15,59.13,0.153,21.62,0.0,720.53,0
101909,2025/04/30,2025-05-06,abha,online,bronze,35,17.35,0.058,17.22,0.0,574.03,0
101014,2024/06/06,2024-06-07,TABUK ,store,bronze,14,34.81,0.044,13.79,0.0,459.75,0
103126,2024/12/31,2025-01-09,riyadh,store,bronze,12,17.25,0.175,5.05,0.0,168.25,0
100325,08/01/2024,2024-08-04,Abha,store,silver,19,78.62,0.188,37.24,0.0,1241.38,0
103483,2024-06-15,2024-06-25,Abha,phone,silver,20,18.07,,9.96,0.0,331.88,0
104195,27 Oct 2024,2024-10-28,riyadh,phone,bronze,13,22.7,,7.4,0.0,246.73,0
102554,2024-07-01,2024-07-11,Tabuk,online,bronze,29,27.74,,16.08,149.62,536.13,1
100046,2024-11-25,2024-12-08,Abha,phone,gold,30,77.75,,56.44,1904.01,1881.41,1
102914,2024-01-21,2024-01-27,Dammam,store,bronze,4,20.87,0.116,2.23,0.0,74.49,0
100118,2024-12-12,2024-12-24,Dammam,phone,gold,3,92.41,,6.09,0.0,203.16,0
101387,2024/10/28,2024-11-11,Dammam,online,silver,28,10.58,0.201,6.96,177.6,232.05,1
104225,31 Jan 2024,2024-02-03,riyadh,phone,silver,20,34.89,,18.86,0.0,628.58,0
102188,2024/08/31,2024-09-09, Jeddah,online,bronze,12,29.78,0.209,8.44,0.0,281.41,0
100763,26 May 2024,2024-05-28,riyadh,online,bronze,13,33.11,0.024,12.45,0.0,415.05,0
101902,2024-11-04,2024-11-18,Riyadh,online,bronze,30,12.59,0.081,10.48,0.0,349.21,0
103890,19 Apr 2025,2025-04-21,Riyadh,online,bronze,5,44.27,0.075,6.07,81.88,202.37,1
101052,2024-08-07,2024-08-11,Riyadh,store,bronze,25,47.01,0.203,27.3,0.0,909.94,0
104341,2025-04-14,2025-04-16,Riyadh ,online,bronze,26,9.54,0.092,6.72,0.0,223.99,0
101733,2024-02-23,2024-03-08,Dammam,online,gold,11,26.59,0.138,7.27,0.0,242.26,0
103976,6 May 2024,2024-05-20,Riyadh,store,bronze,26,26.21,,16.62,0.0,553.99,0
100044,4 Jan 2025,2025-01-12,Riyadh ,store,silver,29,28.58,0.091,21.77,0.0,725.74,0
102247,8 Aug 2024,2024-08-10,Riyadh,online,silver,13,54.23,0.062,20.01,559.46,667.11,1
101519,2024/02/28,2024-03-08,Riyadh,online,gold,7,20.42,,3.1,0.0,103.25,0
101109,2025-04-09,2025-04-23,tabuk,store,silver,26,26.3,0.149,17.39,0.0,579.82,0
101705,2024/03/03,2024-03-07,Jeddah,phone,silver,7,23.88,,4.47,0.0,149.06,0
100976,10/26/2024,2024-11-03,dammam ,online,silver,24,11.66,0.124,7.46,0.0,248.63,0
103455,22 Jun 2024,2024-06-23,Tabuk,store,bronze,34,49.7,,32.14,0.0,1071.31,0
100395,2024-01-30,2024-02-11,Riyadh,online,silver,20,20.86,,9.18,0.0,306.09,0
104832,2025/05/10,2025-05-21,Riyadh,phone,silver,33,165.19,,134.23,0.0,4474.45,0
100936,2024/08/03,2024-08-14,riyadh,online,bronze,26,49.8,0.169,31.73,124.08,1057.68,1
102029,2025-01-06,2025-01-07, Jeddah,store,bronze,29,61.17,,35.21,0.0,1173.64,0
104297,10/18/2024,2024-10-21,Jeddah,online,bronze,29,23.38,0.365,12.91,74.27,430.38,1
101344,05/27/2024,2024-05-29,Jeddah,store,bronze,28,27.75,0.257,16.84,0.0,561.33,0
104044,06/13/2024,2024-06-22,Tabuk,store,silver,13,283.28,,83.37,0.0,2779.15,0
102743,2024/07/05,2024-07-06,Riyadh,online,gold,23,17.3,0.222,9.47,0.0,315.58,0
100791,05/04/2024,2024-05-15,Riyadh,phone,silver,1,58.53,,1.23,0.0,40.9,0
102285,2024/05/27,2024-05-31,Riyadh ,online,silver,1,43.4,0.237,0.99,0.0,33.02,0
101722,30 Nov 2024,2024-12-13,Riyadh,store,bronze,25,52.65,0.234,30.75,483.97,1025.03,1
103672,2024/11/23,2024-12-01,Dammam,online,bronze,2,26.74,0.063,1.54,50.11,51.31,1
104641,2025-01-25,2025-02-08,Riyadh ,online,bronze,39,61.61,0.088,67.99,0.0,2266.19,0
101922,2025-04-02,2025-04-08,Riyadh,online,bronze,17,36.95,,14.88,29.46,496.08,1
103155,2024/05/25,2024-05-28,Riyadh,online,silver,11,41.49,0.167,11.44,0.0,381.46,0
101685,2024-06-21,2024-07-04,Riyadh,online,bronze,23,36.05,0.069,22.45,268.64,748.37,1
104398,6 Aug 2024,2024-08-09,Dammam,phone,bronze,19,16.82,,8.8,0.0,293.25,0
104685,26 Feb 2025,2025-03-05,Tabuk,store,gold,26,35.81,0.206,21.73,0.0,724.29,0
100896,04/26/2024,2024-05-08,Tabuk,online,bronze,1,11.9,0.145,0.31,0.0,10.4,0
101804,2024/01/18,2024-01-25,dammam ,online,silver,21,77.29,0.194,38.12,0.0,1270.68,0
104479,01/14/2024,2024-01-16,Abha,store,silver,28,15.64,,11.91,42.19,396.84,1
104111,9 Sep 2024,2024-09-13,Riyadh ,online,bronze,38,70.15,,56.16,732.58,1872.09,1
101630,2024/03/18,2024-03-31,Jeddah,online,silver,5,56.38,0.257,6.12,209.53,203.93,1
104081,2024/02/22,2024-02-27,Jeddah,online,gold,22,40.26,0.247,20.54,0.0,684.53,0
100555,28 Feb 2025,2025-03-09,riyadh,store,silver,6,17.31,0.15,2.56,0.0,85.49,0
103712,02/17/2024,2024-02-21,Dammam,store,silver,26,38.55,0.07,28.67,0.0,955.81,0
102612,24 Dec 2024,2025-01-03,abha,online,gold,11,29.34,,5.79,0.0,193.14,0
101085,24 Dec 2024,2025-01-03,Tabuk,online,gold,29,38.17,,27.26,429.93,908.83,1
103524,03/03/2025,2025-03-10,JEDDAH,online,silver,20,9.63,0.176,4.73,0.0,157.81,0
102513,2025/06/19,2025-06-20,Riyadh,online,silver,37,115.6,,92.08,0.0,3069.26,0
102043,2025/02/25,2025-03-10,Dammam,store,bronze,2,18.82,0.064,1.08,0.0,35.87,0
104875,19 Mar 2025,2025-03-29,Jeddah,online,bronze,22,33.17,0.13,19.3,0.0,643.47,0
100010,27 Apr 2024,2024-05-01, Jeddah,online,silver,33,27.15,0.201,21.48,0.0,716.05,0
100299,12/04/2024,2024-12-18,Dammam,store,silver,25,144.15,0.105,95.52,0.0,3184.15,0
102356,05/15/2024,2024-05-23,abha,online,bronze,17,45.64,0.057,21.45,0.0,715.04,0
102418,11/20/2024,2024-11-21,Jeddah,phone,gold,40,53.61,,35.54,0.0,1184.78,0
102068,2025-06-21,2025-06-26,TABUK ,online,bronze,23,138.12,0.038,91.27,2257.76,3042.21,1
101856,17 Aug 2024,2024-08-29,tabuk,online,bronze,9,47.45,0.151,10.82,0.0,360.5,0
103399,2025-01-25,2025-01-31,DAMMAM,phone,gold,4,13.8,,1.42,0.0,47.38,0
102721,11/13/2024,2024-11-22, Jeddah,phone,gold,30,36.13,,23.78,0.0,792.61,0
100298,2024-03-10,2024-03-19,Abha,online,bronze,30,53.37,0.119,41.11,658.52,1370.22,1
101807,2024/04/18,2024-04-24,Riyadh ,online,bronze,22,53.61,0.02,35.0,0.0,1166.78,0
100649,5 Dec 2024,2024-12-11,DAMMAM,store,silver,6,44.0,0.072,7.16,0.0,238.72,0
103004,2025-04-23,2025-04-27,dammam ,store,gold,40,36.47,0.181,35.74,0.0,1191.21,0
101836,04/16/2024,2024-04-28,riyadh,online,silver,31,70.95,0.108,59.33,0.0,1977.74,0
104420,09/25/2024,2024-09-27,Jeddah,online,bronze,17,15.03,0.137,6.58,0.0,219.49,0
104694,04/03/2024,2024-04-06,abha,store,bronze,34,65.71,0.38,40.92,0.0,1363.86,0
103818,16 Oct 2024,2024-10-29,Riyadh,phone,bronze,39,77.24,,84.22,0.0,2807.32,0
101719,2024/01/19,2024-01-26,Dammam,store,silver,34,40.7,0.227,32.07,0.0,1069.1,0
102018,2024-12-25,2024-12-28,Riyadh,online,bronze,16,20.19,0.199,7.83,0.0,260.89,0
102940,04/06/2024,2024-04-12,Riyadh,online,bronze,5,19.76,,2.43,0.0,81.07,0
102698,21 Feb 2025,2025-03-02,Riyadh,online,silver,12,44.63,0.258,12.16,0.0,405.25,0
103227,2025-04-28,2025-05-12,Dammam,phone,bronze,20,54.81,,29.8,580.3,993.26,1
100596,18 Jan 2025,2025-01-24,Riyadh,store,gold,16,19.46,,5.18,0.0,172.64,0
104339,06/27/2025,2025-07-04,JEDDAH,phone,bronze,20,17.78,,8.57,0.0,285.59,0
103946,2024-10-17,2024-10-21,tabuk,store,bronze,37,32.63,,28.33,0.0,944.35,0
102226,2025/05/19,2025-06-01,Riyadh,online,bronze,13,20.51,0.059,7.65,0.0,254.87,0
103667,6 May 2024,2024-05-18,riyadh,phone,silver,4,24.87,,2.39,0.0,79.83,0
102856,06/09/2024,2024-06-14,Tabuk,store,bronze,31,26.08,0.096,21.97,0.0,732.17,0
103679,9 May 2024,2024-05-17,Riyadh,online,bronze,8,10.48,0.046,2.45,0.0,81.51,0
103310,10/28/2024,2024-11-09,riyadh,store,gold,2,51.41,,2.58,0.0,86.08,0
101956,2024/03/02,2024-03-15,Tabuk,phone,bronze,30,53.54,,45.32,0.0,1510.7,0
104546,2025/03/11,2025-03-25,riyadh,online,silver,31,52.7,0.215,37.14,744.95,1237.98,1
104556,04/29/2025,2025-05-11,Dammam,online,bronze,29,62.54,0.107,48.11,0.0,1603.54,0
103546,8 Sep 2024,2024-09-20,Jeddah,online,bronze,1,13.17,0.147,0.35,0.0,11.71,0
100092,8 Oct 2024,2024-10-13,Dammam,store,bronze,24,23.89,0.083,15.64,0.0,521.33,0
101561,26 Apr 2025,2025-05-04,Tabuk,online,bronze,14,14.36,0.137,5.33,24.79,177.59,1
103029,08/04/2024,2024-08-17,Dammam,store,silver,36,38.06,0.183,33.97,0.0,1132.43,0
102191,2025/03/15,2025-03-25,Riyadh,phone,bronze,17,31.65,,13.55,162.96,451.63,1
101391,12/24/2024,2025-01-01,Tabuk,online,gold,3,28.77,0.2,2.07,0.0,69.01,0
103457,01/30/2024,2024-02-10,TABUK ,phone,bronze,35,41.51,,34.79,0.0,1159.65,0
100672,2025-01-29,2025-02-02,Jeddah,store,gold,8,12.97,0.138,2.63,0.0,87.55,0
103972,16 Jan 2024,2024-01-29,Riyadh,online,silver,5,27.37,,3.59,0.0,119.72,0
100171,2024/05/22,2024-06-01,Riyadh,online,gold,29,25.95,0.27,15.22,132.56,507.32,1
104526,2024/10/10,2024-10-11,Jeddah,online,bronze,22,15.88,0.204,8.45,277.95,281.8,1
104155,2024-06-04,2024-06-05,Jeddah,phone,bronze,24,26.74,,17.25,285.25,574.84,1
102921,05/05/2025,2025-05-19,Tabuk,phone,bronze,40,9.33,,8.51,0.0,283.6,0
100695,2024/04/28,2024-04-29,Tabuk,online,bronze,13,42.87,0.054,15.45,0.0,515.11,0
100977,2024-04-23,2024-05-06,Jeddah,online,gold,9,47.85,0.197,10.52,0.0,350.77,0
103135,21 Jan 2025,2025-01-29,Dammam,store,silver,33,40.69,0.24,30.78,30.91,1025.97,1
104525,05/12/2024,2024-05-20,dammam ,online,silver,27,25.02,0.161,17.19,0.0,572.88,0
102099,2025/01/21,2025-02-02,riyadh,store,silver,13,27.7,,5.98,0.0,199.18,0
101824,04/26/2025,2025-05-08,Dammam,online,bronze,36,18.5,0.067,18.3,0.0,609.85,0
103089,2024/04/03,2024-04-13,Jeddah,online,gold,36,39.5,,31.58,0.0,1052.68,0
100962,2025-06-11,2025-06-20,Jeddah,online,bronze,30,61.92,0.103,50.02,0.0,1667.42,0
104019,2024-07-12,2024-07-14,Riyadh,online,bronze,5,51.13,0.053,7.43,242.12,247.52,1
101249,2024/03/08,2024-03-12,Tabuk,online,gold,40,38.59,0.189,37.78,720.01,1259.38,1
104687,2024/03/21,2024-03-27,Riyadh,store,gold,36,46.66,0.139,42.36,0.0,1412.1,0
102564,15 Nov 2024,2024-11-26,Jeddah,online,bronze,40,37.75,0.029,45.0,0.0,1500.13,0
103861,05/06/2024,2024-05-16,Jeddah,store,bronze,28,62.26,0.06,49.35,0.0,1645.01,0
103407,16 Jul 2024,2024-07-21,Jeddah,online,bronze,11,34.4,0.216,8.75,161.81,291.83,1
103523,06/08/2025,2025-06-22,Riyadh,phone,gold,9,61.46,,9.99,0.0,332.86,0
103789,2024/06/27,2024-07-08,Jeddah,online,silver,7,263.33,0.184,46.1,0.0,1536.67,0
103527,1 Sep 2024,2024-09-04,Riyadh,phone,gold,32,42.44,,28.81,0.0,960.37,0
100342,2024-04-14,2024-04-18,Tabuk,store,silver,26,66.48,0.228,41.48,0.0,1382.5,0
104393,06/21/2024,2024-07-03, Jeddah,phone,silver,32,272.64,,228.53,0.0,7617.77,0
102565,14 Aug 2024,2024-08-17,Dammam,online,bronze,39,39.06,0.102,40.51,1016.64,1350.28,1
100509,2024-08-16,2024-08-26,Jeddah,store,bronze,6,35.18,0.136,5.56,60.82,185.32,1
103326,02/25/2025,2025-03-11,Abha,store,silver,31,9.01,,5.33,0.0,177.64,0
100257,31 Jan 2024,2024-02-01,Abha,store,bronze,8,32.7,0.148,6.85,0.0,228.21,0
100873,22 Mar 2024,2024-04-02,TABUK ,phone,gold,21,13.78,,6.67,0.0,222.31,0
100801,2024/09/23,2024-09-28,DAMMAM,online,bronze,28,24.33,0.163,16.91,0.0,563.6,0
102504,6 Nov 2024,2024-11-19,Abha,online,bronze,11,96.8,0.132,26.81,168.02,893.64,1
100513,20 Sep 2024,2024-10-01,Riyadh ,store,silver,35,67.77,0.111,62.18,0.0,2072.73,0
100227,2 Jun 2025,2025-06-10,Riyadh,store,bronze,10,9.14,0.057,2.61,86.22,86.9,1
102038,2024-01-20,2024-01-24,Riyadh,online,bronze,21,148.42,0.183,76.76,0.0,2558.66,0
100116,2024-11-16,2024-11-17,Abha,online,silver,26,20.82,0.127,14.35,0.0,478.48,0
102658,2024-03-02,2024-03-08,JEDDAH,online,bronze,7,24.43,0.101,4.49,0.0,149.61,0
102531,2 Mar 2024,2024-03-04,dammam ,store,silver,5,70.82,0.232,8.16,0.0,271.99,0
102491,9 Feb 2025,2025-02-13,Tabuk,online,gold,10,14.47,0.211,3.47,0.0,115.71,0
100104,2024/04/14,2024-04-17,Tabuk,phone,silver,31,88.66,,75.31,0.0,2510.4,0
101134,4 Jun 2024,2024-06-13,Dammam,online,bronze,39,48.1,0.45,31.02,767.2,1034.0,1
100203,2025/06/30,2025-07-05,Jeddah,online,bronze,27,59.19,0.132,40.55,0.0,1351.65,0
101685,2024-06-21,2024-07-04,Riyadh,online,bronze,23,36.05,0.069,22.45,268.64,748.37,1
104528,2025/04/17,2025-04-24,Dammam,online,bronze,32,94.79,0.131,78.99,164.72,2633.16,1
100244,03/25/2024,2024-04-03,Jeddah,online,bronze,18,20.89,0.044,10.8,0.0,360.02,0
100681,2024/06/12,2024-06-24,Riyadh ,online,silver,13,17.95,,5.77,14.61,192.45,1
101237,2024-01-16,2024-01-22,Riyadh,online,gold,34,38.56,0.21,29.98,0.0,999.32,0
103294,2024/08/20,2024-08-26,Jeddah,online,gold,10,24.21,0.336,4.72,0.0,157.22,0
102788,2025/06/13,2025-06-15,Jeddah,online,bronze,32,295.87,0.095,253.4,4821.61,8446.68,1
104009,2024-07-28,2024-08-01,riyadh,online,bronze,36,37.99,,34.96,566.63,1165.23,1
102661,2025/02/09,2025-02-18,abha,online,bronze,18,30.14,0.211,12.77,0.0,425.63,0
101315,02/19/2024,2024-02-26,Riyadh,phone,bronze,27,29.2,,16.26,0.0,542.03,0
100937,17 Mar 2025,2025-03-27,Tabuk,online,gold,19,23.94,0.234,10.27,91.71,342.42,1
101932,2024/01/11,2024-01-22,Dammam,store,silver,38,38.16,0.071,40.52,0.0,1350.51,0
102951,2024-02-06,2024-02-07,Riyadh ,store,silver,7,22.16,0.187,3.83,0.0,127.52,0
104870,2024-12-03,2024-12-13,Dammam,online,silver,5,19.97,0.225,2.3,0.0,76.75,0
102490,22 Sep 2024,2024-09-30,DAMMAM,online,bronze,5,9.72,0.107,1.27,0.0,42.32,0
101587,08/02/2024,2024-08-16,Jeddah,store,gold,23,40.03,0.192,22.11,0.0,736.89,0
103948,04/01/2024,2024-04-09,Riyadh ,online,bronze,37,18.29,0.124,17.0,0.0,566.81,0
101148,05/06/2024,2024-05-08,Abha,online,bronze,1,86.71,0.088,2.33,0.0,77.7,0
104260,2024/11/27,2024-12-07,Riyadh,store,silver,35,76.31,0.275,57.57,0.0,1919.09,0
102809,7 Apr 2025,2025-04-20,Riyadh,phone,silver,5,22.67,,1.99,0.0,66.18,0
101494,16 Oct 2024,2024-10-29,abha,online,bronze,4,52.12,0.157,5.2,175.77,173.43,1
103288,06/14/2024,2024-06-21, Jeddah,store,gold,4,45.24,,3.14,0.0,104.75,0
101906,8 Apr 2024,2024-04-15,Jeddah,store,bronze,13,38.48,0.126,13.27,33.65,442.36,1
103252,2024-02-10,2024-02-21, Jeddah,store,bronze,4,103.25,0.179,10.22,0.0,340.78,0
103238,2024/10/07,2024-10-17,Riyadh,online,gold,5,14.12,0.19,1.73,0.0,57.59,0
104788,2025/03/29,2025-04-08,DAMMAM,online,silver,36,47.94,0.196,40.58,0.0,1352.6,0
101582,31 Aug 2024,2024-09-04,riyadh,online,silver,2,8.73,0.301,0.35,12.2,11.53,1
101865,2025-01-10,2025-01-16,Dammam,store,bronze,32,55.61,0.137,45.19,0.0,1506.23,0
102600,2024/06/09,2024-06-13,tabuk,phone,bronze,36,50.8,,45.81,0.0,1527.09,0
102923,2025-04-15,2025-04-28,Riyadh,online,gold,4,48.31,0.14,4.93,0.0,164.33,0
101947,07/02/2024,2024-07-12,Riyadh,online,silver,1,85.74,0.143,2.14,0.0,71.46,0
101513,5 Jun 2025,2025-06-17,Dammam,phone,bronze,9,43.36,,7.75,0.0,258.26,0
103019,15 Apr 2024,2024-04-23,Riyadh ,online,bronze,28,56.92,0.089,43.25,0.0,1441.74,0
104496,03/10/2024,2024-03-24,Jeddah,phone,silver,13,15.29,,5.05,0.0,168.34,0
102388,2024-04-18,2024-04-22,Riyadh,store,bronze,28,114.92,0.062,89.24,0.0,2974.56,0
104639,01/03/2025,2025-01-14,Riyadh,online,silver,36,30.22,0.244,25.03,0.0,834.18,0
104402,2025-05-19,2025-05-23,DAMMAM,store,bronze,36,21.39,0.251,17.09,0.0,569.65,0
103225,08/23/2024,2024-08-31,Riyadh,online,gold,22,76.99,0.168,41.66,704.92,1388.58,1
102782,2024/05/17,2024-05-23,Riyadh ,store,silver,1,62.72,0.18,1.54,0.0,51.29,0
101878,2024-06-23,2024-06-25,Riyadh ,store,silver,32,48.93,0.136,41.93,0.0,1397.6,0
104874,2024-06-11,2024-06-12,Jeddah,store,gold,24,17.73,0.153,10.87,210.35,362.23,1
104255,06/26/2024,2024-07-07,Abha,store,gold,23,32.9,,16.69,0.0,556.31,0
100544,09/04/2024,2024-09-09,Tabuk,online,silver,27,35.21,0.103,25.74,0.0,858.03,0
104784,07/31/2024,2024-08-10,JEDDAH,phone,gold,26,227.01,,144.23,2173.25,4807.79,1
104736,06/29/2024,2024-07-01,Dammam,store,bronze,25,49.75,0.103,32.86,0.0,1095.23,0
101771,2025/01/27,2025-02-08,Jeddah,store,bronze,1,47.2,0.086,1.33,0.0,44.43,0
104005,01/15/2024,2024-01-20,Jeddah,store,silver,31,28.9,0.114,23.09,0.0,769.8,0
104588,2024/02/08,2024-02-21,Tabuk,phone,bronze,26,32.11,,21.98,579.64,732.74,1
101307,2025-06-18,2025-06-21,JEDDAH,phone,bronze,4,29.89,,3.3,0.0,110.08,0
104842,1 Apr 2025,2025-04-15, Jeddah,phone,bronze,25,75.26,,54.41,0.0,1813.71,0
102869,05/06/2025,2025-05-11,Tabuk,online,silver,37,48.5,0.126,47.03,0.0,1567.62,0
102798,05/25/2024,2024-05-28, Jeddah,online,bronze,8,6.33,0.032,1.47,42.89,48.99,1
101933,20 Mar 2024,2024-03-23,Dammam,online,silver,25,54.6,0.228,31.03,0.0,1034.4,0
103251,11 Jan 2025,2025-01-17,Tabuk,online,bronze,12,9.42,,2.23,0.0,74.2,0
102231,03/31/2025,2025-04-04,Riyadh ,phone,gold,29,15.33,,11.58,0.0,386.04,0
102756,2024-01-18,2024-01-23,Abha,store,gold,25,48.43,0.265,27.23,0.0,907.66,0
100465,9 May 2025,2025-05-13,Jeddah,store,bronze,1,130.94,,3.19,106.42,106.48,1
100200,2025-01-29,2025-02-02,riyadh,online,bronze,29,41.26,,31.1,0.0,1036.7,0
102792,4 Feb 2024,2024-02-06,Riyadh,online,bronze,15,78.99,0.083,32.16,0.0,1072.04,0
101316,04/19/2024,2024-05-03,Dammam,online,gold,33,44.7,0.169,36.61,0.0,1220.29,0
100680,2024-01-06,2024-01-17,Jeddah,online,bronze,11,49.54,0.129,13.68,0.0,456.08,0
104731,5 Jun 2024,2024-06-13,Riyadh ,store,silver,37,58.86,,50.29,0.0,1676.42,0
102952,2024-07-13,2024-07-22,Dammam,online,bronze,27,39.91,0.116,28.81,847.0,960.28,1
103351,2024/03/14,2024-03-15,Riyadh,online,bronze,34,22.27,,15.23,364.91,507.7,1
101634,06/07/2024,2024-06-21,dammam ,online,silver,21,105.7,0.157,55.96,0.0,1865.41,0
103968,26 May 2025,2025-06-08,Riyadh,store,silver,32,54.3,0.141,43.7,0.0,1456.51,0
100132,2024/02/18,2024-02-27,Tabuk,online,silver,24,106.36,,49.34,0.0,1644.53,0
100288,24 Apr 2024,2024-05-03,JEDDAH,online,silver,19,13.2,,5.99,136.58,199.83,1
102110,05/19/2024,2024-05-24,Riyadh,online,silver,15,18.25,0.08,7.66,33.59,255.48,1
101877,25 Sep 2024,2024-10-08,riyadh,store,silver,5,73.09,0.129,9.55,0.0,318.41,0
104743,2024/05/15,2024-05-28,DAMMAM,online,bronze,33,49.75,0.083,46.23,0.0,1541.04,0
100995,2025-06-30,2025-07-14,Tabuk,store,silver,19,33.96,0.23,14.45,0.0,481.63,0
102186,2024-10-29,2024-11-02,riyadh,store,silver,12,20.85,0.144,6.4,0.0,213.29,0
102233,2024-12-03,2024-12-13,Riyadh,phone,bronze,6,12.4,,2.21,0.0,73.83,0
102180,11/28/2024,2024-12-12,Tabuk,store,silver,38,41.71,0.166,39.66,0.0,1322.01,0
102213,2025/06/20,2025-06-24,abha,phone,bronze,40,35.14,,37.33,0.0,1244.32,0
100280,2024-01-24,2024-01-25,Abha,online,bronze,5,59.38,0.168,7.38,0.0,245.85,0
101923,2024/08/30,2024-09-01,Jeddah,phone,bronze,28,51.63,,24.44,0.0,814.74,0
100252,2024/04/08,2024-04-12,Abha,online,bronze,27,46.86,0.171,31.4,0.0,1046.73,0
103563,2025-04-27,2025-05-08,Tabuk,store,bronze,11,97.01,0.027,31.51,0.0,1050.18,0
103603,3 Nov 2024,2024-11-08,JEDDAH,online,bronze,19,12.11,0.086,6.2,0.0,206.82,0
100333,2025-01-12,2025-01-25,DAMMAM,online,bronze,5,36.73,0.167,4.53,0.0,151.14,0
103630,2024/12/17,2024-12-25,Riyadh ,phone,silver,36,25.5,,23.7,0.0,789.96,0
104698,09/07/2024,2024-09-20,Jeddah,online,gold,13,73.06,,23.21,0.0,773.78,0
103742,11 May 2024,2024-05-22,Riyadh,online,bronze,13,30.67,0.141,10.09,184.33,336.23,1
101639,2025/05/17,2025-05-20,Riyadh,online,silver,30,51.78,,33.62,0.0,1120.58,0
101110,02/22/2024,2024-03-06,Riyadh,phone,bronze,7,39.74,,6.77,0.0,225.8,0
100397,10/07/2024,2024-10-19,Abha,online,gold,8,70.91,0.174,13.9,468.66,463.22,1
102892,2024-05-25,2024-05-31,Tabuk,store,silver,25,12.19,0.169,7.57,0.0,252.27,0
104491,14 Feb 2024,2024-02-19, Jeddah,store,bronze,13,90.86,,33.01,0.0,1100.23,0
102171,2024/03/17,2024-03-24, Jeddah,store,gold,11,152.09,0.175,42.5,0.0,1416.51,0
104713,2024-11-28,2024-12-07,DAMMAM,online,silver,28,45.7,,28.29,0.0,942.96,0
103962,2024-06-06,2024-06-08,Riyadh,online,bronze,11,35.29,0.118,10.51,0.0,350.31,0
103884,8 Sep 2024,2024-09-17,Jeddah,online,bronze,33,103.58,0.181,84.0,0.0,2800.06,0
104361,2024/07/24,2024-08-06,Riyadh,online,bronze,17,37.37,,13.52,0.0,450.57,0
100928,2025/05/14,2025-05-27,abha,phone,silver,21,68.25,,37.27,0.0,1242.29,0
100872,2024-08-25,2024-09-06,Riyadh,online,silver,39,56.53,0.258,48.55,923.11,1618.29,1
102641,2025/05/17,2025-05-22,Dammam,store,bronze,2,19.53,,0.9,14.37,29.92,1
101835,05/08/2024,2024-05-17,Riyadh,online,silver,4,57.94,0.104,6.35,0.0,211.63,0
100063,2024/11/30,2024-12-05,Jeddah,online,silver,8,27.8,0.219,5.02,43.44,167.17,1
101247,2024/09/15,2024-09-23,Dammam,store,gold,8,86.49,,13.38,170.17,445.93,1
102712,23 Sep 2024,2024-09-28,Riyadh ,online,silver,17,105.98,,36.53,0.0,1217.69,0
102124,2025/05/27,2025-06-04,Riyadh,phone,bronze,20,73.06,,37.79,509.33,1259.61,1
101688,2025-01-25,2025-02-03,Jeddah,online,silver,8,11.68,0.055,2.74,0.0,91.33,0
100900,10/09/2024,2024-10-10,Jeddah,online,gold,9,90.77,0.12,21.56,0.0,718.7,0
101905,2024-05-20,2024-06-02,Dammam,store,gold,32,15.81,,9.69,0.0,323.09,0
103234,21 Apr 2024,2024-05-03,riyadh,online,silver,6,52.69,0.179,7.96,0.0,265.36,0
101867,2024/11/02,2024-11-12,Tabuk,online,bronze,28,18.24,0.077,14.11,0.0,470.2,0
104359,19 Aug 2024,2024-08-26,JEDDAH,store,silver,35,91.21,0.047,97.02,0.0,3233.89,0
100078,2024/09/06,2024-09-10,Dammam,online,silver,33,40.64,0.077,35.5,0.0,1183.21,0
100242,06/27/2024,2024-06-29,Abha,store,silver,11,23.83,0.192,6.33,0.0,211.02,0
104481,2024/07/09,2024-07-22,Jeddah,online,bronze,7,7.62,0.084,1.5,34.91,50.15,1
102079,06/19/2024,2024-06-22,Riyadh,store,silver,27,29.25,0.065,21.33,519.54,710.89,1
104469,2025/02/05,2025-02-12,Tabuk,store,silver,5,61.6,0.102,8.16,55.32,271.9,1
101454,29 Nov 2024,2024-12-07,Tabuk,online,bronze,9,39.28,0.057,10.16,259.15,338.52,1
102810,15 Sep 2024,2024-09-18,Riyadh,online,bronze,26,112.91,0.198,72.12,1177.01,2403.99,1
103000,10/11/2024,2024-10-18,Riyadh ,online,gold,12,54.38,0.177,15.92,0.0,530.73,0
101819,04/08/2024,2024-04-10,JEDDAH,store,gold,21,30.23,0.271,13.76,0.0,458.5,0
100231,30 Mar 2025,2025-04-08,Riyadh,online,silver,13,17.52,,5.03,0.0,167.68,0
102411,08/01/2024,2024-08-13,Dammam,online,silver,36,24.41,,21.53,0.0,717.53,0
104726,1 May 2025,2025-05-15,Riyadh ,store,gold,30,11.21,0.249,7.59,0.0,253.06,0
101303,2025-02-07,2025-02-21,dammam ,online,bronze,36,51.4,0.156,46.58,86.79,1552.53,1
103137,02/01/2024,2024-02-11,abha,online,silver,31,41.54,,28.25,0.0,941.56,0
101414,09/12/2024,2024-09-20,tabuk,phone,silver,32,50.71,,45.12,0.0,1504.16,0
102271,1 Sep 2024,2024-09-04,Dammam,online,bronze,6,38.73,0.147,5.95,132.15,198.38,1
102968,2024-05-29,2024-06-02,Riyadh,store,bronze,32,34.07,0.415,19.43,279.18,647.73,1
101712,01/14/2024,2024-01-16,Jeddah,online,bronze,12,45.22,0.068,15.26,0.0,508.53,0
100179,2025/05/02,2025-05-08,Tabuk,store,silver,27,21.18,0.163,14.57,0.0,485.56,0
102166,2024-06-04,2024-06-12,Riyadh ,online,gold,1,65.21,0.25,1.47,0.0,49.16,0
103258,2024-06-12,2024-06-24,Riyadh,online,bronze,25,47.73,,28.53,0.0,951.0,0
103596,2024-10-27,2024-11-09,Tabuk,store,silver,20,20.63,0.125,10.1,0.0,336.58,0
101627,10 Aug 2024,2024-08-12, Jeddah,online,silver,12,41.16,0.084,13.64,0.0,454.8,0
101675,26 Jun 2025,2025-06-27,Abha,online,bronze,22,15.62,0.144,8.72,0.0,290.75,0
103579,05/12/2025,2025-05-14,Dammam,store,bronze,15,16.6,0.175,6.15,0.0,204.94,0
101094,13 Nov 2024,2024-11-20,Riyadh ,store,silver,20,131.95,0.202,62.18,0.0,2072.82,0
104226,9 Feb 2025,2025-02-18,abha,online,bronze,32,74.06,0.045,68.02,0.0,2267.34,0
104209,05/30/2025,2025-06-07,Jeddah,online,gold,22,25.26,0.22,12.41,354.66,413.63,1
104272,17 Mar 2024,2024-03-20,Jeddah,store,bronze,12,179.36,0.132,56.32,0.0,1877.39,0
101900,2025/05/28,2025-06-10,riyadh,phone,bronze,3,60.24,,4.35,0.0,145.09,0
101463,24 Aug 2024,2024-08-30,Riyadh ,online,bronze,27,54.74,0.246,33.81,825.53,1127.05,1
103691,10 Feb 2024,2024-02-24,Riyadh,online,bronze,15,58.3,,17.3,0.0,576.8,0
101665,2024-12-15,2024-12-22,Tabuk,online,gold,13,67.48,0.135,22.66,0.0,755.49,0
100002,29 Jan 2024,2024-02-04,Jeddah,online,silver,8,78.69,0.097,17.52,0.0,583.9,0
103256,07/10/2024,2024-07-17,Abha,online,gold,15,40.63,,12.91,0.0,430.28,0
103865,2024/03/21,2024-03-28,Tabuk,online,silver,34,16.43,0.217,13.37,0.0,445.52,0
101055,6 Apr 2025,2025-04-15,Riyadh,online,gold,36,88.34,0.227,72.69,1638.21,2422.84,1
103026,2024-02-03,2024-02-06,Riyadh,online,bronze,3,145.22,0.161,11.05,121.79,368.37,1
101937,1 Sep 2024,2024-09-06,Jeddah,store,bronze,24,27.74,0.048,17.81,0.0,593.64,0
102508,2024-08-25,2024-08-31,Tabuk,online,bronze,37,60.0,0.304,46.0,417.63,1533.38,1
101929,07/09/2024,2024-07-21,Riyadh,store,gold,21,48.02,,22.11,0.0,737.04,0
104625,2025-04-09,2025-04-20,Riyadh,online,bronze,26,106.44,0.142,69.9,0.0,2330.14,0
101011,29 May 2024,2024-06-04,DAMMAM,online,silver,31,41.85,,34.57,0.0,1152.44,0
103153,2025-03-25,2025-04-07,Jeddah,online,bronze,5,121.11,0.281,12.81,0.0,426.85,0
102663,2024/03/06,2024-03-09,Jeddah,online,silver,40,14.7,0.117,16.13,0.0,537.64,0
104467,01/14/2025,2025-01-24,Riyadh,online,silver,22,21.58,0.142,12.18,166.63,405.86,1
103808,2025-04-21,2025-04-25,Dammam,online,bronze,31,94.36,0.252,66.62,564.97,2220.66,1
101903,2024-10-29,2024-10-30,Abha,online,bronze,2,39.87,0.073,2.23,36.96,74.28,1
103581,2025-05-16,2025-05-22,DAMMAM,online,silver,33,39.43,0.265,28.24,144.86,941.45,1
101251,2024-10-21,2024-10-23,Riyadh,store,bronze,34,61.13,0.035,61.27,0.0,2042.44,0
103729,11/12/2024,2024-11-26,Dammam,online,bronze,20,35.39,0.097,19.02,351.68,634.02,1
100123,10 Jul 2024,2024-07-20,riyadh,store,silver,13,33.13,0.205,9.74,0.0,324.68,0
103796,12 May 2025,2025-05-26,dammam ,online,silver,32,22.16,0.171,17.04,220.4,567.92,1
100727,28 Dec 2024,2025-01-07,Riyadh,online,silver,9,85.69,0.358,14.21,0.0,473.71,0
100096,1 Feb 2025,2025-02-11,Dammam,online,bronze,7,65.41,0.222,10.8,0.0,360.0,0
102031,2025-02-22,2025-02-27,riyadh,store,gold,32,36.08,0.162,28.83,0.0,960.91,0
102393,2024/09/29,2024-10-01,Jeddah,store,silver,11,80.91,0.224,21.35,0.0,711.69,0
101897,14 Dec 2024,2024-12-15,Dammam,online,bronze,37,39.34,0.129,37.08,754.03,1235.84,1
103539,31 Jul 2024,2024-08-03,Riyadh,online,silver,17,37.77,0.188,15.82,0.0,527.2,0
100702,6 Nov 2024,2024-11-12,Riyadh,store,gold,16,26.76,0.245,9.8,100.96,326.71,1
100766,2024-10-25,2024-11-08,Riyadh,online,gold,39,41.36,0.155,40.67,628.98,1355.69,1
104851,2025-03-30,2025-04-05,Riyadh,online,bronze,30,30.79,0.09,24.92,0.0,830.72,0
102484,2024-06-28,2024-07-12,riyadh,store,gold,36,21.91,0.301,16.59,0.0,552.97,0
104820,9 Nov 2024,2024-11-16,Jeddah,online,bronze,28,23.61,0.043,19.43,0.0,647.54,0
100687,05/24/2025,2025-05-30,Jeddah,store,bronze,24,20.08,0.169,12.46,0.0,415.45,0
100741,2025-06-28,2025-07-08,Riyadh,online,bronze,10,46.71,0.032,13.55,0.0,451.55,0
100670,01/02/2025,2025-01-05,Jeddah,store,bronze,8,16.15,0.191,3.0,0.0,100.09,0
101872,05/10/2025,2025-05-22,Jeddah,online,bronze,28,38.04,0.239,23.84,782.06,794.8,1
104830,25 Jun 2024,2024-06-28,Tabuk,online,bronze,8,53.95,0.102,11.92,0.0,397.46,0
100836,2024/06/26,2024-07-09,Jeddah,online,silver,4,33.98,0.134,3.69,0.0,122.93,0
104775,2024-12-12,2024-12-15,Riyadh ,phone,bronze,8,15.55,,2.9,0.0,96.82,0
103366,2024-09-12,2024-09-19,Riyadh,online,silver,32,38.76,0.098,33.28,0.0,1109.36,0
102197,1 Apr 2025,2025-04-08,Riyadh,store,silver,36,32.93,0.219,28.16,0.0,938.74,0
101266,2025-04-28,2025-05-04,Abha,store,bronze,35,94.87,,92.88,0.0,3095.9,0
100845,07/17/2024,2024-07-18,riyadh,online,bronze,40,76.7,,69.54,455.24,2317.98,1
103943,2025/06/08,2025-06-13,Riyadh,online,bronze,34,94.7,0.148,82.06,0.0,2735.25,0
103992,16 Apr 2025,2025-04-25, Jeddah,online,silver,22,173.5,,81.54,0.0,2718.16,0
101466,30 Mar 2025,2025-04-10,Dammam,online,bronze,13,15.32,0.054,5.6,0.0,186.77,0
103967,2024/01/26,2024-02-09,JEDDAH,online,silver,19,33.96,,19.03,194.3,634.36,1
104609,05/03/2024,2024-05-12,Riyadh ,phone,silver,39,26.9,,28.68,262.08,956.08,1
104244,2024/12/15,2024-12-17,Jeddah,online,silver,12,30.98,0.082,10.08,0.0,336.15,0
104843,2024-03-25,2024-04-02,Riyadh,store,gold,20,18.55,0.178,9.13,0.0,304.27,0
100214,2024-01-25,2024-01-31,Abha,online,bronze,29,27.31,0.192,19.36,0.0,645.48,0
103807,27 Nov 2024,2024-12-01,dammam ,online,bronze,1,45.29,,0.78,0.0,25.92,0
103809,6 Feb 2024,2024-02-14,Tabuk,online,bronze,30,24.46,0.04,20.37,469.46,678.89,1
101930,2024/03/30,2024-04-02,JEDDAH,store,bronze,33,78.33,0.182,61.26,0.0,2041.89,0
103846,2024-02-03,2024-02-15, Jeddah,store,bronze,2,169.67,0.099,9.42,0.0,313.85,0
102216,12 Sep 2024,2024-09-24,Riyadh,online,bronze,39,39.89,0.178,40.43,0.0,1347.63,0
101454,29 Nov 2024,2024-12-07,Tabuk,online,bronze,9,39.28,0.057,10.16,259.15,338.52,1
101520,2024-10-20,2024-11-03,riyadh,online,gold,34,23.77,,17.84,0.0,594.81,0
101381,2025-01-28,2025-02-06, Jeddah,online,bronze,40,103.72,0.159,105.99,0.0,3533.07,0
103401,2025/03/04,2025-03-12,Riyadh,online,bronze,18,33.6,,14.02,0.0,467.43,0
103354,2025/06/19,2025-06-27,Riyadh,online,bronze,10,98.61,,20.97,0.0,699.08,0
104311,2024-08-28,2024-09-04,Jeddah,store,gold,1,34.85,,0.62,0.0,20.77,0
101789,03/25/2025,2025-04-05,Abha,online,bronze,23,141.46,0.049,90.5,0.0,3016.54,0
101008,2024/07/17,2024-07-25,Riyadh,online,silver,1,30.29,0.075,0.85,0.0,28.37,0
104768,2024-06-05,2024-06-09,Jeddah,phone,bronze,37,49.58,,53.83,190.25,1794.37,1
100795,2024-07-27,2024-07-29,Riyadh,store,bronze,13,33.99,0.189,10.73,0.0,357.8,0
100069,2024/12/19,2024-12-23,Riyadh,online,silver,8,51.1,0.068,11.24,0.0,374.57,0
103004,2025-04-23,2025-04-27,dammam ,store,gold,40,36.47,0.181,35.74,0.0,1191.21,0
103979,03/09/2024,2024-03-14,Jeddah,phone,silver,23,35.69,,19.58,0.0,652.67,0
104745,31 May 2025,2025-06-13,riyadh,store,bronze,4,48.39,0.077,5.41,0.0,180.47,0
101997,06/15/2024,2024-06-29,Riyadh,phone,gold,23,19.36,,10.03,0.0,334.2,0
101283,14 Nov 2024,2024-11-16,Jeddah,store,bronze,16,89.65,0.025,40.64,0.0,1354.74,0
104046,2025/04/23,2025-05-03,Riyadh,online,bronze,1,120.46,0.117,3.14,106.42,104.74,1
100759,12/09/2024,2024-12-17,Riyadh,store,gold,25,103.29,,56.29,0.0,1876.36,0
101312,2025/01/28,2025-02-03,Tabuk,online,bronze,37,71.67,0.146,66.27,183.69,2209.06,1
104091,2024/03/20,2024-03-21,Riyadh ,online,gold,34,55.9,0.197,43.66,0.0,1455.49,0
102041,06/28/2024,2024-07-09,riyadh,store,bronze,16,50.26,0.166,20.7,0.0,690.16,0
101232,2024-12-09,2024-12-13,Jeddah,store,gold,9,68.46,0.114,16.84,0.0,561.47,0
100374,18 May 2025,2025-05-20,riyadh,store,silver,29,18.46,0.31,11.02,0.0,367.29,0
100411,2024-12-26,2024-12-28,Dammam,online,silver,37,45.36,0.316,34.12,0.0,1137.38,0
103084,2024/03/19,2024-03-24,abha,online,bronze,18,34.83,0.247,14.46,0.0,482.07,0
100349,2025-05-31,2025-06-03,Jeddah,phone,bronze,19,70.05,,36.52,0.0,1217.45,0
100646,2024/04/24,2024-04-25,abha,online,bronze,40,112.67,0.135,114.73,0.0,3824.36,0
100356,26 Oct 2024,2024-10-30,Jeddah,online,gold,1,34.08,,0.76,0.0,25.26,0
100963,2024-10-16,2024-10-28,Riyadh,online,silver,9,26.16,0.177,5.74,0.0,191.45,0
102673,04/08/2025,2025-04-16,Jeddah,online,bronze,33,26.13,0.106,23.57,0.0,785.54,0
104026,4 Nov 2024,2024-11-13,Tabuk,store,silver,26,19.82,0.253,11.75,0.0,391.82,0
103985,2024-01-20,2024-02-02,Jeddah,store,bronze,2,60.95,0.204,2.86,0.0,95.44,0
100456,08/27/2024,2024-09-01,riyadh,store,gold,15,33.77,0.14,12.87,0.0,429.0,0
100748,25 Jun 2024,2024-06-28,JEDDAH,online,bronze,19,15.43,0.074,8.16,0.0,271.84,0
102834,2025-02-25,2025-03-02,Abha,online,silver,7,95.13,0.224,15.81,516.91,526.92,1
103030,2025-03-03,2025-03-15,Jeddah,online,silver,26,29.18,0.079,21.27,0.0,708.92,0
103955,01/27/2024,2024-02-10,Riyadh,store,bronze,38,25.79,0.124,25.93,0.0,864.23,0
100093,10/18/2024,2024-10-25,Jeddah,online,bronze,4,101.12,0.365,7.81,0.0,260.33,0
100917,1 Apr 2025,2025-04-15,Riyadh,online,gold,39,14.95,,13.39,0.0,446.45,0
104573,3 Apr 2025,2025-04-15,riyadh,online,gold,30,30.84,0.302,19.27,0.0,642.21,0
103634,10/19/2024,2024-11-01, Jeddah,online,bronze,21,33.6,0.033,20.71,0.0,690.47,0
104846,2025-06-10,2025-06-13,riyadh,store,gold,17,42.89,0.149,18.97,0.0,632.3,0
100829,2025-06-13,2025-06-14,Abha,online,bronze,17,28.23,,10.49,0.0,349.67,0
103785,2024-10-21,2024-10-31,Jeddah,online,silver,28,54.03,0.073,42.32,0.0,1410.69,0
103340,2024/10/30,2024-11-12,JEDDAH,online,bronze,31,140.8,0.11,117.22,0.0,3907.38,0
104016,02/20/2024,2024-02-24,Jeddah,online,silver,34,27.6,0.336,18.79,0.0,626.48,0
101288,2025-01-27,2025-02-06,Riyadh,online,silver,31,88.63,,51.73,0.0,1724.35,0
102527,2 Nov 2024,2024-11-04,tabuk,online,bronze,27,52.43,0.287,29.81,448.74,993.56,1
101661,07/08/2024,2024-07-15,Riyadh ,store,bronze,16,10.13,0.191,3.91,0.0,130.45,0
104151,3 Sep 2024,2024-09-10,Riyadh,store,bronze,7,40.19,0.077,7.93,0.0,264.22,0
101644,01/20/2025,2025-01-30,Riyadh,online,bronze,32,68.5,0.11,57.22,0.0,1907.41,0
100717,17 Dec 2024,2024-12-24, Jeddah,online,bronze,11,82.41,0.087,24.68,376.41,822.65,1
101439,2024-07-09,2024-07-18,Tabuk,online,bronze,2,8.58,0.059,0.5,0.0,16.55,0
103075,2024-10-08,2024-10-15,abha,online,silver,31,46.36,0.11,38.48,577.42,1282.73,1
104336,11/19/2024,2024-11-25,riyadh,online,bronze,30,20.32,0.237,13.81,0.0,460.26,0
102725,2024/04/01,2024-04-12,Riyadh ,store,silver,39,19.95,0.078,21.51,0.0,716.85,0
104314,2024/12/05,2024-12-06,Abha,store,bronze,33,65.17,0.123,57.03,1713.76,1901.14,1
101292,13 May 2024,2024-05-21,Dammam,online,bronze,31,55.49,0.131,44.45,0.0,1481.54,0
104077,04/24/2024,2024-04-25,Dammam,store,silver,39,197.08,,160.89,0.0,5363.11,0
103331,2024/01/19,2024-01-26,Tabuk,online,silver,13,26.51,,8.67,0.0,289.11,0
103185,16 Jun 2025,2025-06-30,Riyadh ,online,silver,10,39.02,,7.95,0.0,265.03,0
102466,2025-03-10,2025-03-22,Dammam,online,silver,2,96.57,0.049,5.4,0.0,180.03,0
101958,15 Jun 2025,2025-06-23,Riyadh,store,bronze,9,18.71,0.167,4.22,0.0,140.79,0
102718,2024-09-29,2024-10-02,TABUK ,store,silver,29,22.43,0.157,16.02,0.0,534.15,0
102872,01/27/2025,2025-01-31,Jeddah,store,bronze,37,19.13,0.075,19.17,0.0,639.1,0
101057,2024/10/07,2024-10-20,Tabuk,store,gold,29,105.51,0.139,77.97,0.0,2599.07,0
102686,2024/11/27,2024-11-29,DAMMAM,online,silver,5,31.05,0.103,4.22,0.0,140.54,0
102909,2025-04-01,2025-04-04,Tabuk,online,silver,25,16.13,,7.95,257.59,264.93,1
103740,06/27/2024,2024-07-06,JEDDAH,store,gold,7,41.57,0.243,6.56,0.0,218.8,0
102893,8 Aug 2024,2024-08-20,Dammam,online,bronze,4,58.66,0.152,5.97,0.0,199.04,0
102650,2024/10/02,2024-10-16,Abha,store,silver,17,51.83,0.183,21.2,0.0,706.82,0
100942,06/09/2024,2024-06-10,abha,online,bronze,22,58.45,,27.07,906.56,902.23,1
100145,3 Aug 2024,2024-08-09,Jeddah,store,bronze,38,71.46,0.106,73.82,0.0,2460.51,0
100637,2024-05-13,2024-05-22,Dammam,online,bronze,16,31.48,0.15,12.94,0.0,431.31,0
100940,2024-04-15,2024-04-18,Riyadh,store,bronze,18,44.01,0.112,21.06,0.0,701.9,0
103002,25 Feb 2025,2025-03-11,Jeddah,store,gold,27,60.04,0.381,30.38,111.57,1012.66,1
104389,2025/03/21,2025-03-26,DAMMAM,store,bronze,36,43.81,0.077,43.51,566.01,1450.4,1
102859,2024/10/26,2024-10-30,Dammam,online,bronze,15,84.4,0.172,32.15,0.0,1071.62,0
103268,2024/01/12,2024-01-26,Dammam,online,silver,10,63.14,0.183,15.49,0.0,516.25,0
100052,04/17/2025,2025-04-30,Riyadh,online,bronze,36,17.61,0.134,16.06,243.89,535.41,1
101153,11 Apr 2025,2025-04-18,Riyadh,store,gold,7,29.46,0.171,5.34,0.0,177.87,0
102920,12/30/2024,2025-01-11,Dammam,store,silver,32,84.12,0.168,68.23,0.0,2274.38,0
103671,2024-01-07,2024-01-16,Jeddah,phone,bronze,27,66.4,,50.6,0.0,1686.54,0
101434,2025-04-28,2025-05-10,Riyadh,store,bronze,19,36.25,0.032,20.28,0.0,676.11,0
100581,19 Oct 2024,2024-10-21,Jeddah,store,bronze,29,47.54,0.031,40.04,0.0,1334.55,0
102965,2025/03/11,2025-03-16,Riyadh,online,bronze,35,47.01,0.076,45.22,434.31,1507.43,1
101581,2024/10/30,2024-11-05,Tabuk,store,bronze,35,26.66,,22.82,154.48,760.77,1
103063,2024/11/19,2024-11-27,Riyadh,online,bronze,30,95.64,,78.6,0.0,2620.12,0
100427,3 Dec 2024,2024-12-14,Riyadh ,store,silver,19,14.07,0.279,5.79,0.0,192.87,0
103370,03/22/2024,2024-03-27,Jeddah,online,bronze,38,7.48,0.159,7.05,50.34,234.86,1
103850,2024-07-08,2024-07-18,Riyadh,online,bronze,30,23.1,0.23,15.76,0.0,525.43,0
100605,2024-01-09,2024-01-10,tabuk,online,gold,26,77.13,0.146,51.77,0.0,1725.51,0
103287,2024/09/01,2024-09-14,Dammam,store,bronze,28,20.51,0.222,13.04,0.0,434.5,0
103566,05/28/2024,2024-05-29,Abha,store,bronze,22,51.89,0.078,31.92,0.0,1063.88,0
102729,26 Jan 2025,2025-02-01,Jeddah,phone,silver,4,34.82,,3.34,0.0,111.45,0
104608,18 Jan 2024,2024-01-27,Riyadh,phone,silver,17,21.33,,9.14,0.0,304.57,0
102767,2025/04/26,2025-05-07,Jeddah,store,bronze,27,25.87,0.154,17.9,0.0,596.77,0
101131,2024-10-22,2024-10-24,TABUK ,online,gold,15,51.62,,16.48,0.0,549.28,0
104658,2025/01/21,2025-01-24,Riyadh,store,silver,10,74.47,0.098,21.34,0.0,711.45,0
104024,02/14/2024,2024-02-28,Tabuk,online,silver,10,8.35,0.13,2.14,0.0,71.19,0
104152,2 Nov 2024,2024-11-13, Jeddah,online,gold,14,143.99,,39.47,0.0,1315.59,0
101723,2025-03-15,2025-03-16,Dammam,online,gold,24,28.18,0.126,17.54,344.94,584.67,1
103606,2024-11-03,2024-11-10,riyadh,online,silver,26,9.99,0.064,7.32,0.0,244.15,0
102387,2024/07/26,2024-08-08,Tabuk,online,gold,24,107.35,,58.75,0.0,1958.3,0
102310,2025-02-02,2025-02-15,Tabuk,store,bronze,22,27.05,0.106,15.95,0.0,531.79,0
102551,2025/03/19,2025-03-28,JEDDAH,phone,silver,19,27.32,,10.76,0.0,358.57,0
100180,2024-04-01,2024-04-06,Dammam,store,bronze,8,49.74,0.076,10.67,0.0,355.67,0
104291,2024-11-01,2024-11-11,Riyadh,online,gold,29,10.04,0.165,7.31,0.0,243.76,0
103938,2024/03/11,2024-03-20,dammam ,online,bronze,7,22.81,0.138,4.05,0.0,134.95,0
102026,2024-01-09,2024-01-23,JEDDAH,online,bronze,16,56.27,0.222,20.69,0.0,689.58,0
103014,2024-01-31,2024-02-09,Dammam,online,silver,30,22.52,,14.55,0.0,485.04,0
100952,9 Jun 2025,2025-06-14,Riyadh,online,bronze,33,55.77,0.34,36.94,0.0,1231.24,0
102867,04/04/2025,2025-04-18,Jeddah,online,silver,7,108.19,0.229,16.93,0.0,564.42,0
101839,2025-06-01,2025-06-08,Dammam,store,silver,18,30.34,,12.07,0.0,402.39,0
101034,01/19/2024,2024-02-02,Tabuk,phone,silver,17,99.8,,43.44,999.63,1447.85,1
104826,2024-07-17,2024-07-23,Jeddah,online,gold,31,23.52,,15.39,346.24,513.06,1
102543,28 Mar 2024,2024-04-01,Riyadh,phone,silver,5,27.65,,3.57,0.0,118.99,0
100391,2025-06-10,2025-06-16,DAMMAM,online,gold,26,38.7,,19.74,0.0,658.04,0
101417,2024/04/25,2024-05-06,JEDDAH,online,gold,6,93.48,0.166,13.96,0.0,465.32,0
103485,10 Oct 2024,2024-10-23,Dammam,online,silver,18,9.62,0.127,4.48,50.41,149.17,1
104810,2024-01-03,2024-01-11,Jeddah,phone,gold,22,67.38,,33.16,0.0,1105.3,0
104042,09/28/2024,2024-09-30,dammam ,store,silver,29,56.5,0.045,45.58,0.0,1519.3,0
101256,2025/01/31,2025-02-10,Abha,store,silver,20,59.11,,19.56,0.0,651.92,0
100366,2025-02-22,2025-03-04,Jeddah,online,bronze,26,67.4,0.034,50.6,1498.14,1686.8,1
100784,2025/02/11,2025-02-19,Dammam,store,bronze,18,25.64,0.098,12.39,0.0,413.13,0
104132,2024-04-19,2024-04-20,Dammam,phone,bronze,15,27.62,,9.07,300.0,302.4,1
103921,2025-04-07,2025-04-20,Riyadh,online,bronze,37,40.27,0.217,34.46,882.59,1148.8,1
100370,2025-02-27,2025-03-04,TABUK ,online,bronze,16,13.23,0.046,5.82,0.0,194.06,0
102843,08/25/2024,2024-09-03,Jeddah,phone,bronze,33,25.73,,20.12,280.91,670.74,1
104549,04/12/2024,2024-04-26,Dammam,online,silver,10,24.41,0.22,5.7,0.0,190.15,0
104862,24 Jul 2024,2024-07-25,Tabuk,online,bronze,8,14.83,0.036,3.44,0.0,114.81,0
104395,10/01/2024,2024-10-14,Jeddah,online,gold,9,43.33,0.179,9.54,0.0,317.92,0
101624,4 Mar 2025,2025-03-17,Riyadh ,online,bronze,9,90.53,0.043,22.66,0.0,755.21,0
103662,2024/08/28,2024-08-31,Tabuk,store,bronze,4,85.42,,6.73,0.0,224.42,0
104530,2025/04/27,2025-04-28,Jeddah,online,silver,33,78.29,0.114,68.95,0.0,2298.28,0
101424,2025-01-02,2025-01-16,Jeddah,phone,bronze,34,38.75,,39.05,0.0,1301.82,0
104371,2024-07-31,2024-08-13,Riyadh,phone,bronze,20,37.45,,22.31,0.0,743.83,0
100291,06/11/2025,2025-06-17,abha,online,bronze,26,112.16,0.148,72.29,860.54,2409.64,1
100267,2024-04-30,2024-05-03,Riyadh ,phone,silver,8,67.73,,12.46,0.0,415.37,0
102128,01/01/2024,2024-01-14,Riyadh,online,silver,5,37.8,,4.09,0.0,136.3,0
104737,13 Jul 2024,2024-07-23,Dammam,phone,bronze,22,37.45,,21.46,0.0,715.46,0
101530,11 Sep 2024,2024-09-13,Riyadh,online,gold,26,89.39,0.266,50.66,590.37,1688.6,1
103532,05/06/2025,2025-05-08,Riyadh,online,silver,6,41.12,0.067,6.96,0.0,231.94,0
102526,2024-09-09,2024-09-14,Riyadh,online,silver,40,8.36,0.15,8.63,0.0,287.75,0
104328,2024-08-27,2024-09-09,Dammam,online,silver,35,12.07,0.146,10.83,0.0,361.01,0
104307,03/20/2025,2025-04-01,JEDDAH,phone,silver,33,17.29,,15.81,0.0,526.96,0
100882,25 Jun 2025,2025-07-07,DAMMAM,store,silver,28,13.63,0.171,9.6,11.3,319.94,1
101497,01/02/2025,2025-01-10,Abha,online,gold,4,12.22,0.287,1.01,0.0,33.8,0
100551,15 May 2024,2024-05-26,Jeddah,online,bronze,8,67.2,0.34,10.6,0.0,353.49,0
104429,2024/09/27,2024-10-07,Riyadh,store,gold,24,59.08,0.367,27.38,0.0,912.77,0
102682,07/24/2024,2024-08-04,Abha,store,silver,13,10.25,0.074,3.81,0.0,127.03,0
103393,25 Jun 2024,2024-06-27,tabuk,online,bronze,10,41.7,0.176,10.06,0.0,335.4,0
101868,02/03/2025,2025-02-05,Riyadh,phone,bronze,15,23.31,,8.16,0.0,272.02,0
103935,05/07/2025,2025-05-21, Jeddah,online,silver,7,50.54,0.406,6.37,120.17,212.24,1
100765,2025-06-16,2025-06-27,Tabuk,phone,silver,28,28.39,,18.88,378.45,629.47,1
103088,2024/01/30,2024-01-31,JEDDAH,store,gold,23,53.89,0.181,30.57,0.0,1019.09,0
103949,14 Apr 2025,2025-04-27,Abha,phone,bronze,4,28.7,,3.44,0.0,114.78,0
102637,2024-07-14,2024-07-21, Jeddah,online,gold,20,91.28,0.302,38.71,0.0,1290.29,0
100617,2025/06/15,2025-06-18,DAMMAM,store,silver,10,16.55,0.103,4.6,0.0,153.31,0
104123,2024/09/30,2024-10-02,Tabuk,online,silver,6,19.73,0.11,3.14,0.0,104.6,0
103911,11/03/2024,2024-11-16, Jeddah,phone,silver,12,51.43,,16.99,144.34,566.46,1
101480,09/23/2024,2024-10-01,Jeddah,online,silver,38,22.99,0.07,24.56,0.0,818.67,0
101216,2024-07-09,2024-07-17,Jeddah,online,gold,23,19.71,0.209,10.82,0.0,360.57,0
104141,27 Jan 2025,2025-02-04,Jeddah,online,silver,15,30.83,,10.29,23.0,343.11,1
101870,02/06/2024,2024-02-18,Abha,store,bronze,7,59.49,0.027,11.99,0.0,399.75,0
101432,2025/02/20,2025-02-28,dammam ,online,bronze,25,41.21,0.051,29.42,0.0,980.68,0
101370,05/18/2025,2025-05-26,Jeddah,store,silver,25,36.68,,19.06,0.0,635.24,0
101405,2024-07-11,2024-07-15,riyadh,store,silver,32,45.88,0.147,37.7,0.0,1256.51,0
100117,2024-07-16,2024-07-27,Dammam,store,bronze,6,22.05,0.086,3.62,0.0,120.75,0
104039,22 May 2024,2024-06-05, Jeddah,online,silver,15,70.18,0.195,25.66,113.04,855.31,1
102807,16 Dec 2024,2024-12-21,Riyadh,online,bronze,21,135.25,0.12,71.62,1429.01,2387.26,1
101739,2025/06/28,2025-07-02,Jeddah,online,bronze,12,19.26,0.226,5.25,29.82,174.86,1
101975,2025/05/18,2025-05-22,Riyadh,store,bronze,7,84.06,0.09,15.74,0.0,524.51,0
103552,11/04/2024,2024-11-06,Jeddah,store,bronze,28,23.51,0.236,14.97,0.0,498.95,0
102984,2024-07-02,2024-07-13,Dammam,store,silver,37,31.12,0.071,32.17,1069.52,1072.23,1
101461,05/17/2025,2025-05-26,DAMMAM,online,silver,34,28.44,0.158,24.65,0.0,821.56,0
104168,2024/11/22,2024-11-26,Jeddah,online,bronze,15,42.21,0.052,18.31,320.15,610.5,1
100972,01/19/2024,2024-01-26,Riyadh ,online,bronze,17,103.99,0.122,46.39,1368.94,1546.28,1
100683,10 Apr 2024,2024-04-22,Riyadh,phone,bronze,11,65.2,,19.78,0.0,659.35,0
100760,19 Sep 2024,2024-09-22,Jeddah,phone,bronze,12,15.82,,5.59,0.0,186.36,0
102095,7 Jul 2024,2024-07-16,Tabuk,online,bronze,8,30.19,0.217,5.83,0.0,194.2,0
104035,2025-04-21,2025-04-26,Riyadh,online,gold,7,9.1,0.23,1.45,0.0,48.24,0
101825,31 Jan 2025,2025-02-10,Dammam,phone,bronze,24,33.62,,24.2,0.0,806.68,0
104176,09/26/2024,2024-09-30, Jeddah,online,gold,38,40.75,0.287,33.55,0.0,1118.21,0
100032,03/11/2024,2024-03-25,Tabuk,online,bronze,35,58.19,,44.13,838.56,1471.16,1
101152,8 Jun 2025,2025-06-14,Abha,store,gold,3,195.22,0.277,12.69,0.0,423.06,0
101266,2025-04-28,2025-05-04,Abha,store,bronze,35,94.87,,92.88,0.0,3095.9,0
101746,2024-02-12,2024-02-19,DAMMAM,online,bronze,6,44.3,0.034,7.49,0.0,249.75,0
104258,20 Jan 2025,2025-02-02,Jeddah,online,gold,20,24.7,0.197,12.43,0.0,414.33,0
102520,2024-02-06,2024-02-08,riyadh,store,silver,32,36.25,0.208,28.47,545.2,949.04,1
100754,2024/08/18,2024-08-27,Jeddah,online,silver,27,36.43,0.241,22.52,0.0,750.73,0
104323,2024/12/18,2024-12-31,Dammam,online,silver,11,26.89,0.241,6.5,0.0,216.63,0
103235,2024/04/13,2024-04-19,Riyadh,store,bronze,6,15.14,0.027,2.58,0.0,85.9,0
103703,20 Oct 2024,2024-10-29,Jeddah,store,bronze,7,72.21,0.069,13.9,0.0,463.23,0
104160,2024/01/03,2024-01-14,Riyadh,phone,bronze,36,10.99,,10.32,161.18,343.99,1
104367,3 May 2025,2025-05-09,Jeddah,online,gold,18,5.56,,1.69,0.0,56.34,0
102421,4 Apr 2024,2024-04-13,Riyadh,online,gold,25,17.98,,11.52,0.0,384.13,0
101570,2025/01/18,2025-01-26,JEDDAH,phone,bronze,29,18.14,,12.59,88.56,419.51,1
104755,03/01/2025,2025-03-11,Tabuk,store,bronze,23,19.43,0.132,11.97,0.0,398.84,0
101451,8 Mar 2025,2025-03-19,Abha,store,bronze,29,29.51,0.042,25.64,0.0,854.66,0
102258,03/13/2025,2025-03-19,Abha,phone,gold,22,14.72,,8.29,0.0,276.29,0
101982,5 Feb 2025,2025-02-19, Jeddah,online,bronze,8,94.09,0.026,22.17,0.0,738.87,0
104373,27 Jun 2025,2025-07-04,JEDDAH,store,silver,5,25.19,0.18,3.04,0.0,101.39,0
104598,17 Nov 2024,2024-11-24,riyadh,phone,bronze,8,56.61,,13.24,0.0,441.3,0
101524,2024-11-02,2024-11-15,Dammam,online,bronze,22,100.12,0.204,51.27,239.23,1708.94,1
101122,2025/01/04,2025-01-15,Riyadh,phone,gold,29,32.48,,22.33,0.0,744.31,0
102164,03/14/2024,2024-03-16,Jeddah,store,silver,38,48.86,,30.61,0.0,1020.17,0
103093,2024/11/10,2024-11-21,Abha,online,silver,31,47.12,0.161,36.13,197.72,1204.3,1
101994,2025-03-03,2025-03-05,Riyadh,store,bronze,7,133.72,0.186,23.26,0.0,775.17,0
103191,11/20/2024,2024-11-22,Riyadh,online,silver,8,38.8,,5.98,0.0,199.24,0
103897,2025-05-08,2025-05-13,Riyadh,phone,bronze,37,22.78,,23.08,0.0,769.39,0
104430,6 Feb 2024,2024-02-20,Riyadh,store,silver,35,30.83,0.142,27.96,0.0,931.85,0
102831,12/03/2024,2024-12-17,Riyadh,store,gold,15,17.14,0.215,6.26,0.0,208.79,0
102560,20 Apr 2025,2025-05-03,Riyadh ,phone,gold,13,72.15,,22.71,0.0,757.03,0
101476,02/12/2024,2024-02-16,Jeddah,store,bronze,18,93.65,0.331,34.26,0.0,1141.86,0
102319,2024-04-19,2024-05-01,JEDDAH,online,silver,37,27.84,0.422,17.55,353.78,584.99,1
100540,2024-08-13,2024-08-19,Abha,phone,bronze,20,28.47,,14.83,0.0,494.38,0
100771,2025-01-22,2025-01-28,Riyadh ,store,gold,19,10.3,0.192,4.69,0.0,156.44,0
103464,23 Mar 2025,2025-04-04,Riyadh,online,bronze,21,31.25,,12.11,266.24,403.68,1
104116,05/28/2025,2025-06-04,Riyadh ,online,silver,30,36.17,0.207,26.9,0.0,896.73,0
101757,2025-05-29,2025-05-31,Riyadh,phone,bronze,23,8.26,,5.21,0.0,173.58,0
103616,2025-03-31,2025-04-06,Dammam,phone,bronze,32,32.94,,29.9,0.0,996.72,0
102302,2024-11-03,2024-11-16,Dammam,store,silver,28,46.51,0.112,32.84,0.0,1094.74,0
104720,15 Feb 2024,2024-02-26,Riyadh,online,silver,29,26.25,0.133,19.99,0.0,666.37,0
103058,04/29/2024,2024-05-11,Riyadh,store,silver,7,19.92,0.183,3.53,0.0,117.63,0
100546,2025-04-10,2025-04-12,Jeddah,store,bronze,38,34.91,0.109,35.31,995.57,1177.16,1
104253,06/13/2024,2024-06-24,Riyadh,store,silver,26,95.42,0.161,59.6,0.0,1986.53,0
104240,8 Nov 2024,2024-11-22,DAMMAM,online,bronze,22,138.76,0.077,85.8,0.0,2859.97,0
104179,2025-02-04,2025-02-09,Dammam,store,silver,37,7.97,0.062,8.24,0.0,274.76,0
102748,3 Mar 2024,2024-03-07,Riyadh ,online,silver,35,60.49,0.382,39.46,0.0,1315.31,0
104078,12 Apr 2024,2024-04-24,Jeddah,online,bronze,27,142.6,0.177,94.66,0.0,3155.42,0
101084,09/17/2024,2024-09-24,Abha,store,silver,2,52.91,0.106,2.81,0.0,93.51,0
103628,06/27/2024,2024-07-08,Dammam,store,bronze,38,9.58,0.197,8.77,0.0,292.21,0
102776,07/15/2024,2024-07-20,JEDDAH,phone,bronze,35,38.85,,34.64,0.0,1154.61,0
102013,04/01/2025,2025-04-05,Riyadh,online,silver,14,89.88,0.163,31.72,0.0,1057.39,0
104835,2 Feb 2024,2024-02-04,Riyadh,online,bronze,38,25.67,0.052,27.41,0.0,913.58,0
104738,10/03/2024,2024-10-17,Riyadh,online,gold,19,52.87,,24.46,0.0,815.4,0
103387,16 Dec 2024,2024-12-29, Jeddah,phone,silver,2,71.16,,3.7,0.0,123.41,0
103048,01/10/2025,2025-01-19,Dammam,phone,bronze,7,31.17,,5.63,186.89,187.63,1
100347,2025-04-26,2025-05-05,Tabuk,online,gold,13,17.92,0.159,5.8,0.0,193.38,0
102076,3 Mar 2024,2024-03-15,Jeddah,phone,bronze,30,7.51,,6.58,0.0,219.32,0
102183,2024/02/05,2024-02-14,Abha,online,silver,17,7.63,0.082,3.68,0.0,122.55,0
101787,2024/03/06,2024-03-19,riyadh,store,bronze,6,22.21,0.096,3.65,0.0,121.74,0
101805,27 Jan 2025,2025-01-28,Dammam,online,bronze,12,30.49,0.083,9.75,0.0,324.88,0
101428,2024-02-23,2024-02-29,riyadh,online,silver,25,31.58,0.137,20.03,0.0,667.65,0
103295,01/21/2025,2025-02-04,Jeddah,online,bronze,7,17.22,,2.19,0.0,73.1,0
102525,2024-02-05,2024-02-14,Tabuk,store,silver,5,30.18,0.291,3.19,0.0,106.2,0
103043,12/20/2024,2024-12-23,dammam ,online,bronze,25,38.72,0.1,26.42,0.0,880.59,0
100492,14 Jan 2024,2024-01-19,DAMMAM,phone,bronze,36,205.63,,222.0,0.0,7400.13,0
104725,02/03/2024,2024-02-13,Riyadh,online,bronze,1,31.51,0.048,0.92,0.0,30.52,0
103855,30 Aug 2024,2024-09-07,dammam ,phone,bronze,5,7.88,,1.0,6.8,33.43,1
100343,22 May 2025,2025-05-25,Abha,phone,gold,32,44.25,,31.04,0.0,1034.69,0
102492,2024-12-10,2024-12-23,JEDDAH,online,bronze,40,33.66,0.182,33.9,495.82,1129.95,1
102100,2025/03/17,2025-03-23,riyadh,online,silver,38,26.04,0.144,25.46,512.75,848.81,1
100136,25 Dec 2024,2025-01-06,Riyadh,store,bronze,10,27.79,0.054,7.86,0.0,261.96,0
100959,01/04/2025,2025-01-11,Jeddah,online,silver,2,20.45,0.228,0.94,8.1,31.37,0
104338,2025-01-20,2025-01-26,Riyadh ,online,gold,38,98.98,0.151,93.87,0.0,3129.09,0
104252,01/29/2024,2024-02-03,riyadh,online,silver,20,37.21,0.101,20.08,0.0,669.48,0
102528,03/09/2025,2025-03-11,Tabuk,store,bronze,19,17.2,,7.9,0.0,263.31,0
103702,02/09/2024,2024-02-20,Riyadh,online,silver,23,49.51,,23.82,0.0,793.97,0
102474,06/07/2025,2025-06-14,Jeddah,online,silver,36,24.2,,20.11,0.0,670.18,0
101687,2024-02-07,2024-02-15,Jeddah,store,silver,37,29.42,,21.76,0.0,725.23,0
100612,2024/03/09,2024-03-11,Dammam,online,bronze,24,40.96,0.054,28.22,735.95,940.58,1
100275,2024-03-29,2024-04-10,Dammam,phone,bronze,27,29.28,,21.24,0.0,707.86,0
101377,16 Jan 2024,2024-01-20,Dammam,phone,bronze,26,133.38,,85.44,0.0,2847.99,0
101599,03/13/2024,2024-03-20,Abha,online,bronze,9,48.58,0.186,10.64,0.0,354.79,0
101369,04/09/2024,2024-04-23,Riyadh,online,silver,24,39.99,0.087,26.43,0.0,881.07,0
104445,2024-11-12,2024-11-19,Riyadh,phone,silver,38,37.42,,33.29,0.0,1109.7,0
103707,2024-05-28,2024-06-03,Riyadh,online,silver,23,78.03,0.174,46.72,0.0,1557.35,0
100031,02/01/2025,2025-02-12,Dammam,online,bronze,36,97.88,0.079,100.0,1712.95,3333.36,1
102267,2024/01/29,2024-02-02,Dammam,phone,bronze,31,59.68,,50.13,521.35,1671.12,1
104805,09/09/2024,2024-09-13,Abha,store,bronze,39,97.82,0.047,108.02,0.0,3600.79,0
102569,2024/02/09,2024-02-14,Dammam,online,gold,3,111.66,0.216,8.11,0.0,270.23,0
101145,2025/05/18,2025-05-28,JEDDAH,online,bronze,16,92.91,0.38,27.27,0.0,909.05,0
101496,2024/05/28,2024-06-03,Dammam,online,silver,32,93.07,0.313,60.48,0.0,2016.15,0
103054,2025/02/24,2025-02-27,Abha,online,silver,18,47.98,0.238,19.62,0.0,654.1,0
100876,2024-10-08,2024-10-20,Tabuk,online,bronze,9,27.42,0.085,6.94,25.08,231.22,1
102507,2025-01-27,2025-02-04,Tabuk,online,silver,22,35.61,0.141,19.84,0.0,661.22,0
100358,18 Dec 2024,2024-12-26,Abha,online,bronze,3,6.38,0.064,0.54,0.0,18.06,0
103253,2025-02-02,2025-02-07,riyadh,phone,gold,32,9.31,,5.71,0.0,190.37,0
100869,2024/08/27,2024-09-09,Riyadh ,phone,bronze,19,28.57,,13.16,0.0,438.63,0
103641,2024-04-13,2024-04-14,Riyadh,online,bronze,39,15.82,0.156,15.34,0.0,511.43,0
103368,9 Jun 2025,2025-06-20,Dammam,store,bronze,22,114.15,0.207,60.37,90.54,2012.39,1
101009,2024-03-09,2024-03-22,dammam ,store,silver,11,12.58,0.18,3.34,0.0,111.49,0
102790,2025-02-16,2025-02-17,Jeddah,online,bronze,16,15.83,0.061,7.25,0.0,241.58,0
103469,05/03/2025,2025-05-17,Riyadh,online,silver,12,29.18,0.172,8.63,0.0,287.53,0
104822,10/30/2024,2024-11-03,Riyadh,online,silver,16,17.67,0.093,7.73,0.0,257.59,0
100352,2025-05-29,2025-06-10,Riyadh ,online,bronze,12,26.52,0.06,8.86,0.0,295.41,0
100485,01/17/2024,2024-01-23,Riyadh ,online,bronze,34,57.79,0.316,40.47,0.0,1349.02,0
104642,02/10/2025,2025-02-19,Riyadh,online,bronze,30,23.21,0.135,18.51,0.0,617.05,0
102288,2024/08/07,2024-08-20,Dammam,online,bronze,10,21.76,0.025,6.57,0.0,219.16,0
100172,2024/06/29,2024-07-04,Jeddah,store,bronze,23,30.72,0.174,17.23,0.0,574.19,0
102294,2025-03-09,2025-03-10,Riyadh,online,silver,40,58.56,0.267,51.35,171.6,1711.62,1
101226,2025/04/15,2025-04-25,tabuk,online,bronze,34,21.99,0.052,20.86,0.0,695.21,0
102049,02/01/2025,2025-02-14,Riyadh,online,silver,22,14.7,0.208,7.81,0.0,260.48,0
103197,13 Sep 2024,2024-09-22,Jeddah,online,bronze,38,26.67,0.21,24.04,63.22,801.5,1
104434,2024-11-16,2024-11-21,Jeddah,phone,gold,2,19.6,,0.69,0.0,22.98,0
101385,2024-09-17,2024-09-24,Tabuk,online,gold,33,44.07,0.187,35.01,71.63,1166.97,1
103706,2024-09-02,2024-09-07,Riyadh,online,bronze,33,27.81,0.13,24.23,483.75,807.67,1
101556,02/09/2024,2024-02-10,Dammam,online,silver,38,108.07,0.183,99.31,617.81,3310.3,1
101343,2024/02/15,2024-02-25,Jeddah,store,silver,31,24.09,0.112,20.28,0.0,675.98,0
100677,09/27/2024,2024-10-05,Tabuk,online,silver,29,50.8,0.074,39.61,1223.24,1320.31,1
100489,2024/04/02,2024-04-03,JEDDAH,online,bronze,31,29.27,,21.84,0.0,728.0,0
104564,14 Jan 2024,2024-01-27,Abha,online,silver,30,16.53,0.179,12.29,0.0,409.55,0
101386,23 Mar 2024,2024-03-28,riyadh,store,gold,2,31.95,0.223,1.44,0.0,48.15,0
100007,03/23/2024,2024-03-24,Dammam,online,bronze,18,38.33,0.026,20.73,0.0,691.01,0
103143,2024/03/24,2024-04-07,tabuk,store,bronze,33,15.33,0.274,10.69,0.0,356.22,0
100344,2024/12/08,2024-12-20,Jeddah,store,silver,38,48.19,0.114,47.3,0.0,1576.75,0
102242,2024/12/13,2024-12-25,Riyadh,online,bronze,34,28.67,,27.44,0.0,914.78,0
101064,16 Oct 2024,2024-10-23,dammam ,online,silver,26,28.4,0.159,18.96,620.86,631.86,1
102956,10 Feb 2024,2024-02-12,Riyadh,online,bronze,32,63.66,0.03,60.55,1111.19,2018.49,1
102903,28 Apr 2024,2024-05-07,Riyadh,store,bronze,5,26.4,0.175,3.26,21.79,108.64,1
103231,26 Dec 2024,2024-12-28,Jeddah,online,gold,33,50.22,,29.31,0.0,977.01,0
102619,2025/05/09,2025-05-15,Abha,store,bronze,32,43.38,0.181,34.63,0.0,1154.42,0
101987,2025/03/04,2025-03-09,Riyadh,online,bronze,36,28.17,,19.79,0.0,659.65,0
101677,2024/12/04,2024-12-13,DAMMAM,online,silver,5,27.37,0.114,3.59,0.0,119.78,0
100259,02/27/2024,2024-02-28,Riyadh,online,bronze,39,23.41,0.161,22.71,0.0,757.05,0
104148,2024-02-07,2024-02-08,dammam ,online,bronze,21,70.08,0.052,42.89,996.71,1429.77,1
100932,2025-02-27,2025-03-10,Jeddah,online,gold,18,43.88,,15.75,0.0,524.94,0
104368,7 Mar 2024,2024-03-14,Jeddah,store,silver,21,23.13,0.203,12.0,0.0,400.0,0
103103,2024-08-17,2024-08-27,tabuk,online,bronze,16,28.97,0.232,10.54,0.0,351.32,0
104673,2024/05/11,2024-05-15,Riyadh,store,silver,13,113.67,,36.85,0.0,1228.27,0
100934,2025-02-04,2025-02-11,dammam ,online,silver,32,13.6,0.353,8.43,175.93,281.06,1
103313,4 Aug 2024,2024-08-11,Jeddah,store,bronze,11,33.8,0.034,10.99,0.0,366.47,0
102165,2024-03-08,2024-03-16,abha,online,bronze,37,75.22,0.03,79.17,0.0,2639.12,0
104007,2024-10-31,2024-11-03,Jeddah,store,bronze,33,59.52,0.145,52.08,0.0,1735.94,0
104667,04/26/2025,2025-05-04,Abha,online,bronze,23,88.4,0.229,47.59,681.33,1586.35,1
102304,01/11/2025,2025-01-23,Jeddah,store,gold,1,43.84,0.45,0.73,0.0,24.47,0
101282,2024-04-25,2024-04-30,Jeddah,online,silver,15,72.83,0.167,27.03,0.0,900.96,0
101329,5 Oct 2024,2024-10-19,Riyadh,phone,bronze,11,36.29,,11.43,0.0,380.87,0
103966,01/23/2025,2025-02-04,Riyadh,phone,bronze,28,44.31,,34.76,0.0,1158.68,0
101724,11/21/2024,2024-11-22,Jeddah,store,bronze,30,51.16,0.17,39.6,0.0,1320.04,0
100669,2024-07-27,2024-08-08,Riyadh,online,silver,26,24.16,0.223,15.01,319.26,500.25,1
103654,2025/04/17,2025-04-20,Riyadh ,online,bronze,25,83.8,0.122,55.05,1472.09,1834.91,1
100865,08/10/2024,2024-08-21,Riyadh,online,bronze,5,58.93,0.078,8.21,0.0,273.53,0
102379,2024/08/01,2024-08-03,riyadh,store,silver,15,104.95,,34.56,0.0,1152.11,0
102710,2024-02-11,2024-02-21,Dammam,online,bronze,23,30.05,,15.25,225.0,508.37,1
102647,9 Jul 2024,2024-07-22,dammam ,online,silver,3,40.21,0.183,3.01,0.0,100.43,0
101860,2024-06-15,2024-06-16,Riyadh,online,bronze,15,14.57,0.022,6.39,0.0,212.93,0
102111,2024-10-26,2024-11-05,Jeddah,online,bronze,20,123.56,,54.3,0.0,1810.08,0
102989,2024/03/12,2024-03-26,Riyadh,online,gold,21,25.45,0.247,11.98,0.0,399.31,0
102307,14 May 2025,2025-05-24,Jeddah,online,gold,35,20.34,0.228,16.72,31.39,557.5,1
102848,2025/03/25,2025-03-27,Riyadh,phone,bronze,31,38.72,,28.29,0.0,942.96,0
102640,18 May 2025,2025-05-20,Riyadh,store,bronze,39,22.24,0.106,23.38,0.0,779.18,0
102067,2025-01-05,2025-01-16,JEDDAH,online,bronze,9,139.14,0.169,32.77,0.0,1092.21,0
102048,2 Jan 2024,2024-01-06, Jeddah,online,bronze,32,35.32,0.119,30.25,0.0,1008.24,0
104409,2024/10/31,2024-11-05,Abha,online,bronze,16,46.12,0.028,22.44,0.0,747.9,0
101245,06/17/2025,2025-06-25,Jeddah,store,silver,34,45.01,0.246,35.02,0.0,1167.2,0
103447,06/15/2024,2024-06-24,Dammam,online,bronze,17,50.14,0.153,22.43,636.94,747.51,1
103211,2024/10/26,2024-11-06,Jeddah,online,bronze,2,109.02,0.093,5.87,0.0,195.66,0
103047,17 Nov 2024,2024-11-29,Jeddah,phone,bronze,20,48.67,,29.5,0.0,983.26,0
100311,2024/07/06,2024-07-13,Jeddah,online,silver,25,75.96,0.185,46.11,0.0,1536.87,0
101763,07/15/2024,2024-07-24,Riyadh,phone,silver,8,57.27,,12.36,0.0,411.91,0
100149,2024/10/12,2024-10-14,Jeddah,online,bronze,37,29.61,0.122,28.81,0.0,960.33,0
104156,12 Dec 2024,2024-12-26,Riyadh,store,gold,17,76.43,,27.92,55.15,930.61,1
102270,2025-06-19,2025-06-29,Abha,online,silver,21,81.27,0.221,39.39,0.0,1312.94,0
102434,04/16/2025,2025-04-29,Riyadh,online,bronze,28,44.3,0.057,34.83,0.0,1161.05,0
104422,2024/06/07,2024-06-09,Riyadh,store,silver,22,57.4,0.111,33.37,0.0,1112.3,0
101657,2024-07-26,2024-08-07,Riyadh,store,bronze,10,27.9,0.212,6.58,0.0,219.21,0
104062,2024-08-31,2024-09-07,Dammam,phone,silver,5,38.98,,4.56,0.0,151.87,0
101637,08/01/2024,2024-08-10,JEDDAH,store,bronze,39,16.86,0.131,16.54,0.0,551.44,0
103442,2024/11/18,2024-11-24,Riyadh,online,silver,3,45.73,,2.78,62.34,92.81,1
102707,2024/07/20,2024-08-03,Tabuk,online,silver,28,17.16,0.25,10.75,0.0,358.38,0
101236,2024/06/15,2024-06-20,riyadh,store,silver,3,13.5,0.289,0.89,0.0,29.57,0
103150,2024-01-08,2024-01-22,Riyadh,online,bronze,23,44.42,0.205,24.76,247.09,825.43,1
104442,11/06/2024,2024-11-15,Riyadh,phone,bronze,18,120.39,,44.17,0.0,1472.44,0
104085,4 Jan 2025,2025-01-10,Jeddah,store,bronze,22,37.57,0.185,20.52,0.0,684.07,0
101608,2024/03/11,2024-03-19,Riyadh,store,bronze,18,47.49,0.164,20.95,0.0,698.24,0
101924,2024/11/15,2024-11-20,Jeddah,phone,silver,13,10.9,,3.86,0.0,128.8,0
103653,06/10/2024,2024-06-17,Riyadh,store,gold,39,42.33,0.24,38.31,0.0,1277.05,0
103747,2025-01-24,2025-02-02,Riyadh,online,gold,19,63.6,0.163,29.58,0.0,986.09,0
103901,16 Jun 2025,2025-06-23,Riyadh,store,silver,30,53.41,0.121,42.57,0.0,1418.85,0
103909,2025/06/08,2025-06-17,Jeddah,store,bronze,38,24.87,0.083,26.3,0.0,876.69,0
104154,2024/04/26,2024-05-02, Jeddah,online,gold,27,33.76,0.215,21.29,132.46,709.64,1
100792,13 Jan 2024,2024-01-25, Jeddah,online,silver,33,124.13,,87.64,0.0,2921.29,0
103323,2024/01/21,2024-01-29,Dammam,online,bronze,10,28.51,0.203,7.04,0.0,234.77,0
103666,05/15/2024,2024-05-21,Jeddah,online,silver,25,13.3,,6.7,0.0,223.37,0
104664,17 Jan 2025,2025-01-24,Riyadh,phone,gold,29,15.95,,11.34,0.0,378.04,0
100134,2024/07/26,2024-08-07,JEDDAH,phone,bronze,6,22.58,,3.66,0.0,121.96,0
104620,04/02/2025,2025-04-03,Jeddah,online,bronze,19,78.99,0.189,35.77,0.0,1192.29,0
101940,2024-08-05,2024-08-16,Riyadh ,store,bronze,24,57.06,,30.43,617.51,1014.47,1
104378,2024-10-09,2024-10-13,Riyadh ,phone,bronze,8,26.22,,4.93,59.16,164.24,1
104286,2024-02-07,2024-02-21,Riyadh,online,bronze,24,17.67,0.173,10.52,175.28,350.79,1
100205,2025-01-05,2025-01-16,Riyadh ,online,bronze,27,22.74,0.226,14.34,0.0,477.95,0
100297,09/03/2024,2024-09-17,Tabuk,online,silver,27,43.76,,29.39,0.0,979.51,0
100777,14 May 2025,2025-05-24,DAMMAM,store,bronze,37,13.19,0.158,12.14,0.0,404.67,0
100630,2025/05/26,2025-06-08,Abha,online,bronze,33,37.8,0.237,27.74,0.0,924.82,0
101063,17 Oct 2024,2024-10-18,Riyadh,online,bronze,36,76.68,0.181,66.57,251.29,2219.02,1
104149,2024/12/19,2024-12-24,Jeddah,online,gold,19,116.5,0.17,55.6,1547.96,1853.48,1
100124,2024-06-16,2024-06-27,Jeddah,online,bronze,17,53.03,0.148,22.91,0.0,763.6,0
102761,2024/07/12,2024-07-21,Dammam,online,silver,4,15.62,,1.28,0.0,42.59,0
103218,2024/11/25,2024-12-04,Riyadh,online,silver,18,17.81,0.107,9.07,0.0,302.33,0
104326,9 May 2024,2024-05-22,JEDDAH,online,gold,20,76.34,0.139,39.56,656.99,1318.74,1
104170,02/27/2025,2025-03-09,Jeddah,store,silver,18,16.68,0.099,7.93,0.0,264.46,0
103545,02/16/2024,2024-02-26,Riyadh,store,silver,10,36.11,0.202,8.57,0.0,285.78,0
100212,2024-02-20,2024-03-02,JEDDAH,online,silver,3,44.45,0.074,3.65,0.0,121.62,0
103892,2024/08/17,2024-08-30,DAMMAM,online,gold,8,27.34,,5.08,0.0,169.34,0
101089,08/14/2024,2024-08-20,Jeddah,store,gold,28,30.18,0.374,16.11,0.0,536.99,0
100337,2025-02-15,2025-02-27,Riyadh,online,bronze,34,19.65,0.171,16.28,0.0,542.67,0
102498,2024-02-26,2024-03-07,Riyadh ,online,bronze,4,37.61,0.178,3.69,92.77,123.08,1
101207,20 Mar 2024,2024-04-01,Dammam,online,bronze,9,17.67,0.083,4.4,0.0,146.78,0
104803,2025/05/14,2025-05-28,Riyadh ,phone,bronze,2,84.1,,4.63,0.0,154.44,0
104138,03/25/2024,2024-03-28,Abha,online,bronze,35,22.2,0.384,14.48,0.0,482.8,0
100665,06/15/2024,2024-06-27,Jeddah,store,bronze,7,38.81,0.222,6.25,0.0,208.35,0
100319,2025-06-08,2025-06-22,riyadh,store,gold,7,29.97,0.206,4.92,0.0,164.16,0
104754,2024-06-28,2024-07-06,Jeddah,store,bronze,9,15.85,0.101,3.87,0.0,129.11,0
103314,2025-04-28,2025-05-09,DAMMAM,online,bronze,6,27.51,0.208,3.82,0.0,127.5,0
103642,2024/09/29,2024-10-08,Riyadh,online,bronze,34,32.83,0.245,25.77,0.0,858.87,0
103837,5 May 2025,2025-05-18,Dammam,online,gold,9,32.74,0.176,7.52,53.96,250.73,1
100206,2024/07/13,2024-07-21,Riyadh,online,bronze,33,35.17,0.356,22.21,0.0,740.4,0
104651,04/18/2025,2025-04-23,Abha,online,bronze,10,23.03,0.098,6.15,0.0,204.84,0
103832,2024-08-15,2024-08-28,Dammam,store,silver,34,44.2,0.18,36.0,0.0,1199.86,0
102747,2025/05/31,2025-06-14,Riyadh ,store,silver,40,34.64,0.164,34.5,0.0,1150.14,0
101954,2024/04/25,2024-04-29,tabuk,online,bronze,36,28.41,0.139,26.27,684.52,875.66,1
103224,17 Mar 2025,2025-03-25,dammam ,store,silver,18,15.84,0.051,7.71,0.0,257.07,0
103052,2025-05-23,2025-05-29,Riyadh,store,bronze,32,43.39,0.119,37.04,688.38,1234.59,1
101638,06/05/2024,2024-06-13,Tabuk,store,gold,24,111.06,,69.3,0.0,2309.97,0
102582,2025-03-25,2025-04-07,Abha,phone,bronze,28,63.19,,42.26,0.0,1408.55,0
103108,2024-12-14,2024-12-17,DAMMAM,store,silver,33,19.06,0.058,17.69,0.0,589.54,0
102093,11 Mar 2024,2024-03-19,Jeddah,online,silver,38,23.63,0.156,22.93,0.0,764.48,0
101886,10 Apr 2025,2025-04-23,Riyadh,online,silver,29,12.03,0.201,8.14,0.0,271.5,0
101696,2025/01/25,2025-02-01,Jeddah,online,bronze,3,32.22,0.18,2.39,0.0,79.69,0
101851,2024/12/04,2024-12-17,riyadh,online,bronze,20,36.44,0.187,17.55,0.0,585.07,0
103414,02/22/2025,2025-03-07,Riyadh,online,bronze,21,65.21,0.149,33.41,0.0,1113.69,0
103857,2025/05/23,2025-05-25,Abha,online,bronze,32,41.81,,27.89,775.02,929.8,1
102106,2024/08/09,2024-08-18,Dammam,store,silver,20,24.59,0.234,11.47,0.0,382.33,0
101593,15 Sep 2024,2024-09-21,tabuk,online,bronze,38,69.88,0.083,71.87,0.0,2395.82,0
100706,2024-12-01,2024-12-10, Jeddah,phone,gold,32,92.29,,76.18,875.19,2539.46,1
104529,06/18/2024,2024-06-24,riyadh,online,silver,8,8.85,,1.2,0.0,40.03,0
102058,2024-12-05,2024-12-13,Jeddah,online,bronze,28,34.33,0.203,23.15,0.0,771.73,0
103798,30 Jan 2025,2025-02-10,Dammam,phone,gold,17,24.04,,10.28,0.0,342.72,0
104679,2024-09-19,2024-09-28,Riyadh,online,silver,4,72.49,0.172,7.23,0.0,240.97,0
102161,2024-12-05,2024-12-17,Jeddah,store,bronze,8,84.0,,14.34,0.0,478.06,0
101756,2024/09/22,2024-10-05,Jeddah,online,bronze,39,76.57,0.099,77.26,1449.31,2575.3,1
103337,2024-03-12,2024-03-15, Jeddah,online,silver,5,26.24,0.203,3.18,104.63,106.12,1
103347,4 Oct 2024,2024-10-18,Abha,phone,bronze,22,64.55,,38.65,1015.45,1288.17,1
102840,2024/08/26,2024-09-03,Riyadh,online,silver,11,20.65,0.24,5.08,78.46,169.23,1
101018,2024-01-02,2024-01-03,abha,online,silver,28,151.97,0.13,110.96,1983.8,3698.53,1
103133,2025/06/13,2025-06-23,Riyadh,online,silver,38,41.73,0.188,38.36,101.69,1278.64,1
100393,2024/02/14,2024-02-25,JEDDAH,online,bronze,27,13.29,0.186,8.82,0.0,293.94,0
103226,12/10/2024,2024-12-19,Abha,store,silver,13,36.77,,10.35,0.0,344.87,0
100281,2024-08-30,2024-09-12,Riyadh ,online,bronze,4,129.87,0.061,15.17,0.0,505.83,0
101366,2024/10/15,2024-10-28,Jeddah,online,gold,37,27.09,,21.96,0.0,732.12,0
103501,16 May 2024,2024-05-17,Jeddah,online,silver,14,36.68,0.078,14.46,0.0,482.14,0
104021,2025/01/18,2025-01-24,Riyadh,online,silver,2,23.57,,1.05,0.0,35.14,0
102050,30 Jan 2025,2025-02-01,Riyadh ,store,silver,5,69.08,0.181,8.39,0.0,279.78,0
101928,05/04/2024,2024-05-07,DAMMAM,online,silver,16,10.1,0.124,4.25,0.0,141.57,0
103365,03/31/2024,2024-04-04,Riyadh ,phone,gold,14,78.4,,23.97,0.0,798.9,0
103956,2024-02-05,2024-02-10,Jeddah,online,bronze,14,48.76,0.078,19.87,0.0,662.31,0
100240,20 May 2025,2025-06-01,Riyadh,online,silver,28,32.19,0.2,21.67,0.0,722.32,0
100475,20 Nov 2024,2024-11-28,Riyadh ,store,bronze,11,24.93,0.137,6.87,0.0,228.91,0
103735,2025-04-10,2025-04-23,Riyadh,store,bronze,20,17.99,0.097,9.75,0.0,324.95,0
100401,17 Oct 2024,2024-10-25,Riyadh ,online,bronze,40,18.39,0.106,19.37,0.0,645.57,0
100192,2024/08/28,2024-09-07,Riyadh,phone,silver,12,20.04,,6.29,0.0,209.74,0
104724,2024-10-08,2024-10-13,Dammam,online,bronze,14,60.17,0.101,23.0,216.49,766.65,1
101673,2025/06/20,2025-06-25,dammam ,store,gold,38,90.38,0.255,77.83,2492.65,2594.37,1
100270,11 Mar 2025,2025-03-14,Riyadh,store,silver,21,40.32,0.188,20.75,360.35,691.77,1
102072,20 May 2024,2024-05-24, Jeddah,online,bronze,26,20.43,0.175,13.28,0.0,442.5,0
101346,2025/01/10,2025-01-22,Dammam,online,bronze,27,87.46,0.066,64.53,81.67,2151.11,1
103590,2024-02-24,2024-03-04,Riyadh,store,silver,34,19.57,,14.38,0.0,479.47,0
101291,01/14/2024,2024-01-17, Jeddah,online,silver,14,22.41,,6.71,0.0,223.58,0
100415,10 Oct 2024,2024-10-21,riyadh,online,gold,15,12.53,0.395,3.43,0.0,114.47,0
101752,2024/03/22,2024-03-25,Riyadh,phone,gold,40,21.84,,17.45,0.0,581.8,0
102740,2024-01-11,2024-01-25,JEDDAH,online,bronze,27,35.87,,20.0,442.33,666.81,1
104684,2025/06/14,2025-06-27,Dammam,online,bronze,35,58.51,0.275,45.06,169.57,1501.98,1
100933,2025-04-12,2025-04-17,Jeddah,online,bronze,18,32.49,0.172,14.8,430.57,493.37,1
102461,01/15/2025,2025-01-17,Abha,store,bronze,39,48.41,0.239,42.26,257.84,1408.78,1
103139,2025/01/25,2025-02-04,Dammam,store,bronze,38,57.88,0.125,57.71,253.12,1923.68,1
100109,05/18/2025,2025-05-25,Riyadh ,online,gold,40,27.1,,20.72,0.0,690.66,0
100628,2024-07-10,2024-07-16,Riyadh,store,bronze,13,35.7,0.073,12.89,0.0,429.78,0
104623,08/29/2024,2024-09-09,Dammam,store,silver,2,28.52,,1.19,0.0,39.76,0
103315,2024-09-29,2024-10-03,Riyadh ,online,gold,11,47.85,0.142,13.47,0.0,448.98,0
100523,2025/05/26,2025-05-30,Riyadh,online,silver,18,47.33,0.05,24.22,0.0,807.46,0
102190,2025-02-15,2025-02-25,TABUK ,online,silver,14,17.05,,4.11,0.0,136.87,0
100190,2 Oct 2024,2024-10-16,Riyadh,online,gold,13,91.78,0.211,28.35,0.0,945.13,0
100213,2024/10/31,2024-11-06,Riyadh,phone,silver,4,25.92,,2.81,0.0,93.56,0
101601,28 Oct 2024,2024-10-30,TABUK ,store,silver,35,60.67,0.096,55.92,0.0,1864.04,0
100208,2024/07/17,2024-07-30,Dammam,store,bronze,5,117.32,0.072,16.12,0.0,537.33,0
100303,17 Mar 2024,2024-03-18,Jeddah,store,silver,39,30.03,0.073,33.53,0.0,1117.69,0
101551,2024/03/02,2024-03-10,Riyadh,online,bronze,3,18.13,0.088,1.54,0.0,51.31,0
101419,4 Jan 2025,2025-01-13,Tabuk,phone,silver,9,210.81,,50.97,0.0,1699.14,0
103362,05/17/2024,2024-05-30, Jeddah,online,silver,5,52.18,0.075,7.25,0.0,241.62,0
102337,29 Oct 2024,2024-11-12,Abha,online,bronze,6,44.44,0.09,7.27,0.0,242.46,0
103506,6 Jan 2025,2025-01-09,Jeddah,online,bronze,34,39.05,,27.94,0.0,931.24,0
102182,2024/06/08,2024-06-22,Tabuk,online,gold,25,46.16,0.204,27.91,0.0,930.31,0
101692,06/18/2024,2024-06-29,Tabuk,phone,silver,34,52.32,,47.72,0.0,1590.52,0
100815,2024-11-23,2024-11-27,riyadh,store,bronze,18,70.18,0.103,34.16,0.0,1138.65,0
103102,18 Mar 2025,2025-03-22,Riyadh ,phone,silver,36,14.63,,14.15,0.0,471.65,0
103060,2024-09-14,2024-09-20,Riyadh,online,bronze,8,71.53,0.099,15.85,0.0,528.18,0
104224,03/30/2025,2025-04-09,riyadh,store,gold,6,105.29,,11.55,0.0,385.0,0
100642,2024/04/02,2024-04-15,Abha,online,bronze,11,86.33,,20.28,184.49,676.03,1
102189,27 Jan 2024,2024-02-02,Riyadh,online,silver,21,82.79,0.3,36.28,0.0,1209.45,0
101515,2024-09-18,2024-10-02,Tabuk,online,bronze,8,47.07,0.13,10.05,0.0,335.11,0
101926,2024-09-30,2024-10-01,riyadh,store,silver,4,40.78,0.085,4.57,0.0,152.24,0
100998,2024/10/02,2024-10-08,Riyadh,online,bronze,29,19.26,0.023,16.62,0.0,553.97,0
101218,29 Apr 2024,2024-05-06,Jeddah,online,bronze,2,23.27,,1.03,0.0,34.35,0
101660,2024-11-02,2024-11-16,riyadh,phone,bronze,3,21.75,,1.73,0.0,57.82,0
100868,28 Aug 2024,2024-08-29,abha,online,silver,40,24.92,0.128,26.68,0.0,889.36,0
100030,21 Nov 2024,2024-11-27,Dammam,phone,bronze,38,12.99,,13.8,0.0,459.84,0
103842,03/18/2025,2025-03-27,Dammam,online,bronze,2,20.39,0.033,1.23,0.0,41.0,0
104369,09/22/2024,2024-09-28,Riyadh,phone,bronze,34,39.32,,37.3,0.0,1243.32,0
103942,02/04/2025,2025-02-13,Riyadh,online,silver,7,38.75,,6.37,0.0,212.41,0
102424,06/23/2025,2025-07-05,Riyadh,store,silver,12,64.14,0.277,16.9,0.0,563.38,0
100750,19 Apr 2024,2024-04-24,Abha,store,bronze,29,51.82,0.129,39.3,0.0,1310.12,0
100438,01/14/2025,2025-01-22, Jeddah,store,silver,14,10.71,,4.23,0.0,140.88,0
100248,2024-04-06,2024-04-19,Jeddah,phone,silver,7,24.89,,5.02,0.0,167.31,0
104804,20 Feb 2024,2024-02-22,Jeddah,store,silver,11,154.79,,36.71,0.0,1223.61,0
101751,2025-04-10,2025-04-21,Dammam,online,silver,25,75.48,0.063,52.62,353.73,1754.15,1
101319,2024/02/09,2024-02-11,Dammam,online,bronze,14,22.31,0.107,8.36,159.4,278.5,1
101037,2025/06/27,2025-06-29,JEDDAH,online,silver,39,27.09,0.086,27.99,0.0,932.99,0
101141,27 Jan 2025,2025-01-29, Jeddah,online,bronze,10,63.26,0.212,14.73,0.0,491.15,0
102717,2024/04/18,2024-04-19,Jeddah,store,silver,11,104.73,0.17,27.92,0.0,930.7,0
102415,30 Jan 2024,2024-02-11,Jeddah,phone,bronze,31,54.59,,46.6,0.0,1553.22,0
104022,2025-02-09,2025-02-14,Riyadh ,phone,bronze,40,22.81,,22.49,0.0,749.72,0
100559,2025/01/11,2025-01-22, Jeddah,phone,bronze,40,35.77,,29.83,877.57,994.3,1
100715,08/16/2024,2024-08-23,Abha,online,bronze,12,24.52,0.142,7.73,0.0,257.77,0
103419,2024/01/27,2024-02-10,Riyadh,online,gold,38,122.29,0.365,88.03,1474.95,2934.2,1
101614,2025/02/14,2025-02-28,Jeddah,phone,bronze,5,19.36,,2.91,0.0,97.08,0
102218,04/25/2024,2024-04-29,Tabuk,online,silver,30,23.36,0.162,17.49,97.87,582.86,1
101365,13 Dec 2024,2024-12-19,Jeddah,phone,bronze,3,94.85,,7.74,0.0,257.94,0
101592,03/27/2024,2024-04-03,Riyadh,online,gold,17,19.51,0.185,8.18,0.0,272.57,0
104485,2024/10/08,2024-10-13,abha,online,bronze,17,29.39,0.139,12.83,0.0,427.74,0
101531,2025/02/20,2025-02-24,Riyadh,store,silver,28,30.36,0.062,24.88,0.0,829.49,0
102259,2025-02-24,2025-02-25,riyadh,store,gold,3,30.25,,2.0,0.0,66.77,0
103335,02/06/2025,2025-02-16,Jeddah,online,gold,24,11.2,,6.85,0.0,228.33,0
104069,2025/05/28,2025-06-02,Tabuk,online,gold,36,56.94,0.239,46.74,389.96,1558.15,1
102546,2025-05-21,2025-05-29,Jeddah,online,silver,36,18.89,,13.76,0.0,458.59,0
101607,2024-12-01,2024-12-10,Tabuk,online,silver,32,16.52,0.196,12.42,0.0,413.92,0
102910,2024/11/30,2024-12-05,Jeddah,phone,bronze,40,68.31,,52.21,0.0,1740.38,0
101347,2025/03/28,2025-04-10,Jeddah,store,silver,1,7.73,0.053,0.22,0.0,7.44,0
102796,5 Sep 2024,2024-09-19,Jeddah,online,silver,2,51.5,0.09,2.81,0.0,93.63,0
102614,2024-07-03,2024-07-04,Dammam,online,bronze,32,7.13,0.056,6.33,87.48,211.01,1
101666,15 Feb 2024,2024-02-24,abha,store,silver,14,58.92,0.155,20.83,0.0,694.23,0
100548,01/11/2025,2025-01-25,riyadh,online,silver,4,52.6,,4.13,0.0,137.7,0
100688,08/28/2024,2024-08-31,Tabuk,online,bronze,39,50.47,0.214,45.56,1547.25,1518.59,1
100980,2025-01-14,2025-01-26,Riyadh,online,bronze,3,29.57,0.217,2.05,0.0,68.25,0
104304,10/22/2024,2024-10-27, Jeddah,online,silver,18,56.69,0.242,22.59,0.0,753.14,0
102346,13 Apr 2025,2025-04-23,Riyadh,store,bronze,12,43.43,0.071,14.65,0.0,488.21,0
104798,4 Feb 2024,2024-02-09,JEDDAH,store,silver,11,26.16,0.2,6.76,188.38,225.21,1
101548,23 May 2025,2025-05-24,Dammam,phone,silver,4,53.25,,5.77,0.0,192.49,0
103704,16 Apr 2024,2024-04-26,Dammam,online,silver,22,27.3,0.224,14.08,0.0,469.29,0
102458,2 Mar 2025,2025-03-06,Riyadh,online,silver,28,12.26,0.096,9.71,0.0,323.76,0
101898,2024/06/06,2024-06-19,Riyadh,store,gold,39,21.14,0.187,20.43,137.42,680.92,1
100708,20 May 2025,2025-06-03,Abha,online,bronze,10,32.25,0.18,7.83,0.0,261.09,0
104519,2025-06-15,2025-06-22,dammam ,store,bronze,8,66.61,0.056,15.22,0.0,507.24,0
101170,11 Aug 2024,2024-08-17,Riyadh,online,bronze,28,65.96,0.184,44.83,0.0,1494.49,0
102061,01/13/2024,2024-01-23,TABUK ,store,bronze,40,52.58,0.014,64.55,0.0,2151.6,0
104306,2024-07-24,2024-07-27,Riyadh ,store,silver,9,29.18,,5.19,0.0,172.88,0
100193,2025/05/25,2025-05-27,Riyadh,store,gold,25,14.2,,7.97,0.0,265.56,0
103482,5 Jan 2024,2024-01-14,DAMMAM,online,bronze,21,27.5,0.142,14.81,0.0,493.64,0
101695,27 Jan 2025,2025-02-07,Dammam,store,silver,3,34.77,0.254,2.36,25.92,78.57,1
103178,2025/06/04,2025-06-10,Jeddah,online,bronze,20,44.92,0.242,20.6,272.38,686.72,1
101126,2024-05-23,2024-06-05,Jeddah,online,bronze,28,27.21,0.299,16.12,209.81,537.22,1
100148,2024/12/18,2024-12-23,Jeddah,store,gold,12,30.71,,7.44,0.0,247.88,0
102858,18 Jan 2024,2024-01-20,Jeddah,online,silver,5,30.28,0.086,4.26,0.0,142.05,0
103186,30 Apr 2024,2024-05-03,Riyadh,online,gold,14,51.94,,18.84,181.48,628.12,1
103743,2025-04-04,2025-04-18,Abha,store,bronze,31,34.63,0.113,27.37,0.0,912.25,0
101021,2024-01-03,2024-01-17,TABUK ,online,gold,35,40.02,0.174,35.19,396.88,1172.85,1
102059,2025-03-02,2025-03-16,Riyadh,online,silver,21,93.23,,43.58,0.0,1452.57,0
100577,2024-11-13,2024-11-24,Tabuk,store,bronze,25,23.58,0.04,17.26,0.0,575.2,0
104243,02/26/2025,2025-03-11, Jeddah,store,bronze,1,51.49,,1.32,0.0,44.05,0
101808,2024/07/24,2024-07-30, Jeddah,store,bronze,10,65.32,,13.81,0.0,460.39,0
104561,2025-02-28,2025-03-12,Tabuk,store,silver,1,28.82,0.216,0.69,0.0,22.98,0
103673,2024-12-21,2024-12-22,riyadh,online,silver,17,14.9,0.23,5.93,0.0,197.66,0
104534,02/19/2025,2025-02-22, Jeddah,phone,bronze,9,69.17,,16.16,0.0,538.6,0
103298,2025-04-21,2025-04-28,Jeddah,store,silver,31,29.92,0.255,20.06,0.0,668.51,0
103538,2024-04-30,2024-05-06, Jeddah,online,bronze,11,16.73,0.081,4.95,92.24,165.01,1
102386,04/30/2024,2024-05-12,Dammam,online,bronze,19,29.64,,14.8,0.0,493.28,0
102266,01/28/2025,2025-02-11,riyadh,store,bronze,38,14.94,0.072,15.81,0.0,527.06,0
104522,06/27/2024,2024-07-11,Jeddah,online,silver,21,121.36,0.122,67.49,0.0,2249.76,0
103937,12/08/2024,2024-12-13, Jeddah,online,silver,18,59.82,0.144,28.17,153.56,939.14,1
101061,2025-02-13,2025-02-14,Tabuk,phone,gold,8,217.92,,44.58,1504.24,1486.09,1
102760,2024/07/06,2024-07-14,Jeddah,online,bronze,1,19.83,,0.42,0.0,13.97,0
100147,2024-06-27,2024-07-09,Riyadh,online,gold,22,47.85,0.206,24.83,0.0,827.77,0
104809,5 Mar 2025,2025-03-16,Jeddah,online,gold,8,26.42,0.209,5.08,0.0,169.27,0
102348,2024-10-26,2024-10-31,Abha,online,bronze,35,50.99,0.215,43.15,0.0,1438.46,0
100964,06/01/2025,2025-06-09,Riyadh,online,bronze,40,62.24,0.18,60.39,0.0,2012.84,0
102318,2024-03-20,2024-04-02,DAMMAM,phone,bronze,24,19.61,,12.73,0.0,424.46,0
102064,2024-09-24,2024-10-06,Riyadh,store,silver,21,82.96,0.349,34.27,0.0,1142.29,0
100443,2024/07/22,2024-07-31,DAMMAM,online,bronze,33,118.17,0.126,100.64,0.0,3354.72,0
101653,01/12/2025,2025-01-22,riyadh,store,bronze,32,21.27,,14.76,0.0,492.13,0
103034,2024/07/01,2024-07-06,Riyadh ,online,bronze,25,83.45,,43.64,859.08,1454.73,1
101378,5 May 2025,2025-05-13,Abha,phone,silver,10,53.99,,13.5,0.0,449.96,0
103639,2024-07-19,2024-07-24,Abha,store,bronze,12,44.67,0.17,13.32,148.27,443.97,1
103327,2024/09/09,2024-09-16,Jeddah,online,gold,27,50.25,0.45,21.9,0.0,730.05,0
103826,2024/12/29,2025-01-01,Jeddah,phone,bronze,5,51.88,,6.88,0.0,229.25,0
103187,29 Dec 2024,2025-01-05,Dammam,online,bronze,10,10.15,0.131,2.73,0.0,90.96,0
103201,26 Dec 2024,2024-12-31,Dammam,online,bronze,10,24.94,0.188,5.85,0.0,195.16,0
103338,14 Jun 2025,2025-06-20,Tabuk,online,gold,19,106.89,0.149,52.37,0.0,1745.78,0
103636,2024/03/01,2024-03-07,Riyadh,phone,bronze,20,24.3,,12.77,0.0,425.71,0
101731,10 Apr 2025,2025-04-22,TABUK ,online,bronze,30,23.26,0.035,20.27,0.0,675.65,0
102371,2024-02-12,2024-02-13,Jeddah,online,bronze,8,66.47,,14.59,244.57,486.42,1
100034,2024-02-02,2024-02-03, Jeddah,online,bronze,32,41.86,0.111,34.93,781.24,1164.27,1
100758,2024-01-29,2024-02-08,TABUK ,store,bronze,3,40.07,0.041,3.39,0.0,113.13,0
102613,2024/01/08,2024-01-19,JEDDAH,online,gold,32,50.65,0.194,38.66,0.0,1288.77,0
102312,2025/05/20,2025-05-26,Riyadh,online,silver,27,50.9,0.251,31.23,914.84,1041.09,1
103583,9 Jul 2024,2024-07-20,Jeddah,online,bronze,1,21.12,0.118,0.54,0.0,17.98,0
103442,2024/11/18,2024-11-24,Riyadh,online,silver,3,45.73,,2.78,62.34,92.81,1
101082,2024-03-01,2024-03-13,Tabuk,store,bronze,33,12.19,0.066,11.21,0.0,373.83,0
101270,03/05/2025,2025-03-15,JEDDAH,phone,bronze,30,163.09,,89.18,0.0,2972.69,0
100843,2024/06/04,2024-06-10,Jeddah,phone,silver,16,23.36,,8.58,0.0,285.93,0
103964,07/02/2024,2024-07-03,Riyadh,store,silver,17,34.55,0.283,12.56,0.0,418.61,0
101571,01/10/2024,2024-01-12,Jeddah,store,silver,25,52.25,0.214,31.55,0.0,1051.67,0
101006,02/20/2024,2024-03-04,Jeddah,online,bronze,10,22.54,0.108,6.12,0.0,203.97,0
102534,2024/10/17,2024-10-28,Riyadh,store,bronze,11,28.85,0.161,8.12,0.0,270.65,0
100207,2024/06/25,2024-07-01,riyadh,online,bronze,14,23.78,0.051,9.37,0.0,312.47,0
102656,2024-05-09,2024-05-22,tabuk,phone,gold,25,11.71,,6.96,0.0,231.91,0
101196,02/08/2025,2025-02-22,Riyadh,phone,silver,3,17.52,,1.2,26.77,39.91,1
103655,24 Sep 2024,2024-10-08,riyadh,online,gold,20,99.0,0.2,47.65,237.49,1588.33,1
101871,11/11/2024,2024-11-23,Riyadh,store,bronze,4,29.12,0.031,3.47,0.0,115.78,0
103912,2024-11-07,2024-11-19, Jeddah,phone,bronze,6,42.29,,7.47,0.0,249.03,0
102993,16 Feb 2025,2025-02-18,Riyadh,store,bronze,3,53.18,0.111,4.38,0.0,146.01,0
101484,2025/01/15,2025-01-24,Riyadh,store,bronze,5,71.44,0.179,8.99,0.0,299.73,0
104200,28 Sep 2024,2024-09-30,Riyadh,online,silver,14,87.04,0.149,30.81,0.0,1026.92,0
101358,09/04/2024,2024-09-05,Jeddah,online,bronze,22,18.31,0.083,10.76,67.15,358.67,1
101508,01/26/2025,2025-01-28,Jeddah,store,bronze,9,56.66,0.067,14.78,0.0,492.63,0
103330,29 Dec 2024,2025-01-09,Riyadh ,store,bronze,22,56.6,0.155,31.95,956.29,1065.15,1
102638,09/03/2024,2024-09-09,Riyadh,online,bronze,36,23.61,0.324,17.83,0.0,594.44,0
101949,27 Sep 2024,2024-10-07,Riyadh,online,silver,34,87.86,0.152,74.2,0.0,2473.24,0
100943,2025/02/05,2025-02-15,riyadh,online,silver,18,44.95,0.154,21.26,0.0,708.63,0
101075,14 Nov 2024,2024-11-25,Abha,online,silver,23,22.29,0.241,11.46,0.0,382.15,0
103853,2025-01-19,2025-01-20,Jeddah,store,bronze,25,20.8,,10.97,0.0,365.83,0
104630,2024/09/25,2024-09-28,Riyadh,online,bronze,18,47.33,0.245,19.14,392.88,637.97,1
101443,2024/12/07,2024-12-10,Riyadh ,store,silver,29,31.78,0.075,26.13,0.0,870.99,0
104488,10/26/2024,2024-11-08,riyadh,online,bronze,3,13.39,0.147,1.02,0.0,34.13,0
101772,17 Dec 2024,2024-12-27,DAMMAM,online,silver,37,18.53,,17.97,0.0,599.11,0
101549,2024-10-04,2024-10-07,Riyadh,online,gold,29,42.36,0.168,30.45,211.43,1015.11,1
100380,2025-04-26,2025-04-30,Dammam,online,bronze,34,19.25,0.043,18.82,0.0,627.47,0
103781,15 May 2024,2024-05-20,Riyadh,online,gold,40,53.52,0.135,53.76,0.0,1792.11,0
102114,02/27/2024,2024-03-09,Dammam,online,silver,13,101.02,0.056,37.79,0.0,1259.61,0
100849,15 Oct 2024,2024-10-23,Riyadh ,phone,bronze,5,16.5,,2.34,0.0,78.16,0
104187,12/19/2024,2024-12-28,Riyadh,store,silver,21,45.39,0.17,22.85,715.62,761.78,1
102795,06/03/2025,2025-06-04,Abha,phone,bronze,26,35.67,,23.51,241.87,783.71,1
101264,2025-04-12,2025-04-21,Tabuk,store,gold,16,17.52,0.157,6.99,0.0,233.13,0
101067,06/27/2025,2025-06-29,Jeddah,store,silver,29,17.05,0.258,11.09,0.0,369.77,0
103608,2024-10-09,2024-10-12,Riyadh,online,silver,8,20.68,0.16,4.16,0.0,138.72,0
104733,2024/08/11,2024-08-18,Jeddah,phone,silver,24,59.15,,32.26,0.0,1075.3,0
103665,18 Jun 2024,2024-06-26,Riyadh,online,silver,38,33.96,,36.21,0.0,1206.93,0
100183,06/07/2024,2024-06-12,Jeddah,store,bronze,20,93.97,,33.11,499.42,1103.58,1
101175,03/25/2024,2024-03-31,Jeddah,online,bronze,26,54.47,0.111,37.4,0.0,1246.8,0
101114,2024-02-07,2024-02-11,tabuk,online,silver,10,26.26,0.185,6.13,0.0,204.3,0
104379,30 Nov 2024,2024-12-04,Tabuk,online,bronze,23,7.55,0.037,5.05,0.0,168.24,0
104566,2025/05/10,2025-05-14,Dammam,store,silver,32,52.53,,32.28,0.0,1075.92,0
102704,2024/07/26,2024-08-01,abha,online,silver,9,50.06,,9.15,0.0,305.12,0
103480,2024-11-24,2024-12-01,Jeddah,online,silver,14,49.33,0.245,15.98,0.0,532.71,0
102423,2025-01-05,2025-01-06,DAMMAM,phone,silver,34,54.26,,52.59,0.0,1752.98,0
101010,10 May 2025,2025-05-14,Jeddah,store,bronze,35,31.93,0.099,29.76,0.0,992.11,0
100550,06/05/2024,2024-06-15,Jeddah,online,bronze,34,29.42,0.137,26.25,0.0,874.84,0
101000,2024-10-09,2024-10-20,Riyadh,phone,bronze,25,29.97,,17.72,0.0,590.59,0
103872,2025-04-29,2025-05-07,Riyadh,phone,silver,34,76.07,,65.12,371.16,2170.66,1
101748,12/28/2024,2025-01-06,Jeddah,online,bronze,25,24.17,0.146,15.81,185.76,527.14,1
103009,2024/04/17,2024-04-20,riyadh,store,bronze,21,22.65,0.044,14.04,0.0,467.87,0
101204,10/14/2024,2024-10-24,Dammam,store,bronze,14,240.83,0.068,92.6,0.0,3086.54,0
104571,2024-09-10,2024-09-11,Riyadh ,online,silver,27,37.83,0.134,26.72,0.0,890.58,0
101142,2024/12/12,2024-12-19,abha,online,silver,31,50.25,0.324,30.85,0.0,1028.22,0
103741,06/07/2025,2025-06-11,Riyadh ,store,bronze,39,22.54,0.033,26.16,0.0,871.91,0
103722,2024-04-07,2024-04-11,Jeddah,online,silver,30,10.37,0.092,8.65,0.0,288.32,0
103190,2024/09/19,2024-10-03,Riyadh ,store,bronze,23,42.69,,29.28,0.0,976.1,0
102953,07/15/2024,2024-07-19,Riyadh,store,bronze,36,60.71,0.03,62.29,530.13,2076.17,1
101477,18 Jul 2024,2024-07-24,Jeddah,online,bronze,18,113.28,0.16,50.59,0.0,1686.23,0
101881,01/01/2025,2025-01-13,Jeddah,store,gold,3,9.18,,0.65,0.0,21.77,0
101564,10/09/2024,2024-10-22,TABUK ,phone,silver,29,22.36,,16.44,0.0,548.03,0
102598,2024/08/09,2024-08-17,Jeddah,online,silver,28,54.59,,33.34,774.82,1111.35,1
102404,07/06/2024,2024-07-17,Tabuk,store,bronze,19,33.5,,14.94,185.24,498.07,1
100230,2025-03-01,2025-03-03,riyadh,online,bronze,31,49.87,0.089,42.39,0.0,1412.88,0
102899,08/25/2024,2024-09-01,Dammam,phone,silver,12,31.85,,7.58,0.0,252.62,0
103426,03/13/2024,2024-03-16,Jeddah,online,silver,14,65.1,0.105,24.27,0.0,808.9,0
100607,2024-04-11,2024-04-15,abha,store,silver,19,17.85,0.123,8.85,0.0,294.85,0
103824,9 Mar 2024,2024-03-14,Riyadh,store,bronze,35,60.13,0.139,54.55,0.0,1818.23,0
101371,05/02/2024,2024-05-09,riyadh,online,bronze,39,57.12,0.044,64.75,0.0,2158.35,0
103405,2024/02/04,2024-02-14,Abha,online,gold,19,61.67,,24.44,0.0,814.78,0
102655,2024-05-10,2024-05-19,Jeddah,store,bronze,32,25.1,,23.06,0.0,768.74,0
103833,29 May 2025,2025-06-10,JEDDAH,store,silver,7,37.27,0.22,6.14,0.0,204.53,0
100866,3 Oct 2024,2024-10-09,Tabuk,store,silver,20,121.44,0.206,57.4,0.0,1913.43,0
100566,21 Jun 2025,2025-07-02,Dammam,online,silver,25,29.44,0.092,19.63,0.0,654.27,0
103914,14 Apr 2024,2024-04-17,JEDDAH,online,silver,30,79.52,0.175,59.94,0.0,1997.87,0
103733,2025-01-20,2025-01-29,Jeddah,store,gold,9,22.09,0.274,4.37,0.0,145.77,0
104113,2024-01-09,2024-01-23,Dammam,phone,gold,7,55.1,,7.7,0.0,256.64,0
102265,25 Apr 2024,2024-05-09, Jeddah,store,bronze,26,67.3,0.231,40.07,465.75,1335.62,1
102988,2025-05-03,2025-05-16,Jeddah,online,gold,11,22.27,0.168,6.23,0.0,207.8,0
101337,18 Apr 2024,2024-04-21,Riyadh,online,bronze,33,14.07,0.105,12.68,0.0,422.57,0
103717,05/18/2025,2025-05-31,Dammam,online,bronze,40,25.78,0.096,27.39,0.0,913.13,0
103627,2025/04/13,2025-04-20,Tabuk,online,bronze,30,45.39,0.124,35.84,0.0,1194.57,0
103944,2024/11/28,2024-12-04,dammam ,online,gold,23,39.25,,18.5,0.0,616.59,0
100038,05/01/2024,2024-05-09,Jeddah,online,silver,3,282.17,0.149,21.36,0.0,711.87,0
102402,17 Mar 2024,2024-03-31,Abha,store,silver,11,12.08,0.25,2.97,0.0,98.91,0
101529,02/20/2024,2024-03-03,Riyadh,online,bronze,14,51.98,0.16,17.75,0.0,591.51,0
102510,5 Apr 2025,2025-04-15,Dammam,online,bronze,31,72.58,0.017,65.88,1926.93,2196.14,1
103282,10/09/2024,2024-10-20,Riyadh,online,gold,9,59.81,0.221,12.33,0.0,410.99,0
101309,2025/04/06,2025-04-17,Riyadh,online,bronze,30,97.18,,63.95,0.0,2131.76,0
103369,01/20/2025,2025-02-03,Riyadh,store,bronze,17,23.43,,10.01,0.0,333.57,0
103997,29 Jun 2024,2024-07-01,Riyadh ,phone,silver,6,29.76,,3.73,0.0,124.21,0
101785,2024/08/05,2024-08-15,Riyadh,online,silver,26,88.67,0.156,57.74,0.0,1924.69,0
100875,2025-01-30,2025-02-02,Dammam,store,bronze,15,34.08,0.144,13.01,0.0,433.58,0
102573,27 Apr 2024,2024-05-09,Dammam,store,silver,37,24.83,0.274,19.11,0.0,637.08,0
102209,2024-10-12,2024-10-13,Riyadh,online,bronze,28,28.17,0.007,23.88,0.0,795.93,0
103990,2024/10/13,2024-10-18,Tabuk,store,silver,23,95.22,0.079,60.69,0.0,2022.91,0
104140,2024-10-26,2024-10-31,abha,store,bronze,22,27.65,,12.67,0.0,422.3,0
100611,06/13/2024,2024-06-20,Jeddah,online,silver,7,86.2,0.133,15.81,0.0,527.06,0
100095,2024-10-19,2024-10-27,Riyadh,online,silver,19,20.67,0.162,9.85,0.0,328.49,0
100053,05/23/2025,2025-05-31,abha,store,silver,19,33.15,0.145,16.24,0.0,541.34,0
100808,20 Aug 2024,2024-08-24,Riyadh,store,bronze,24,38.03,0.243,19.86,374.02,661.98,1
103195,10 Mar 2024,2024-03-22,DAMMAM,phone,silver,18,91.52,,34.52,0.0,1150.76,0
101093,2025-03-13,2025-03-23,Riyadh,store,bronze,18,51.48,0.104,24.58,0.0,819.18,0
100407,12/06/2024,2024-12-10,riyadh,phone,bronze,20,59.47,,25.48,0.0,849.2,0
103984,2024-05-31,2024-06-13,Riyadh,store,silver,22,47.67,0.173,26.02,0.0,867.33,0
104411,22 Dec 2024,2024-12-30,Jeddah,store,bronze,8,91.19,0.19,17.44,0.0,581.29,0
101674,2025/02/03,2025-02-16,Riyadh,store,gold,8,15.45,,2.11,0.0,70.42,0
103280,8 Apr 2025,2025-04-09,Riyadh,phone,bronze,10,29.93,,5.88,0.0,196.08,0
100992,2025/04/01,2025-04-14,Dammam,online,silver,9,44.94,0.161,10.35,0.0,345.09,0
102645,01/27/2024,2024-01-28,Riyadh,phone,gold,27,21.58,,15.65,0.0,521.73,0
101488,02/26/2025,2025-03-12,Jeddah,online,bronze,34,21.35,0.14,18.87,0.0,629.13,0
103494,2025-03-11,2025-03-18,Dammam,online,bronze,32,32.99,0.219,25.35,0.0,845.04,0
103020,2024/01/07,2024-01-20,Riyadh,store,bronze,30,55.42,0.104,44.08,0.0,1469.24,0
104183,12 Oct 2024,2024-10-17,Dammam,store,silver,13,32.96,0.223,10.07,0.0,335.57,0
102548,2024-08-06,2024-08-10,Riyadh,store,gold,31,5.82,0.156,4.59,0.0,152.98,0
102511,2024/04/09,2024-04-19,Jeddah,phone,gold,4,24.39,,2.19,0.0,72.96,0
102601,23 Feb 2025,2025-03-09,Jeddah,online,bronze,17,28.9,0.17,12.05,0.0,401.72,0
101220,2024/03/22,2024-03-23,Riyadh,store,gold,5,10.98,,1.16,0.0,38.63,0
100238,2025-06-09,2025-06-10,abha,online,bronze,15,20.66,0.069,8.61,173.13,287.09,1
100823,06/15/2024,2024-06-28,Riyadh,online,silver,10,97.35,0.049,27.51,0.0,917.06,0
104401,18 Feb 2025,2025-02-25,abha,online,silver,19,32.28,0.164,15.45,485.99,514.93,1
102926,03/04/2024,2024-03-12,Jeddah,online,bronze,35,58.75,0.096,55.76,0.0,1858.72,0
102179,08/26/2024,2024-09-06,Riyadh,online,gold,34,25.32,0.173,20.99,0.0,699.73,0
103991,2024/05/09,2024-05-20,Tabuk,store,bronze,22,30.09,0.062,18.86,0.0,628.74,0
104270,2024-07-23,2024-07-31,Dammam,store,silver,7,68.57,0.221,11.14,0.0,371.28,0
101693,2025-01-08,2025-01-11,Riyadh,online,gold,13,125.15,0.223,37.51,0.0,1250.4,0
101913,8 Jan 2024,2024-01-13,TABUK ,online,silver,38,100.41,,85.04,0.0,2834.69,0
102430,03/14/2025,2025-03-26,Dammam,online,bronze,11,19.87,0.033,6.71,0.0,223.65,0
102726,30 Jan 2025,2025-02-07,DAMMAM,store,bronze,32,56.15,0.045,52.66,1340.83,1755.18,1
103758,23 May 2025,2025-06-06,Riyadh,online,bronze,36,99.55,0.144,91.57,255.7,3052.45,1
102520,2024-02-06,2024-02-08,riyadh,store,silver,32,36.25,0.208,28.47,545.2,949.04,1
100161,06/24/2024,2024-06-26,Riyadh,online,bronze,33,41.33,0.199,31.71,0.0,1057.13,0
104084,2024/11/04,2024-11-14,Riyadh,store,silver,33,132.61,,96.29,0.0,3209.83,0
104412,06/09/2025,2025-06-20,Riyadh ,online,bronze,1,29.94,0.143,0.76,0.0,25.45,0
104047,7 Nov 2024,2024-11-09,riyadh,online,bronze,30,64.18,0.057,54.08,1573.24,1802.59,1
101803,04/09/2025,2025-04-10,Riyadh,online,bronze,35,44.28,0.23,34.73,682.24,1157.57,1
101892,19 Apr 2025,2025-05-01,Dammam,online,bronze,29,9.21,0.092,7.05,0.0,235.16,0
100938,06/06/2025,2025-06-16,Riyadh,store,bronze,23,83.55,0.118,51.81,0.0,1727.04,0
101388,11/04/2024,2024-11-11,riyadh,online,gold,37,12.45,0.174,11.6,0.0,386.75,0
102583,06/28/2025,2025-07-06,Riyadh,online,bronze,39,76.2,0.092,77.46,692.16,2581.84,1
101352,05/26/2024,2024-06-03,Abha,online,gold,29,21.57,0.205,14.49,0.0,482.95,0
104333,2024-09-28,2024-10-02,Riyadh,phone,bronze,38,85.54,,83.84,0.0,2794.72,0
101780,3 Jul 2024,2024-07-05,Jeddah,store,bronze,16,18.15,0.085,8.14,0.0,271.47,0
103748,2025/03/16,2025-03-21,abha,store,bronze,6,11.3,0.027,2.0,0.0,66.66,0
101002,2024-09-08,2024-09-22,Jeddah,store,bronze,36,42.69,0.175,38.62,281.88,1287.28,1
102983,2024/05/26,2024-05-29,Riyadh,online,silver,14,39.86,0.168,13.74,0.0,457.85,0
103831,2024/07/14,2024-07-21,JEDDAH,online,bronze,11,37.5,0.249,9.24,0.0,307.98,0
103346,09/16/2024,2024-09-29,Dammam,store,bronze,13,82.61,0.114,28.02,0.0,933.85,0
100570,2024/09/15,2024-09-21,Jeddah,phone,silver,3,9.91,,0.78,0.0,25.88,0
102283,2025/04/13,2025-04-18,Riyadh,phone,silver,26,71.46,,30.1,0.0,1003.47,0
100734,2024/06/14,2024-06-23,Jeddah,online,bronze,13,41.5,0.006,16.01,0.0,533.51,0
102236,2025/06/06,2025-06-20,abha,store,bronze,5,35.58,0.45,2.91,0.0,96.86,0
103170,2025-05-18,2025-05-28,Dammam,store,silver,29,14.46,,8.76,0.0,292.12,0
100860,2024-12-12,2024-12-21,Jeddah,store,bronze,37,16.07,0.107,15.5,0.0,516.81,0
101745,2024/10/27,2024-10-28,Dammam,phone,bronze,14,44.81,,14.26,0.0,475.18,0
101149,06/20/2024,2024-06-23, Jeddah,store,bronze,1,42.67,0.047,1.23,0.0,41.0,0
102372,2025/02/14,2025-02-28,Riyadh,online,bronze,34,37.31,0.181,30.77,0.0,1025.78,0
100935,2024-09-08,2024-09-21,Dammam,store,silver,31,71.36,0.146,55.39,1706.79,1846.35,1
104088,06/08/2024,2024-06-11,Dammam,online,bronze,14,36.06,0.156,12.62,0.0,420.53,0
100218,2024/10/16,2024-10-18,Riyadh,store,bronze,14,30.36,0.119,11.33,0.0,377.56,0
104118,2025-06-11,2025-06-13,Abha,online,bronze,26,79.45,0.142,52.84,476.9,1761.24,1
101115,20 May 2025,2025-05-25,Tabuk,phone,bronze,22,18.03,,9.85,0.0,328.25,0
102998,2024-08-27,2024-09-07,riyadh,online,bronze,13,33.37,0.065,11.91,0.0,396.9,0
104358,2024/06/17,2024-06-27,Riyadh,online,bronze,24,64.76,0.187,36.64,0.0,1221.35,0
100821,04/28/2025,2025-04-29,riyadh,store,silver,25,13.28,0.176,8.47,0.0,282.29,0
101701,16 Oct 2024,2024-10-24,TABUK ,online,silver,27,183.44,,99.63,1928.68,3321.14,1
101986,8 Oct 2024,2024-10-22,Tabuk,phone,silver,25,25.2,,16.39,0.0,546.45,0
101773,03/18/2024,2024-03-24,Dammam,online,silver,28,21.06,0.044,17.37,0.0,579.04,0
100838,24 May 2025,2025-06-04,tabuk,online,silver,15,15.74,,4.41,0.0,146.95,0
103720,17 Jun 2024,2024-06-19,Jeddah,phone,bronze,37,71.91,,74.64,1246.33,2487.95,1
104038,28 Oct 2024,2024-10-30,Abha,online,bronze,3,44.38,0.147,3.41,0.0,113.57,0
104131,21 May 2024,2024-06-02,Dammam,phone,bronze,17,56.28,,21.77,0.0,725.52,0
104671,28 Dec 2024,2025-01-07,Riyadh ,online,bronze,7,88.93,0.113,16.57,394.3,552.47,1
102755,05/24/2025,2025-06-01,Tabuk,online,silver,39,81.73,0.245,73.17,1048.79,2438.96,1
104669,2024-09-13,2024-09-25,Abha,online,silver,12,24.71,0.143,7.29,0.0,243.01,0
103541,10/11/2024,2024-10-20,Tabuk,store,bronze,19,55.13,,22.48,0.0,749.21,0
102563,05/17/2025,2025-05-22,dammam ,online,silver,25,33.52,,17.52,69.82,583.96,1
102406,2024-01-11,2024-01-17,Riyadh ,online,gold,9,38.78,0.25,7.97,0.0,265.73,0
102550,8 May 2025,2025-05-15,Riyadh ,online,bronze,4,54.34,0.091,5.88,0.0,196.05,0
104505,2024-06-24,2024-06-28,Riyadh,store,silver,24,38.67,,16.8,0.0,559.97,0
104228,2024/01/09,2024-01-15,Riyadh,phone,silver,25,39.46,,27.88,0.0,929.22,0
102805,29 Oct 2024,2024-11-01,Riyadh,online,silver,39,47.5,0.089,48.86,1557.75,1628.62,1
102556,2025-06-21,2025-07-02,Dammam,online,gold,7,11.62,0.194,1.97,0.0,65.68,0
101585,8 May 2024,2024-05-19,Dammam,store,bronze,26,68.85,,45.71,0.0,1523.76,0
102016,2025-02-02,2025-02-14,Jeddah,online,silver,1,37.3,0.45,0.62,0.0,20.71,0
100016,2024/06/03,2024-06-12,Riyadh,online,bronze,29,18.18,0.184,12.62,0.0,420.71,0
100778,2024-01-30,2024-02-11,riyadh,store,silver,39,24.57,0.164,24.09,0.0,802.92,0
102775,2025/03/26,2025-04-04,Dammam,online,silver,25,5.38,,2.97,0.0,99.09,0
101228,2025/05/27,2025-05-31,Jeddah,phone,bronze,11,32.15,,10.02,0.0,333.84,0
104239,03/02/2025,2025-03-04,Jeddah,online,bronze,15,103.6,0.064,44.16,387.77,1471.96,1
101185,03/17/2025,2025-03-26,Riyadh,phone,bronze,24,42.15,,26.83,0.0,894.19,0
100922,2025/01/23,2025-01-25,Abha,store,gold,8,59.63,0.187,11.56,0.0,385.5,0
104193,2024-01-09,2024-01-14,Jeddah,phone,silver,29,23.24,,17.26,0.0,575.31,0
102744,2024/09/21,2024-10-04,Dammam,phone,silver,10,13.53,,2.87,0.0,95.64,0
102365,2024-12-07,2024-12-19,Dammam,phone,silver,35,28.48,,24.07,0.0,802.4,0
100561,2025/04/11,2025-04-22,Riyadh,store,bronze,11,41.57,0.147,12.05,212.84,401.76,1
102103,01/07/2024,2024-01-15,Abha,store,gold,34,28.37,0.387,17.68,487.15,589.46,1
104721,2025-05-29,2025-06-04,Jeddah,store,silver,15,61.01,0.094,24.84,0.0,828.0,0
103759,05/19/2025,2025-05-23,Tabuk,online,gold,27,57.87,,29.28,0.0,976.11,0
103303,2024-06-05,2024-06-17,Riyadh,store,bronze,8,43.62,0.046,9.86,207.96,328.69,1
100105,2024/09/05,2024-09-14,Dammam,online,gold,35,138.9,0.304,98.79,0.0,3292.91,0
100654,2024/08/16,2024-08-30,Riyadh,online,silver,34,123.72,0.215,101.76,485.62,3392.1,1
102081,2024-02-16,2024-02-17,Jeddah,phone,bronze,1,22.08,,0.57,0.0,18.98,0
100745,04/21/2024,2024-04-30,Jeddah,store,bronze,39,34.27,0.063,37.95,0.0,1265.03,0
100633,07/03/2024,2024-07-17,Riyadh,store,bronze,35,79.43,0.209,63.97,0.0,2132.29,0
101729,2025-02-04,2025-02-05,Riyadh,online,bronze,16,28.92,0.108,12.89,0.0,429.73,0
100154,2024/05/25,2024-06-04,Jeddah,online,silver,19,24.31,0.104,11.99,0.0,399.63,0
104236,01/16/2024,2024-01-26,riyadh,online,silver,30,14.6,,8.83,0.0,294.22,0
104313,3 Oct 2024,2024-10-14,Riyadh,online,gold,40,47.25,0.251,42.71,0.0,1423.76,0
103602,2024/01/06,2024-01-16,Riyadh,online,bronze,32,22.56,,16.69,0.0,556.42,0
103817,2024/07/29,2024-08-08,Jeddah,online,silver,15,38.29,0.109,15.51,272.87,516.95,1
103950,18 May 2025,2025-05-19,Riyadh ,online,bronze,7,15.91,0.023,3.31,0.0,110.42,0
100584,2024/02/24,2024-02-27,JEDDAH,phone,silver,39,35.6,,36.02,0.0,1200.67,0
104839,2024-04-07,2024-04-09,riyadh,online,bronze,24,39.86,0.025,27.43,0.0,914.49,0
104739,2024/06/06,2024-06-07,Riyadh,online,silver,35,39.35,0.105,37.34,563.55,1244.78,1
102911,12/29/2024,2025-01-12,dammam ,online,bronze,24,35.22,0.072,24.23,784.76,807.7,1
101190,2025/03/08,2025-03-12,Dammam,online,bronze,28,135.76,0.05,111.17,0.0,3705.64,0
100146,02/06/2025,2025-02-13,Riyadh,store,bronze,13,44.5,0.153,14.84,0.0,494.82,0
102203,21 Sep 2024,2024-10-01,TABUK ,store,bronze,10,81.88,,15.0,0.0,500.01,0
102702,6 Jun 2024,2024-06-13,JEDDAH,online,bronze,14,23.78,0.274,7.31,0.0,243.77,0
101708,2025/02/04,2025-02-17, Jeddah,online,silver,19,13.84,0.229,5.97,0.0,199.12,0
101136,2025-06-07,2025-06-19,Riyadh,phone,silver,7,63.47,,11.62,111.62,387.38,1
102774,2024-11-10,2024-11-18,Riyadh,online,bronze,33,55.11,0.055,51.59,884.99,1719.55,1
103174,2024-05-29,2024-06-04,TABUK ,store,bronze,39,79.71,0.086,84.36,1968.01,2812.11,1
104400,15 Aug 2024,2024-08-20,DAMMAM,phone,silver,21,59.17,,31.45,0.0,1048.41,0
101641,2025/04/06,2025-04-12,DAMMAM,store,gold,25,38.84,0.179,24.26,0.0,808.54,0
101542,7 May 2025,2025-05-11,Riyadh,phone,silver,33,40.32,,32.37,0.0,1079.13,0
103117,2025/04/08,2025-04-17,Riyadh,store,bronze,11,65.37,0.196,18.22,0.0,607.29,0
103899,26 Sep 2024,2024-10-06,Riyadh ,store,silver,1,22.22,0.098,0.59,0.0,19.79,0
103068,2024/04/28,2024-05-10,Riyadh,online,bronze,25,34.2,0.009,24.8,0.0,826.66,0
103239,16 Apr 2025,2025-04-25,Jeddah,store,bronze,17,43.85,0.011,22.52,0.0,750.54,0
100560,12/16/2024,2024-12-29,Jeddah,online,silver,10,35.68,0.153,8.97,151.04,298.92,1
101605,7 Jan 2025,2025-01-08,Riyadh ,store,bronze,24,13.2,0.151,8.34,145.7,278.05,1
102229,2024/01/24,2024-02-07,Riyadh,phone,bronze,27,36.12,,27.9,34.95,930.12,1
101121,05/14/2024,2024-05-17,Dammam,online,bronze,14,44.2,0.161,15.33,444.99,511.06,1
101311,1 Sep 2024,2024-09-10,JEDDAH,phone,silver,33,116.68,,84.96,0.0,2832.07,0
101847,2025/02/08,2025-02-11,Riyadh,store,silver,1,42.92,0.131,1.15,0.0,38.42,0
101669,06/06/2024,2024-06-10,riyadh,online,gold,3,52.38,0.204,3.59,41.71,119.71,1
103057,2024/09/05,2024-09-18,Dammam,phone,bronze,28,17.45,,11.58,0.0,385.84,0
101182,07/19/2024,2024-07-24,Riyadh,phone,bronze,37,129.79,,110.54,1243.34,3684.52,1
104536,11/01/2024,2024-11-11,Riyadh,phone,bronze,19,17.46,,7.91,0.0,263.61,0
103810,10/07/2024,2024-10-20,abha,phone,bronze,13,38.6,,14.21,0.0,473.65,0
101502,2025/05/22,2025-06-01,tabuk,phone,bronze,31,16.97,,14.87,0.0,495.82,0
103556,2024-12-27,2025-01-01,abha,online,bronze,10,37.15,,9.05,0.0,301.51,0
100661,01/12/2025,2025-01-17,Riyadh ,online,bronze,26,32.75,,19.69,0.0,656.37,0
100919,2024-02-06,2024-02-10,Riyadh,online,bronze,1,11.02,,0.24,7.82,8.01,1
103293,2 Apr 2024,2024-04-07,Jeddah,online,bronze,27,13.05,0.002,10.68,0.0,356.15,0
102540,8 Jan 2024,2024-01-22,Jeddah,online,bronze,16,31.84,0.035,14.52,0.0,483.96,0
101031,11/18/2024,2024-12-01, Jeddah,phone,silver,25,18.38,,8.14,0.0,271.36,0
103959,22 May 2024,2024-05-25,Riyadh,store,bronze,29,66.26,0.215,44.87,0.0,1495.65,0
103214,2025/01/31,2025-02-06, Jeddah,store,bronze,31,29.63,0.053,25.43,0.0,847.81,0
104076,12/28/2024,2024-12-31,Jeddah,store,gold,6,32.78,0.385,3.7,0.0,123.39,0
100647,12/28/2024,2025-01-03,Riyadh,store,gold,2,66.2,0.184,3.37,0.0,112.29,0
102836,2025/06/09,2025-06-20,Dammam,store,silver,40,120.61,0.125,125.01,0.0,4166.94,0
101625,09/03/2024,2024-09-05,JEDDAH,online,gold,27,97.17,0.248,57.85,0.0,1928.18,0
103844,15 Aug 2024,2024-08-19,dammam ,online,silver,26,33.04,0.237,20.01,0.0,667.08,0
100115,2024-12-05,2024-12-16,Riyadh,online,gold,16,15.81,,4.6,0.0,153.25,0
102139,2024-10-17,2024-10-19,Dammam,online,silver,29,123.57,0.371,67.42,2177.92,2247.33,1
104551,16 Sep 2024,2024-09-20,Riyadh,online,gold,24,118.37,,55.68,698.94,1856.1,1
103413,2025-01-31,2025-02-13,Jeddah,store,gold,17,69.46,0.244,27.71,0.0,923.52,0
103265,05/20/2024,2024-05-31,Riyadh,online,silver,10,24.44,0.075,6.87,0.0,229.1,0
100350,09/04/2024,2024-09-05,Riyadh,online,silver,31,113.18,0.224,81.19,0.0,2706.3,0
100606,01/28/2024,2024-01-31,abha,online,gold,3,37.35,,2.16,0.0,71.93,0
100390,2024-07-28,2024-08-01,Abha,store,silver,5,58.13,0.351,5.58,0.0,186.05,0
104669,2024-09-13,2024-09-25,Abha,online,silver,12,24.71,0.143,7.29,0.0,243.01,0
101984,12 Jan 2024,2024-01-21,Riyadh,online,silver,1,49.76,0.104,1.34,0.0,44.65,0
102917,2024-02-23,2024-03-03,Riyadh,online,gold,14,40.65,,9.45,0.0,314.89,0
100595,2025/06/21,2025-06-26,Riyadh,online,bronze,5,81.74,0.098,11.5,0.0,383.5,0
103632,6 Nov 2024,2024-11-11,Tabuk,phone,gold,36,37.72,,33.45,0.0,1114.9,0
102922,08/20/2024,2024-09-01,riyadh,online,silver,40,26.85,0.177,26.56,0.0,885.27,0
104474,2024/12/06,2024-12-12,riyadh,online,bronze,36,30.53,0.142,28.25,523.81,941.7,1
101327,12/22/2024,2025-01-03,Jeddah,store,silver,32,21.68,0.192,16.47,0.0,549.1,0
103881,2024/08/01,2024-08-13,Dammam,online,bronze,31,13.06,0.082,10.92,0.0,364.04,0
101448,2024/10/10,2024-10-16,Jeddah,store,bronze,26,30.51,0.025,23.92,0.0,797.18,0
104117,2024/10/20,2024-10-25,JEDDAH,online,bronze,18,36.41,0.114,17.47,0.0,582.34,0
104729,09/08/2024,2024-09-15,DAMMAM,online,gold,40,37.93,,30.26,0.0,1008.65,0
104032,31 Jan 2025,2025-02-12,Jeddah,phone,silver,14,29.71,,11.23,0.0,374.24,0
104815,2025/04/02,2025-04-12,Jeddah,online,silver,8,29.2,0.114,6.22,0.0,207.3,0
101550,2024-12-26,2025-01-05,Riyadh,online,bronze,3,23.64,0.048,2.04,0.0,67.91,0
102401,4 Jul 2024,2024-07-10,JEDDAH,online,bronze,23,75.27,0.177,43.12,309.74,1437.28,1
100623,2024-09-03,2024-09-08,Tabuk,online,bronze,11,41.09,0.199,10.81,0.0,360.26,0
103592,2024/09/11,2024-09-15,riyadh,phone,bronze,29,83.23,,63.45,0.0,2114.98,0
101209,2025/05/09,2025-05-22,Riyadh,store,gold,37,55.85,0.257,45.52,0.0,1517.27,0
100593,5 Mar 2025,2025-03-11,Riyadh ,store,bronze,24,25.93,0.115,16.62,0.0,554.12,0
100327,14 Feb 2025,2025-02-24,Abha,store,silver,12,66.78,0.121,21.3,0.0,709.88,0
104829,1 May 2024,2024-05-11,abha,store,silver,5,34.88,0.39,3.09,0.0,103.03,0
101769,27 Jul 2024,2024-08-10,Riyadh ,store,silver,23,33.25,0.155,18.55,0.0,618.28,0
100747,2024-04-01,2024-04-04,riyadh,store,bronze,15,53.69,0.195,19.45,0.0,648.35,0
104654,26 May 2025,2025-06-06,Riyadh,store,bronze,1,45.62,0.211,1.02,0.0,34.11,0
101127,2024/01/11,2024-01-13,Jeddah,online,bronze,2,14.26,0.14,0.75,0.0,24.89,0
103184,6 Jan 2024,2024-01-16,riyadh,store,silver,24,47.93,0.173,27.86,0.0,928.72,0
102512,2025/04/17,2025-04-24,Jeddah,online,bronze,36,32.68,0.198,27.72,0.0,924.13,0
101573,2024-07-01,2024-07-04,Jeddah,online,bronze,5,36.05,,4.96,99.78,165.35,1
101998,03/26/2025,2025-04-03,Riyadh,online,silver,39,31.74,0.116,32.19,953.49,1072.93,1
102603,2024/10/03,2024-10-06,Jeddah,online,bronze,24,34.32,,22.19,0.0,739.54,0
104384,15 Jun 2025,2025-06-23, Jeddah,store,silver,33,54.52,0.32,36.32,0.0,1210.73,0
101934,13 Mar 2025,2025-03-19,Abha,online,bronze,40,49.77,0.141,51.66,0.0,1721.99,0
104214,2024-08-27,2024-08-30,Riyadh,online,silver,17,20.61,0.216,8.41,0.0,280.35,0
102625,03/22/2025,2025-04-01,Jeddah,store,silver,13,80.2,0.139,27.15,0.0,904.94,0
101191,2025/01/11,2025-01-24, Jeddah,online,silver,2,27.35,0.231,1.3,0.0,43.34,0
101812,09/28/2024,2024-10-08,Jeddah,phone,silver,26,37.46,,24.74,0.0,824.68,0
103045,2025-02-22,2025-03-06,dammam ,store,silver,33,50.04,0.165,41.76,41.79,1391.89,1
100907,12 Nov 2024,2024-11-14, Jeddah,online,silver,9,20.91,0.248,4.36,0.0,145.37,0
103561,06/13/2024,2024-06-20,dammam ,online,silver,28,36.78,,22.69,0.0,756.24,0
100874,2024/06/05,2024-06-09,JEDDAH,store,bronze,3,17.25,0.141,1.34,0.0,44.82,0
100091,2024/02/05,2024-02-10,Riyadh,online,silver,13,13.8,0.143,4.71,0.0,156.89,0
102138,2024/08/16,2024-08-26,Dammam,online,bronze,2,36.79,0.031,2.2,0.0,73.19,0
104837,26 Apr 2025,2025-05-10,Riyadh,online,silver,26,30.68,,17.2,0.0,573.17,0
100743,27 May 2025,2025-05-30,Abha,online,gold,25,43.81,0.165,27.32,0.0,910.65,0
102783,2025/04/16,2025-04-30,Dammam,online,bronze,31,13.59,0.086,11.32,0.0,377.45,0
104785,08/19/2024,2024-08-20,Tabuk,online,bronze,20,19.21,0.186,9.35,0.0,311.8,0
103357,2024-06-27,2024-07-01, Jeddah,online,silver,15,22.44,0.177,8.24,0.0,274.5,0
101862,2025/03/10,2025-03-12,Tabuk,online,bronze,33,43.37,0.088,38.5,0.0,1283.42,0
103396,2024/07/20,2024-08-02,Tabuk,store,bronze,32,57.76,0.189,44.58,0.0,1485.85,0
100101,2024-09-11,2024-09-12,tabuk,online,silver,32,70.39,0.12,60.11,0.0,2003.7,0
100518,04/20/2024,2024-04-30,Dammam,online,bronze,4,82.31,,5.97,198.59,199.11,1
102376,2025-05-20,2025-05-23,Riyadh,online,bronze,5,26.82,0.038,3.87,0.0,128.99,0
103492,12/21/2024,2024-12-24,Riyadh,online,bronze,18,29.22,0.065,15.12,0.0,504.13,0
103462,05/19/2024,2024-05-27,Abha,store,silver,9,27.83,0.395,4.72,0.0,157.26,0
101619,12 Mar 2024,2024-03-26,Tabuk,store,silver,16,22.23,,7.12,0.0,237.39,0
103719,25 Feb 2025,2025-03-01,Tabuk,store,bronze,36,10.14,0.119,9.47,0.0,315.59,0
104171,4 Apr 2024,2024-04-09,Tabuk,store,silver,11,32.97,0.099,9.79,0.0,326.24,0
104011,18 Jan 2025,2025-01-26,riyadh,phone,silver,31,44.79,,30.69,611.0,1023.13,1
103825,05/26/2025,2025-06-05,Dammam,online,silver,4,115.69,0.18,11.48,189.74,382.5,1
101576,2024/07/12,2024-07-26,riyadh,online,silver,10,70.02,0.069,19.23,0.0,640.88,0
102977,08/02/2024,2024-08-04,Dammam,online,gold,6,34.46,,4.32,0.0,144.14,0
102536,2025-01-16,2025-01-24,JEDDAH,store,bronze,14,79.68,0.155,28.45,0.0,948.42,0
104633,2025/01/21,2025-01-24,Riyadh,online,silver,21,23.93,0.157,12.55,242.19,418.43,1
101413,09/27/2024,2024-10-03,abha,store,gold,17,44.82,,16.1,0.0,536.61,0
103240,2024-08-19,2024-08-28,riyadh,online,bronze,39,41.84,,35.03,0.0,1167.64,0
102777,2024/03/13,2024-03-21,dammam ,online,bronze,28,75.83,0.083,56.32,1111.99,1877.48,1
104293,2024/10/10,2024-10-14,Riyadh,phone,silver,28,23.46,,15.92,0.0,530.61,0
104451,2025-06-30,2025-07-14,Abha,store,silver,6,26.13,0.15,4.13,0.0,137.75,0
102169,09/25/2024,2024-10-02,Riyadh,store,silver,37,35.68,0.065,36.51,66.71,1217.04,1
104433,11 Nov 2024,2024-11-19,Abha,store,gold,32,57.41,,38.27,0.0,1275.53,0
101829,2024/04/06,2024-04-08,Tabuk,online,bronze,28,58.83,0.072,46.16,0.0,1538.79,0
102833,2025-05-01,2025-05-10,Jeddah,store,silver,40,46.95,,31.39,1032.9,1046.47,1
103709,25 Mar 2024,2024-04-02,Jeddah,online,bronze,37,29.85,0.124,30.08,941.64,1002.72,1
103479,2024/11/18,2024-11-27,tabuk,online,bronze,38,36.53,0.062,40.19,0.0,1339.79,0
102584,20 Oct 2024,2024-11-02,Riyadh ,phone,bronze,37,77.47,,53.64,0.0,1788.13,0
102449,2025-02-03,2025-02-04,Jeddah,online,silver,37,24.51,0.202,21.87,430.43,728.9,1
103177,10 Apr 2024,2024-04-15,Abha,online,silver,5,32.48,0.247,3.62,0.0,120.58,0
103657,2024-03-27,2024-04-02,Riyadh,phone,bronze,18,63.48,,31.75,0.0,1058.17,0
101189,12/29/2024,2025-01-12,Riyadh,online,silver,13,28.57,0.103,10.06,0.0,335.37,0
102838,13 Feb 2024,2024-02-26,riyadh,online,silver,24,25.12,0.208,14.15,0.0,471.66,0
102890,20 Oct 2024,2024-10-25,Riyadh,online,bronze,30,12.32,,7.68,0.0,255.93,0
101083,2024-06-11,2024-06-21,Tabuk,online,gold,6,31.23,,3.43,0.0,114.39,0
101275,20 Jan 2024,2024-01-26,Riyadh,phone,gold,4,23.21,,2.17,0.0,72.39,0
104262,2025-01-08,2025-01-12,tabuk,online,bronze,32,102.6,0.112,85.3,0.0,2843.19,0
102272,2025/06/05,2025-06-10,dammam ,store,bronze,20,79.18,0.073,44.31,1174.2,1476.91,1
102945,29 Jan 2024,2024-02-05,Riyadh ,online,bronze,4,44.61,0.049,5.02,169.77,167.42,1
103505,2024-05-17,2024-05-31,Dammam,online,silver,36,99.46,0.339,71.89,0.0,2396.48,0
103849,2024/09/16,2024-09-24,Riyadh,online,silver,29,32.66,0.107,26.58,0.0,886.15,0
101129,2024-07-13,2024-07-21,dammam ,online,bronze,5,18.92,0.039,2.72,0.0,90.5,0
100334,10/04/2024,2024-10-09,abha,store,silver,20,27.75,0.152,13.92,0.0,464.04,0
102291,9 Mar 2025,2025-03-23,Tabuk,online,gold,37,47.42,,37.67,0.0,1255.83,0
100473,2025-04-16,2025-04-21,Riyadh,online,gold,11,25.61,,5.48,0.0,182.67,0
100878,28 May 2025,2025-06-06,Riyadh,phone,silver,2,38.18,,1.78,60.43,59.44,1
100130,03/11/2024,2024-03-19,Jeddah,phone,bronze,12,42.66,,12.26,0.0,408.52,0
101859,2024-11-12,2024-11-15,riyadh,online,gold,11,19.2,,4.67,0.0,155.67,0
102349,06/07/2025,2025-06-19,Riyadh,online,silver,13,84.8,0.173,27.75,0.0,925.08,0
103863,02/22/2024,2024-03-07,Dammam,store,silver,15,13.23,0.189,5.02,0.0,167.23,0
104322,2024/09/14,2024-09-17, Jeddah,online,bronze,12,16.04,0.168,4.77,0.0,158.94,0
103540,2024-09-02,2024-09-11,Riyadh,store,silver,22,63.98,,38.65,0.0,1288.33,0
101728,2024/02/12,2024-02-19,Abha,phone,silver,35,192.43,,185.52,0.0,6183.84,0
101349,05/16/2025,2025-05-20,Jeddah,online,bronze,20,33.86,0.13,17.35,0.0,578.39,0
103169,2024-08-10,2024-08-17,Riyadh,online,bronze,35,52.57,0.016,53.35,1655.63,1778.48,1
102037,25 Jul 2024,2024-07-26,Tabuk,online,silver,37,57.27,0.251,47.08,0.0,1569.47,0
103648,2024-03-20,2024-03-30,Jeddah,store,silver,22,52.78,0.097,31.72,0.0,1057.3,0
103098,2025-06-15,2025-06-23, Jeddah,online,silver,8,12.98,,2.2,27.24,73.3,1
103233,17 Jun 2024,2024-06-23, Jeddah,online,bronze,28,11.26,0.135,8.12,48.72,270.76,1
102351,30 May 2025,2025-05-31,Riyadh,online,bronze,8,28.58,0.142,5.84,0.0,194.56,0
100761,08/23/2024,2024-08-27,Dammam,phone,bronze,40,39.76,,43.26,0.0,1442.03,0
104309,14 Sep 2024,2024-09-19,TABUK ,store,silver,5,17.8,0.144,2.26,0.0,75.31,0
101277,26 Jun 2025,2025-07-09,Riyadh,online,silver,16,30.0,0.08,13.02,441.39,434.05,1
104153,2025/02/22,2025-02-24,Jeddah,phone,silver,15,15.39,,4.79,0.0,159.57,0
102691,2024/03/07,2024-03-14,Tabuk,online,bronze,28,252.83,0.094,193.6,3208.41,6453.41,1
102201,24 May 2025,2025-06-02,riyadh,online,bronze,32,45.57,0.009,43.22,451.62,1440.78,1
100533,06/22/2025,2025-06-23,Jeddah,store,bronze,35,35.73,0.133,32.52,619.91,1083.93,1
102608,12/18/2024,2024-12-30,Riyadh,online,bronze,25,10.54,0.181,6.36,0.0,211.96,0
100441,06/08/2024,2024-06-17,Abha,store,bronze,31,83.46,0.04,73.42,0.0,2447.34,0
102751,05/03/2025,2025-05-12,Riyadh,online,silver,8,46.64,0.227,8.7,72.07,289.93,1
100767,2024/04/23,2024-05-05,Riyadh,phone,bronze,14,45.23,,17.89,252.97,596.19,1
102374,2025/05/23,2025-05-31,Riyadh,store,silver,27,40.68,0.45,18.38,0.0,612.75,0
100502,2 Apr 2024,2024-04-05,Tabuk,phone,gold,7,56.68,,10.09,0.0,336.23,0
101512,2024-10-12,2024-10-15,Riyadh,online,bronze,6,82.47,0.121,12.98,72.52,432.59,1
101401,2 Aug 2024,2024-08-11,JEDDAH,online,gold,25,52.27,0.241,30.19,753.39,1006.39,1
100643,2024-01-17,2024-01-19,Riyadh,online,gold,31,66.6,0.183,52.11,0.0,1736.95,0
100773,12/18/2024,2024-12-22,Jeddah,online,silver,20,18.91,,7.98,222.05,265.99,1
100678,04/11/2024,2024-04-16,Jeddah,phone,bronze,37,17.38,,13.08,0.0,436.13,0
102587,01/03/2024,2024-01-15,Riyadh,online,bronze,33,20.69,0.053,19.15,0.0,638.34,0
101764,2024-11-08,2024-11-14,Riyadh,online,silver,25,62.08,,32.96,0.0,1098.66,0
104507,22 Jan 2024,2024-02-03, Jeddah,store,silver,36,24.25,0.204,20.48,0.0,682.75,0
104418,7 Jan 2025,2025-01-11,Riyadh ,store,bronze,28,43.67,0.104,32.49,0.0,1082.86,0
103736,2025-03-14,2025-03-15,Tabuk,online,silver,29,17.09,0.148,13.26,0.0,441.93,0
101589,10/21/2024,2024-11-04,Riyadh ,online,bronze,22,96.57,0.225,48.7,224.51,1623.34,1
103760,2024/09/27,2024-10-03,Riyadh,store,bronze,3,26.36,0.083,2.16,0.0,72.08,0
101992,2024-10-06,2024-10-15,Dammam,online,bronze,12,12.77,0.105,4.05,0.0,135.12,0
104396,2024-11-15,2024-11-29,Jeddah,store,silver,17,30.88,0.148,13.59,0.0,453.16,0
104292,07/01/2024,2024-07-05,Riyadh,store,silver,8,92.99,0.106,20.26,0.0,675.38,0
102557,12/17/2024,2024-12-22,Riyadh,store,silver,13,9.23,0.172,2.89,0.0,96.25,0
100799,2025-03-18,2025-03-26,dammam ,store,gold,37,44.5,,33.54,0.0,1118.09,0
101403,29 Feb 2024,2024-03-04,Tabuk,online,bronze,21,35.35,0.124,18.87,0.0,629.02,0
100037,22 Feb 2024,2024-03-04,riyadh,online,silver,6,108.82,0.121,17.45,382.77,581.57,1
101410,2024/04/12,2024-04-19,DAMMAM,store,silver,36,32.05,0.052,32.54,273.5,1084.59,1
102432,14 May 2025,2025-05-25,Dammam,online,bronze,27,105.58,,58.75,0.0,1958.45,0
104861,2025/02/28,2025-03-10,Jeddah,store,gold,32,34.05,0.156,29.41,0.0,980.3,0
101462,2025/03/26,2025-03-29, Jeddah,store,bronze,20,30.37,0.067,17.11,0.0,570.23,0
102694,2024-08-25,2024-09-04,Tabuk,store,silver,9,12.82,0.054,3.29,0.0,109.54,0
100369,08/29/2024,2024-09-08,Riyadh,online,bronze,33,14.95,0.06,14.14,0.0,471.37,0
100131,2025/06/17,2025-06-25,Riyadh,store,bronze,14,21.01,0.064,8.43,0.0,281.15,0
100383,8 Apr 2024,2024-04-20,Abha,online,silver,19,26.25,0.182,12.4,0.0,413.32,0
104096,5 Jul 2024,2024-07-11,Riyadh,store,bronze,28,16.46,0.017,13.9,0.0,463.21,0
101597,2024/01/12,2024-01-13,riyadh,online,silver,2,85.88,0.268,3.76,0.0,125.35,0
103629,10 Feb 2025,2025-02-17,DAMMAM,online,bronze,3,14.09,0.021,1.21,0.0,40.36,0
100535,05/30/2024,2024-06-07,riyadh,online,bronze,34,17.78,,11.83,0.0,394.47,0
103730,05/16/2025,2025-05-26,Dammam,phone,bronze,15,27.31,,11.25,0.0,375.03,0
103176,2024-08-30,2024-09-09,Riyadh,online,silver,18,38.07,,14.58,442.98,486.08,1
103685,28 Nov 2024,2024-12-03,Riyadh,online,bronze,15,37.33,0.107,14.51,0.0,483.71,0
101554,28 Mar 2024,2024-04-10, Jeddah,online,silver,12,56.53,0.107,18.51,504.87,616.86,1
101298,2024-01-03,2024-01-10,Riyadh,online,silver,23,29.96,,12.29,0.0,409.68,0
100915,18 Jul 2024,2024-07-26,TABUK ,phone,silver,31,18.79,,12.9,0.0,430.04,0
103610,4 Mar 2025,2025-03-05,riyadh,store,bronze,17,42.92,0.062,20.34,0.0,678.14,0
102017,28 Jan 2024,2024-02-03,Riyadh ,online,bronze,21,33.76,0.071,20.14,564.74,671.36,1
100292,03/01/2024,2024-03-15,Riyadh,online,bronze,13,42.88,0.067,15.8,0.0,526.55,0
101957,11/19/2024,2024-11-22,Jeddah,online,bronze,30,19.1,0.077,15.94,88.14,531.46,1
102829,2024-04-28,2024-04-29,Abha,online,silver,22,66.05,0.141,37.74,0.0,1258.13,0
102321,2024-01-30,2024-02-05,Riyadh,phone,gold,35,23.91,,20.6,0.0,686.68,0
104647,2025-06-02,2025-06-11,Tabuk,online,silver,18,19.7,0.168,9.13,196.77,304.26,1
101044,06/20/2025,2025-06-24,Dammam,online,silver,5,22.54,0.2,2.84,0.0,94.7,0
101726,2024/12/13,2024-12-24,Riyadh,online,bronze,6,50.41,0.192,7.46,203.72,248.62,1
101572,9 Nov 2024,2024-11-11,Jeddah,phone,silver,24,31.87,,16.08,0.0,536.03,0
104120,2024/05/30,2024-06-01,Jeddah,online,bronze,4,27.73,0.152,2.7,94.03,90.13,1
104125,2024/09/01,2024-09-12,Tabuk,online,bronze,6,16.69,0.104,2.55,0.0,85.01,0
100583,09/19/2024,2024-09-30,Riyadh,online,silver,28,59.2,0.236,38.02,0.0,1267.36,0
101908,06/23/2024,2024-07-05,riyadh,phone,bronze,37,37.12,,36.55,0.0,1218.32,0
102602,20 Jul 2024,2024-07-31,DAMMAM,online,silver,21,31.74,,14.59,0.0,486.47,0
104004,17 Oct 2024,2024-10-30,Riyadh,online,bronze,38,5.75,0.1,5.88,0.0,196.07,0
104876,2024-01-20,2024-01-28,Jeddah,store,bronze,24,66.37,0.188,40.92,0.0,1364.04,0
104166,2024-04-27,2024-05-02,Riyadh,online,silver,35,73.9,0.202,61.97,0.0,2065.6,0
104683,06/23/2024,2024-07-02,Dammam,online,silver,12,89.96,,21.63,0.0,721.1,0
102589,2025/03/30,2025-04-10,JEDDAH,phone,gold,4,11.56,,1.18,0.0,39.3,0
103316,2025/06/13,2025-06-20,Riyadh,phone,bronze,33,49.43,,40.9,0.0,1363.23,0
100602,01/19/2024,2024-01-25,Dammam,online,silver,37,42.55,0.117,40.09,0.0,1336.22,0
102611,01/06/2024,2024-01-13,tabuk,phone,silver,34,89.67,,56.73,0.0,1890.94,0
102358,23 Dec 2024,2024-12-27,Jeddah,store,silver,38,34.31,,34.75,0.0,1158.36,0
103791,2024-01-19,2024-01-30,Riyadh,online,silver,35,62.41,0.209,50.71,0.0,1690.36,0
100827,26 Mar 2025,2025-04-07, Jeddah,store,gold,6,15.84,0.173,2.43,0.0,80.97,0
102499,09/30/2024,2024-10-08,Abha,online,silver,36,34.14,0.117,33.19,0.0,1106.34,0
102627,22 Apr 2024,2024-04-28, Jeddah,online,bronze,31,57.22,0.064,47.97,0.0,1599.07,0
103553,03/22/2024,2024-04-05, Jeddah,online,bronze,12,31.59,0.187,9.23,256.89,307.74,1
104678,02/21/2025,2025-02-23,Riyadh,store,bronze,17,11.06,0.222,4.43,0.0,147.62,0
104330,2024-07-22,2024-08-03,TABUK ,online,bronze,5,39.72,0.07,5.54,0.0,184.64,0
104742,05/06/2025,2025-05-15,riyadh,phone,gold,6,111.42,,15.17,351.3,505.61,1
103981,2024-12-31,2025-01-07,Riyadh,online,bronze,39,61.44,0.247,53.57,0.0,1785.52,0
102149,6 Nov 2024,2024-11-08,Dammam,online,silver,32,22.3,0.097,19.14,0.0,637.92,0
102592,04/22/2025,2025-05-06,TABUK ,online,gold,40,51.94,0.143,53.89,0.0,1796.33,0
100272,22 Jun 2025,2025-06-29,Riyadh,store,bronze,28,7.91,0.028,6.34,0.0,211.19,0
100567,2025-03-25,2025-04-06,dammam ,online,silver,38,7.62,0.201,6.96,0.0,232.02,0
102324,2024-04-18,2024-04-27,Riyadh ,store,gold,30,92.97,,58.57,0.0,1952.27,0
104767,02/09/2025,2025-02-19,Dammam,phone,silver,2,25.96,,1.13,0.0,37.79,0
104454,08/25/2024,2024-09-05,Dammam,online,silver,21,5.75,0.058,3.4,0.0,113.21,0
102119,25 Feb 2025,2025-03-04,Riyadh ,online,bronze,31,85.06,0.188,63.79,0.0,2126.34,0
103104,2024/01/21,2024-01-22,DAMMAM,online,gold,3,54.04,0.125,4.47,0.0,149.09,0
100264,2024-02-11,2024-02-12,Riyadh ,phone,bronze,12,56.4,,16.57,0.0,552.4,0
102459,2025/04/19,2025-04-24,Riyadh,phone,gold,39,51.75,,33.46,540.79,1115.33,1
103027,2025-06-27,2025-07-10,Riyadh,store,bronze,1,64.11,0.199,1.58,0.0,52.55,0
103792,08/08/2024,2024-08-21,Riyadh,store,silver,24,25.65,0.067,17.15,0.0,571.57,0
102879,06/25/2025,2025-07-07,Jeddah,online,bronze,22,110.54,0.074,69.21,1228.76,2306.94,1
103243,7 Jan 2024,2024-01-13,TABUK ,store,silver,34,23.18,0.124,20.41,0.0,680.32,0
103181,3 Sep 2024,2024-09-05,Tabuk,store,silver,30,27.22,,19.31,0.0,643.64,0
104199,2024/09/01,2024-09-07,Riyadh,store,bronze,29,57.16,0.084,45.5,0.0,1516.64,0
102654,2024/08/24,2024-08-29,Dammam,phone,bronze,27,71.11,,54.38,0.0,1812.64,0
101831,2024/12/17,2024-12-18,Jeddah,online,bronze,4,48.35,0.059,5.31,0.0,177.11,0
102905,2024-07-11,2024-07-25,Jeddah,online,silver,34,19.27,0.176,16.44,0.0,547.85,0
102519,05/27/2025,2025-06-07, Jeddah,online,gold,28,162.06,0.232,103.01,0.0,3433.76,0
101227,2024/12/09,2024-12-21, Jeddah,online,bronze,8,53.16,0.049,12.37,50.57,412.36,1
104670,2024-07-20,2024-07-22,Riyadh,store,silver,10,41.82,0.05,11.59,0.0,386.2,0
102441,04/07/2024,2024-04-17,Tabuk,phone,silver,16,24.85,,10.35,0.0,344.99,0
101826,08/22/2024,2024-08-26,Riyadh,phone,silver,26,24.58,,14.92,0.0,497.39,0
100098,2024/03/04,2024-03-18,Riyadh,store,silver,39,21.22,0.08,23.11,0.0,770.43,0
100958,27 Nov 2024,2024-11-29,Jeddah,store,bronze,27,79.24,0.224,49.98,0.0,1666.04,0
100916,2024/10/15,2024-10-17,Tabuk,store,silver,13,82.91,0.065,31.78,0.0,1059.4,0
104301,04/01/2025,2025-04-09,Jeddah,online,bronze,7,192.61,0.181,34.06,0.0,1135.25,0
104570,2024/10/26,2024-11-08,Jeddah,online,gold,9,23.61,,4.84,0.0,161.2,0
101308,2024/05/08,2024-05-21,Dammam,online,bronze,17,37.03,,13.0,176.01,433.21,1
104814,2025-05-29,2025-05-31,Tabuk,online,bronze,15,95.51,0.064,40.26,89.37,1342.04,1
100125,16 Apr 2025,2025-04-23,Riyadh,online,bronze,36,16.47,0.035,17.5,0.0,583.27,0
101373,2024/06/04,2024-06-13,Jeddah,online,silver,6,22.71,,2.28,0.0,76.07,0
100113,18 May 2024,2024-05-25,riyadh,store,bronze,9,79.06,0.068,19.81,0.0,660.36,0
100694,24 Mar 2025,2025-03-29,Riyadh ,online,silver,35,49.43,0.126,46.97,0.0,1565.8,0
104782,2025-05-23,2025-05-25,TABUK ,phone,silver,26,47.73,,27.39,0.0,912.86,0
104161,02/21/2024,2024-02-27,Jeddah,store,bronze,36,99.1,,67.66,0.0,2255.5,0
101233,25 Jul 2024,2024-08-04,Riyadh,store,bronze,10,26.54,0.089,7.31,0.0,243.51,0
104463,2024-11-01,2024-11-03,riyadh,phone,silver,39,48.37,,36.06,1080.76,1201.9,1
101682,2024-01-09,2024-01-23,Abha,online,silver,1,89.84,0.072,2.53,0.0,84.29,0
102251,2024-07-22,2024-08-05,Jeddah,phone,bronze,12,57.97,,18.23,0.0,607.68,0
102954,23 Apr 2025,2025-05-07,Tabuk,online,silver,37,32.35,0.118,32.5,0.0,1083.24,0
104509,2025-04-15,2025-04-18,Dammam,store,bronze,3,83.99,0.001,7.73,0.0,257.79,0
102934,2024/05/06,2024-05-13,Tabuk,online,silver,30,37.83,0.147,28.89,0.0,963.01,0
101890,2025/01/01,2025-01-13,Jeddah,store,bronze,3,34.64,0.212,2.54,0.0,84.78,0
101310,2025-05-31,2025-06-13,Tabuk,online,silver,22,14.01,0.14,7.59,0.0,253.09,0
104661,29 Oct 2024,2024-11-06,DAMMAM,phone,silver,35,32.22,,29.48,0.0,982.78,0
100802,25 Dec 2024,2025-01-05,Riyadh,online,gold,3,38.21,,2.6,0.0,86.63,0
103762,8 Jun 2024,2024-06-22,Riyadh ,store,bronze,23,53.06,,25.51,594.76,850.28,1
101516,2024-12-03,2024-12-04,riyadh,online,silver,8,163.97,0.319,26.43,0.0,880.92,0
100345,06/23/2025,2025-06-26,Abha,store,gold,4,56.12,0.154,5.55,0.0,184.88,0
102723,24 Feb 2025,2025-02-26,Jeddah,online,bronze,36,59.5,0.214,51.11,0.0,1703.71,0
101038,20 May 2024,2024-05-23,JEDDAH,online,bronze,6,48.22,0.044,8.17,0.0,272.24,0
101978,15 Apr 2024,2024-04-20,Tabuk,store,gold,34,45.07,,34.06,0.0,1135.43,0
103599,2024/01/20,2024-01-25,Tabuk,online,bronze,8,144.61,0.104,31.33,518.45,1044.46,1
102524,4 Jan 2024,2024-01-09,Dammam,online,bronze,23,71.87,0.157,40.92,302.76,1363.93,1
102046,2024-02-16,2024-02-27,Riyadh,store,silver,36,68.73,,55.75,0.0,1858.36,0
102275,2024-10-03,2024-10-09,abha,online,silver,14,7.97,0.103,2.96,0.0,98.57,0
103319,2024-03-24,2024-03-28,Riyadh,store,silver,24,10.12,0.214,5.54,0.0,184.72,0
100951,2024-02-06,2024-02-16,Jeddah,store,silver,20,29.43,0.095,16.68,0.0,556.06,0
101397,05/08/2024,2024-05-18,Jeddah,phone,bronze,11,52.23,,15.76,0.0,525.3,0
103324,10/13/2024,2024-10-17,Abha,store,gold,1,145.21,0.214,3.4,0.0,113.44,0
103777,11 Jul 2024,2024-07-18,Dammam,store,bronze,34,6.55,0.131,5.92,0.0,197.21,0
101104,09/09/2024,2024-09-12,Abha,online,silver,40,33.84,0.076,37.68,687.73,1255.96,1
102225,2024-02-14,2024-02-25,Tabuk,online,gold,15,15.22,0.161,5.64,0.0,187.98,0
100416,2025/04/28,2025-05-08,Riyadh,store,gold,13,61.87,0.117,21.07,0.0,702.42,0
103202,2024/08/28,2024-09-02,Tabuk,store,bronze,1,8.47,0.093,0.23,0.0,7.7,0
102007,2025-06-20,2025-07-01,Jeddah,store,silver,36,28.67,0.223,24.43,0.0,814.42,0
103465,2024/10/01,2024-10-15,dammam ,store,bronze,23,42.0,0.292,20.33,0.0,677.53,0
101026,2025-05-12,2025-05-14,Riyadh ,phone,silver,31,13.89,,10.74,126.6,357.86,1
100578,2024/12/09,2024-12-14,Jeddah,phone,silver,5,35.4,,3.99,52.15,132.9,1
102075,27 Sep 2024,2024-10-11,JEDDAH,online,bronze,27,15.84,0.155,10.54,80.28,351.45,1
104659,03/09/2024,2024-03-15,JEDDAH,online,bronze,15,37.56,0.073,15.62,0.0,520.8,0
102857,06/09/2024,2024-06-23,dammam ,store,gold,16,121.78,0.321,40.2,248.05,1339.87,1
102748,3 Mar 2024,2024-03-07,Riyadh ,online,silver,35,60.49,0.382,39.46,0.0,1315.31,0
102204,2025/02/10,2025-02-18,Riyadh,online,silver,25,44.38,0.05,31.46,252.9,1048.7,1
103520,02/02/2024,2024-02-08,dammam ,store,bronze,34,32.68,0.225,25.74,0.0,858.11,0
103115,2025-06-29,2025-07-11,Jeddah,online,bronze,21,14.35,0.202,6.92,11.45,230.71,1
102336,2025/02/10,2025-02-20,Dammam,online,bronze,13,67.4,0.144,22.1,0.0,736.71,0
100563,01/01/2025,2025-01-12,abha,online,silver,17,27.12,0.206,10.77,0.0,359.05,0
104686,2024-07-29,2024-08-03,Jeddah,online,bronze,15,42.32,0.177,15.42,452.78,513.9,1
103725,2024/01/18,2024-01-22,Abha,online,bronze,28,31.5,0.228,19.87,0.0,662.43,0
100318,2024-07-09,2024-07-15,Dammam,online,bronze,25,31.57,0.04,22.9,0.0,763.45,0
101885,2024/06/21,2024-06-29,Riyadh,store,bronze,22,71.9,0.141,41.72,988.32,1390.79,1
100762,2024-05-08,2024-05-20,riyadh,store,bronze,13,36.77,,13.88,0.0,462.71,0
104704,05/21/2024,2024-05-24,JEDDAH,online,gold,38,16.91,0.148,16.66,0.0,555.21,0
102657,31 May 2024,2024-06-07,Jeddah,phone,bronze,3,64.43,,4.22,0.0,140.51,0
104666,2025-05-05,2025-05-18,Jeddah,online,bronze,6,25.2,0.159,3.82,0.0,127.23,0
104320,2024/10/02,2024-10-15,Jeddah,store,bronze,20,22.24,,12.47,0.0,415.65,0
100634,08/12/2024,2024-08-25,Jeddah,store,silver,38,26.11,0.165,24.74,0.0,824.76,0
102369,12/04/2024,2024-12-14,JEDDAH,online,silver,25,50.84,0.207,30.38,0.0,1012.55,0
103786,2025/03/13,2025-03-26,Tabuk,store,bronze,31,50.55,,39.48,0.0,1316.15,0
103680,01/25/2024,2024-02-01,Riyadh ,online,bronze,3,20.53,0.141,1.49,0.0,49.83,0
100721,21 Feb 2024,2024-02-26,Jeddah,phone,silver,31,5.62,,3.86,0.0,128.68,0
103142,07/04/2024,2024-07-15,Riyadh,store,gold,36,9.88,0.16,9.25,0.0,308.45,0
100406,03/28/2024,2024-04-04,Abha,phone,gold,13,34.16,,10.41,82.63,346.94,1
102298,2025-04-10,2025-04-11,Riyadh ,phone,silver,13,25.0,,8.88,0.0,295.93,0
101380,2025/04/16,2025-04-19,Jeddah,online,gold,26,58.88,0.222,37.09,229.0,1236.3,1
103489,8 Apr 2025,2025-04-10,Riyadh,phone,gold,38,25.33,,19.02,0.0,633.95,0
101273,16 Mar 2024,2024-03-23,Jeddah,phone,bronze,32,46.97,,38.25,0.0,1275.13,0
101791,05/30/2024,2024-06-02,Dammam,online,silver,38,41.54,0.101,42.49,1344.92,1416.43,1
102317,28 May 2024,2024-06-09,Riyadh,online,bronze,19,27.33,0.307,10.14,0.0,337.89,0
103503,2025-01-13,2025-01-24,Riyadh,online,gold,32,42.98,0.236,31.82,0.0,1060.53,0
102624,2024/12/23,2024-12-30,Tabuk,online,silver,5,27.35,0.078,3.71,0.0,123.78,0
101036,18 Apr 2025,2025-05-01,Dammam,store,bronze,15,16.42,0.036,7.15,0.0,238.26,0
103522,2024/01/24,2024-01-28,Abha,online,silver,23,50.17,0.203,27.67,839.54,922.31,1
103021,22 Apr 2024,2024-04-25,Jeddah,online,bronze,27,51.79,0.124,37.4,0.0,1246.73,0
100504,21 May 2024,2024-06-02,Jeddah,online,bronze,3,40.56,0.139,3.1,34.9,103.37,1
103904,03/12/2025,2025-03-24,Jeddah,online,silver,26,64.9,0.114,44.77,1495.29,1492.38,1
103413,2025-01-31,2025-02-13,Jeddah,store,gold,17,69.46,0.244,27.71,0.0,923.52,0
103823,2024/12/31,2025-01-04,Jeddah,store,bronze,6,16.91,0.242,2.2,0.0,73.24,0
102282,09/29/2024,2024-10-04,Riyadh,store,silver,14,29.58,0.064,11.3,0.0,376.58,0
104340,2025-02-15,2025-02-24,Abha,online,silver,19,90.54,,36.64,0.0,1221.36,0
104764,20 Nov 2024,2024-12-02,Jeddah,store,silver,8,52.37,0.147,10.58,0.0,352.62,0
103766,2024/08/01,2024-08-02,Abha,online,silver,22,47.14,0.151,25.65,0.0,855.04,0
102846,7 Oct 2024,2024-10-08,Jeddah,store,bronze,38,77.56,0.101,77.47,0.0,2582.38,0
104499,2024/11/10,2024-11-15,Abha,online,bronze,34,52.65,,44.85,0.0,1495.14,0
103656,28 Apr 2025,2025-05-08,Riyadh,online,gold,38,17.07,,14.58,178.08,486.13,1
100786,2025/02/24,2025-03-06,Jeddah,store,bronze,10,45.68,0.048,12.82,0.0,427.38,0
102398,2025/03/17,2025-03-20,Riyadh,store,bronze,40,66.77,0.264,55.98,0.0,1866.06,0
102174,2024/08/14,2024-08-16,Riyadh,store,silver,19,26.88,0.095,13.99,0.0,466.49,0
100181,2024-11-04,2024-11-12,Tabuk,phone,bronze,36,101.76,,76.05,0.0,2535.06,0
101735,2025-04-02,2025-04-12,abha,store,silver,29,61.33,0.182,44.52,0.0,1484.02,0
104591,4 Oct 2024,2024-10-06,Riyadh,online,silver,24,55.61,0.148,34.76,0.0,1158.78,0
101433,2025-05-18,2025-05-19,Riyadh ,store,bronze,40,51.21,0.22,49.29,0.0,1643.01,0
100982,2025/05/03,2025-05-17,Abha,store,bronze,18,52.28,0.136,24.63,0.0,820.97,0
102397,2025/01/20,2025-01-26,Riyadh,store,gold,36,10.93,0.202,9.31,0.0,310.2,0
104547,2024-06-18,2024-06-24,Tabuk,online,gold,23,14.06,,6.27,0.0,209.12,0
102235,2024/10/05,2024-10-12,dammam ,online,silver,10,64.34,0.101,17.22,0.0,573.92,0
104586,2024/10/10,2024-10-16,Dammam,online,silver,32,84.64,0.047,80.0,1370.9,2666.67,1
101766,2025-02-13,2025-02-21,Riyadh,store,bronze,2,160.15,0.136,8.26,276.79,275.43,1
101154,2025-04-19,2025-04-28,Riyadh,store,bronze,34,37.01,0.063,35.44,0.0,1181.24,0
100651,6 Jun 2024,2024-06-07,Jeddah,online,silver,31,37.96,0.116,30.31,0.0,1010.34,0
100693,31 Aug 2024,2024-09-10,Riyadh,store,bronze,35,25.18,,19.04,0.0,634.52,0
101783,08/25/2024,2024-09-01,Riyadh,online,silver,9,45.36,0.136,10.28,0.0,342.55,0
100852,7 May 2025,2025-05-14,Riyadh ,online,bronze,27,13.22,0.08,9.76,0.0,325.44,0
100373,2024-09-21,2024-10-01,Jeddah,online,silver,38,46.32,0.117,47.15,0.0,1571.71,0
104381,2024/08/21,2024-09-02, Jeddah,online,gold,38,20.24,,15.58,237.19,519.28,1
101069,2024/04/09,2024-04-20,Riyadh,store,bronze,12,211.73,0.085,68.43,0.0,2280.87,0
100597,2024/05/02,2024-05-12,Dammam,online,silver,18,16.98,0.174,7.52,0.0,250.5,0
100862,10/06/2024,2024-10-09,Dammam,online,gold,34,20.96,0.247,16.18,425.98,539.26,1
103452,01/21/2024,2024-01-23,Jeddah,online,silver,31,63.19,0.261,42.98,420.48,1432.62,1
104281,11/04/2024,2024-11-08,Riyadh,store,gold,17,78.02,0.105,35.68,0.0,1189.33,0
102176,2024/04/15,2024-04-23,Jeddah,store,silver,11,8.29,0.164,2.23,0.0,74.26,0
101148,05/06/2024,2024-05-08,Abha,online,bronze,1,86.71,0.088,2.33,0.0,77.7,0
103573,2024-07-12,2024-07-15,Riyadh,online,bronze,19,47.78,0.077,25.07,0.0,835.55,0
100355,2024/10/11,2024-10-20,JEDDAH,online,silver,34,57.14,0.155,50.24,0.0,1674.65,0
103866,30 Mar 2024,2024-04-07,Riyadh,store,silver,25,53.7,0.117,34.72,0.0,1157.49,0
100323,2024-10-29,2024-11-06,Riyadh,online,bronze,37,69.89,0.112,68.7,0.0,2289.97,0
104510,2025/03/16,2025-03-18,Riyadh,online,bronze,18,26.64,0.36,9.4,85.19,313.39,1
101299,24 Dec 2024,2025-01-06,Dammam,phone,silver,19,14.63,,7.58,0.0,252.58,0
101442,13 Feb 2024,2024-02-23,Riyadh,online,silver,33,56.93,0.165,46.49,0.0,1549.71,0
100974,21 Mar 2024,2024-04-02,Tabuk,phone,bronze,26,13.48,,8.15,0.0,271.62,0
104477,2025-05-03,2025-05-17, Jeddah,phone,silver,15,27.65,,9.09,0.0,303.12,0
100020,2024/06/21,2024-06-25,dammam ,store,bronze,28,10.72,0.077,8.13,0.0,271.01,0
103922,17 Aug 2024,2024-08-19,Abha,online,silver,28,66.0,0.087,49.43,0.0,1647.72,0
102117,2024/02/09,2024-02-15,riyadh,store,bronze,32,18.47,0.118,15.81,0.0,526.96,0
101339,06/28/2024,2024-07-11,Abha,online,bronze,3,28.35,0.067,2.41,0.0,80.35,0
100574,2025-04-25,2025-05-06,Dammam,online,silver,7,25.09,,3.45,0.0,114.84,0
102931,2024/03/23,2024-04-04,Jeddah,online,bronze,10,20.36,0.066,5.56,0.0,185.43,0
102155,10 Dec 2024,2024-12-15,Dammam,phone,silver,24,84.54,,38.57,0.0,1285.63,0
104612,13 May 2025,2025-05-15,Riyadh ,online,bronze,8,9.62,0.137,2.0,0.0,66.68,0
101022,2025-05-17,2025-05-29,Dammam,store,silver,8,10.93,,1.82,0.0,60.57,0
103767,08/25/2024,2024-08-30,Jeddah,store,bronze,8,34.31,0.126,6.85,29.98,228.27,1
104245,21 Jun 2025,2025-07-01,DAMMAM,online,bronze,14,10.82,,4.32,0.0,143.96,0
102035,02/13/2024,2024-02-15,riyadh,store,silver,28,52.0,0.079,39.59,766.43,1319.54,1
101755,12/04/2024,2024-12-10,JEDDAH,online,bronze,9,18.65,0.035,4.93,143.95,164.19,1
101019,10/27/2024,2024-11-08,Riyadh,store,silver,28,35.77,0.207,24.8,0.0,826.5,0
104497,13 Jul 2024,2024-07-24, Jeddah,online,gold,18,47.78,,16.12,88.92,537.21,1
103779,2025-03-14,2025-03-25,Dammam,online,silver,38,38.43,0.103,40.45,0.0,1348.23,0
102263,18 Oct 2024,2024-10-20,JEDDAH,online,silver,15,49.26,0.224,16.78,0.0,559.39,0
103734,29 Jan 2025,2025-02-11,Jeddah,online,bronze,33,60.09,0.101,54.76,1296.97,1825.23,1
102562,10/16/2024,2024-10-27,dammam ,online,bronze,3,46.92,0.023,4.19,45.86,139.68,1
100167,25 Aug 2024,2024-09-01,Abha,store,silver,17,56.2,0.278,20.84,608.64,694.68,1
102425,2024/03/15,2024-03-23,Tabuk,store,gold,19,45.87,0.309,18.42,0.0,613.94,0
101248,2024-01-18,2024-01-24,Riyadh,store,bronze,33,45.0,0.197,36.06,0.0,1201.91,0
102306,2025/04/08,2025-04-11,Riyadh,online,silver,40,20.52,,17.61,316.21,587.12,1
102109,2025-05-19,2025-05-28,Jeddah,online,silver,32,30.39,0.195,24.17,489.57,805.54,1
104711,2024/06/28,2024-07-03,abha,online,bronze,18,44.5,0.038,22.92,0.0,763.91,0
100460,10 Jan 2024,2024-01-14,Dammam,store,bronze,31,84.98,0.227,59.14,131.4,1971.22,1
103751,2024/10/06,2024-10-13,Riyadh,online,bronze,21,20.09,0.165,10.79,0.0,359.65,0
100986,2025-04-20,2025-04-29,Tabuk,online,silver,15,35.84,,9.49,0.0,316.47,0
101238,2025/05/04,2025-05-15,Jeddah,store,gold,24,53.2,0.245,28.85,0.0,961.74,0
102862,2024-01-15,2024-01-28,Jeddah,store,gold,40,20.2,,14.71,0.0,490.42,0
102004,22 Nov 2024,2024-11-26,dammam ,online,silver,7,32.93,0.138,6.13,0.0,204.38,0
102496,16 Jun 2025,2025-06-17,Jeddah,phone,gold,5,15.53,,1.54,0.0,51.29,0
101649,04/02/2025,2025-04-11,Tabuk,online,bronze,12,35.09,0.062,11.96,0.0,398.75,0
100229,2025-05-19,2025-05-29,Dammam,online,silver,16,22.81,0.127,9.25,0.0,308.46,0
100021,2024-11-22,2024-11-26,Dammam,online,silver,18,75.0,0.185,33.15,794.86,1105.11,1
103296,2025-06-19,2025-06-21,tabuk,online,bronze,34,31.62,0.054,29.59,0.0,986.49,0
101384,2025/06/01,2025-06-06,TABUK ,online,silver,28,64.1,0.229,42.94,0.0,1431.48,0
102412,03/21/2024,2024-03-25,Tabuk,store,bronze,26,177.46,0.197,112.28,0.0,3742.53,0
103144,11/11/2024,2024-11-21,Riyadh,phone,gold,40,27.85,,23.76,58.02,792.04,1
104027,2024/10/08,2024-10-19,Dammam,store,bronze,37,20.85,0.083,20.69,0.0,689.61,0
104279,2025/01/17,2025-01-29,Riyadh,store,bronze,25,51.62,,30.49,0.0,1016.4,0
102681,2024-03-06,2024-03-09,abha,store,bronze,37,12.22,0.067,12.47,0.0,415.52,0
103589,2024/03/18,2024-03-23,Dammam,store,bronze,14,51.17,0.248,16.16,0.0,538.71,0
104696,2024/09/14,2024-09-28,Dammam,online,bronze,31,53.12,0.06,45.77,0.0,1525.54,0
103281,13 Apr 2024,2024-04-21,Dammam,phone,bronze,5,58.73,,7.88,0.0,262.71,0
104207,5 Feb 2024,2024-02-17,Riyadh,online,gold,35,94.97,,82.89,0.0,2763.12,0
100100,04/09/2025,2025-04-23,tabuk,online,silver,35,47.7,0.248,37.58,0.0,1252.77,0
104447,4 May 2024,2024-05-18,Jeddah,store,silver,22,45.13,,21.54,0.0,717.85,0
100842,2024-10-22,2024-11-04,Abha,store,bronze,40,46.16,0.031,53.49,1341.92,1783.13,1
102967,2024-04-04,2024-04-17,Riyadh,phone,silver,20,149.32,,80.09,0.0,2669.82,0
100234,2024/11/08,2024-11-22, Jeddah,online,silver,29,36.76,0.183,26.57,0.0,885.72,0
100988,2025-05-05,2025-05-08,riyadh,store,silver,21,41.02,0.241,19.82,0.0,660.56,0
100991,2024-08-31,2024-09-08,Dammam,online,silver,1,27.29,0.138,0.7,0.0,23.3,0
103925,2024-05-30,2024-06-04,riyadh,online,silver,26,92.9,0.207,58.36,0.0,1945.23,0
101845,01/04/2025,2025-01-17,Riyadh,online,gold,23,32.41,,15.64,0.0,521.29,0
100714,30 Jun 2024,2024-07-03,Tabuk,store,silver,39,90.61,0.283,73.34,0.0,2444.69,0
100381,9 Jan 2024,2024-01-17,Jeddah,online,gold,7,44.4,,7.7,0.0,256.79,0
100452,03/29/2024,2024-04-12,TABUK ,online,silver,26,29.62,0.135,19.53,179.44,651.07,1
102741,2024/09/06,2024-09-14,Riyadh,store,gold,2,46.6,,2.05,0.0,68.23,0
104446,12 Mar 2025,2025-03-25,Jeddah,online,bronze,1,24.78,0.1,0.68,0.0,22.7,0
103308,2024-05-12,2024-05-14,Riyadh,store,silver,36,89.74,,85.55,0.0,2851.58,0
102800,26 Feb 2025,2025-03-03,DAMMAM,online,gold,17,16.32,0.389,5.09,0.0,169.53,0
103601,01/16/2025,2025-01-22,Riyadh,online,bronze,38,137.02,,113.35,601.91,3778.24,1
101295,2024/10/18,2024-10-25,Jeddah,online,bronze,20,31.67,,13.4,0.0,446.6,0
103261,2024-02-12,2024-02-15,Riyadh,phone,bronze,26,20.28,,11.86,0.0,395.47,0
102200,17 Oct 2024,2024-10-25,DAMMAM,online,gold,20,43.32,0.227,20.89,66.98,696.43,1
104717,2025/03/07,2025-03-16,Jeddah,online,bronze,38,21.51,0.129,21.54,0.0,718.04,0
102246,2024/02/27,2024-03-04,Riyadh ,online,bronze,25,100.84,0.028,74.01,0.0,2466.94,0
102113,20 Aug 2024,2024-09-01,Riyadh ,store,bronze,33,45.75,0.163,37.48,957.41,1249.26,1
100755,2025-01-01,2025-01-15,Dammam,phone,bronze,38,9.29,,7.81,0.0,260.48,0
100070,2025/03/18,2025-03-23,Jeddah,online,silver,9,21.28,0.174,4.77,0.0,158.95,0
101263,2025-03-05,2025-03-14,Riyadh,phone,silver,10,45.21,,11.08,0.0,369.39,0
100274,2024/04/22,2024-04-26,Jeddah,online,bronze,29,19.27,0.137,14.53,0.0,484.17,0
103626,2025/03/31,2025-04-07,Jeddah,online,silver,40,34.95,,30.84,0.0,1027.93,0
101294,2025-03-13,2025-03-23,Riyadh,online,gold,2,35.08,0.256,1.56,26.1,52.01,1
103328,2024-11-29,2024-12-07,Abha,online,silver,5,10.54,0.114,1.42,0.0,47.5,0
100851,2025-05-12,2025-05-21,Riyadh,online,silver,26,47.65,0.232,28.4,146.29,946.65,1
103394,2024/11/25,2024-12-04,riyadh,store,gold,10,15.57,0.176,3.78,0.0,126.1,0
102101,2024-01-31,2024-02-13,DAMMAM,phone,silver,10,25.69,,5.52,0.0,183.95,0
104511,7 Sep 2024,2024-09-16,Jeddah,phone,bronze,38,190.06,,180.94,2810.3,6031.2,1
101130,2024/12/11,2024-12-15,tabuk,online,silver,40,37.51,0.39,26.51,434.71,883.51,1
102852,12 Jun 2025,2025-06-25,Jeddah,online,silver,22,35.39,0.116,20.77,0.0,692.19,0
101013,9 May 2025,2025-05-17,Jeddah,online,gold,13,33.69,0.197,10.22,0.0,340.82,0
103546,8 Sep 2024,2024-09-20,Jeddah,online,bronze,1,13.17,0.147,0.35,0.0,11.71,0
101887,2024-04-09,2024-04-18,riyadh,store,bronze,24,94.18,0.207,54.71,0.0,1823.82,0
101973,03/29/2024,2024-04-07,dammam ,phone,bronze,28,70.27,,56.73,1055.3,1891.16,1
104406,05/28/2024,2024-05-29,Jeddah,online,silver,12,70.21,0.227,20.19,0.0,672.99,0
100135,12/22/2024,2025-01-02,Jeddah,online,silver,7,73.58,0.097,13.7,0.0,456.79,0
101117,2025-04-29,2025-05-09,Riyadh,online,bronze,26,33.71,0.08,24.04,0.0,801.21,0
102228,2025-06-22,2025-07-04,Riyadh,online,silver,37,60.01,0.123,56.95,0.0,1898.44,0
101938,04/14/2025,2025-04-18,Dammam,online,bronze,23,20.03,0.107,12.34,0.0,411.2,0
100133,5 May 2025,2025-05-15,Jeddah,online,bronze,24,52.05,0.45,20.52,372.16,683.86,1
101921,2024-02-18,2024-03-02,Jeddah,online,silver,34,18.0,0.188,15.41,0.0,513.57,0
104357,2024/04/30,2024-05-05,Tabuk,phone,bronze,19,38.16,,19.39,0.0,646.17,0
103431,01/04/2024,2024-01-08, Jeddah,online,silver,40,100.38,0.16,101.35,1517.5,3378.3,1
102345,10/23/2024,2024-10-25,Dammam,store,silver,9,46.61,0.134,10.71,0.0,356.95,0
100516,12 Oct 2024,2024-10-19,Riyadh,online,silver,12,53.46,0.116,17.61,0.0,587.02,0
101879,10 Dec 2024,2024-12-12,Jeddah,phone,bronze,23,129.84,,78.39,1945.81,2613.12,1
103140,25 Feb 2024,2024-02-28,Jeddah,online,bronze,18,29.69,0.082,14.64,0.0,488.04,0
101873,2024-09-20,2024-09-24,TABUK ,online,bronze,35,176.32,0.077,173.35,3578.78,5778.28,1
103374,19 Dec 2024,2024-12-27,riyadh,online,bronze,9,172.45,0.068,45.31,1446.42,1510.3,1
104181,2024-02-21,2024-02-27,DAMMAM,store,bronze,12,26.86,0.149,8.28,0.0,275.85,0
103432,2024-05-15,2024-05-20,Jeddah,phone,gold,21,32.72,,15.97,506.59,532.44,1
100638,2024/01/01,2024-01-08,Dammam,online,silver,21,16.95,0.176,8.81,0.0,293.71,0
100899,2025-03-15,2025-03-23,riyadh,online,silver,34,17.47,0.083,16.5,0.0,550.15,0
100684,9 Mar 2024,2024-03-20,Jeddah,store,bronze,21,19.82,0.06,11.44,391.07,381.31,1
102278,2025-01-12,2025-01-21,Riyadh ,online,bronze,4,43.8,0.132,4.67,152.0,155.78,1
102699,6 Dec 2024,2024-12-10,Jeddah,store,silver,36,120.84,,84.18,0.0,2806.05,0
101367,02/10/2024,2024-02-18,Riyadh ,online,silver,1,33.74,0.225,0.8,0.0,26.59,0
103923,2024-03-01,2024-03-12,Jeddah,online,bronze,19,27.02,0.065,14.63,176.9,487.75,1
104229,2024/08/08,2024-08-18,JEDDAH,store,bronze,11,19.05,0.071,5.88,0.0,195.84,0
103299,30 Jul 2024,2024-08-02,Jeddah,online,bronze,9,39.29,0.162,8.78,0.0,292.51,0
102135,5 Mar 2025,2025-03-10,Jeddah,online,bronze,36,25.15,0.117,23.94,355.13,798.13,1
104097,10/20/2024,2024-10-26,Jeddah,phone,bronze,11,14.71,,2.62,64.72,87.28,1
101119,01/27/2025,2025-02-05,Riyadh ,online,silver,29,43.98,,25.33,0.0,844.49,0
103584,01/04/2025,2025-01-14,dammam ,online,gold,36,15.22,,10.81,0.0,360.42,0
102919,02/08/2025,2025-02-11,Riyadh,online,bronze,20,41.39,0.134,21.0,0.0,700.1,0
101655,2024/10/04,2024-10-12,Tabuk,phone,bronze,7,41.09,,8.54,0.0,284.81,0
104860,2025-02-17,2025-02-25,Riyadh,online,gold,32,39.74,,24.3,0.0,810.16,0
102476,2024/02/19,2024-02-23,Riyadh,phone,silver,23,31.19,,16.06,0.0,535.26,0
100565,2024/12/27,2024-12-28,DAMMAM,online,bronze,10,29.19,0.105,7.85,0.0,261.64,0
103688,2024-04-14,2024-04-15,Tabuk,online,silver,26,30.77,0.129,21.35,0.0,711.78,0
103129,2025/05/11,2025-05-23,dammam ,phone,bronze,13,47.51,,16.41,0.0,546.95,0
101023,2025-02-19,2025-03-02,Tabuk,online,gold,39,17.47,0.237,15.71,266.43,523.71,1
100650,2025-03-29,2025-04-11,riyadh,online,bronze,39,33.26,0.256,28.82,0.0,960.6,0
101421,11/26/2024,2024-12-07,Dammam,online,silver,33,15.48,0.188,12.71,0.0,423.67,0
103941,4 Aug 2024,2024-08-11,Riyadh,phone,bronze,33,13.82,,12.48,0.0,416.01,0
104051,2025/04/01,2025-04-12,Tabuk,online,bronze,35,20.9,0.099,19.44,0.0,647.91,0
104049,06/15/2024,2024-06-20,Jeddah,store,silver,3,27.61,0.358,1.56,0.0,52.13,0
103411,2024/10/09,2024-10-20,dammam ,phone,gold,22,41.21,,20.73,0.0,690.84,0
100984,2024-07-24,2024-07-26,JEDDAH,store,silver,35,81.62,,59.52,0.0,1984.06,0
100187,11/08/2024,2024-11-17,Jeddah,store,silver,21,43.28,,19.6,402.05,653.38,1
103242,2025/03/23,2025-04-06,Jeddah,store,bronze,18,40.56,0.062,20.68,0.0,689.31,0
100089,2024/11/08,2024-11-21,Riyadh,online,gold,6,5.54,0.192,0.81,0.0,27.11,0
100870,12/30/2024,2025-01-13,Riyadh ,store,bronze,29,11.92,0.011,10.16,0.0,338.78,0
104363,2024-07-07,2024-07-18,Dammam,online,gold,4,33.44,,3.04,100.78,101.37,1
103511,2024/02/25,2024-02-28,Tabuk,online,silver,9,28.65,0.122,6.71,125.78,223.73,1
102450,2024-03-30,2024-04-09,Jeddah,online,silver,6,17.9,0.19,2.62,0.0,87.18,0
103363,2025/03/09,2025-03-13, Jeddah,online,gold,7,43.98,0.121,8.01,0.0,266.94,0
100394,2024/11/29,2024-12-02,DAMMAM,online,bronze,34,20.39,0.09,19.29,0.0,642.97,0
103109,2025-04-22,2025-04-28,Riyadh,online,silver,1,52.22,0.139,1.3,0.0,43.21,0
104544,30 Mar 2024,2024-04-04,Jeddah,online,bronze,20,104.07,0.22,48.95,324.61,1631.67,1
102301,05/02/2024,2024-05-07,Tabuk,online,gold,21,22.42,0.189,11.32,0.0,377.21,0
103973,2025/06/15,2025-06-29,Jeddah,online,bronze,21,73.49,0.127,39.91,0.0,1330.3,0
101874,2024-11-04,2024-11-18,tabuk,online,silver,37,18.74,0.097,19.03,0.0,634.26,0
103219,2024/02/01,2024-02-15,Riyadh,online,bronze,3,18.1,0.143,1.35,46.54,45.06,1
100221,2024/08/05,2024-08-08,Riyadh,online,bronze,38,16.34,0.198,14.96,0.0,498.66,0
101066,12 Mar 2025,2025-03-14,Tabuk,store,bronze,33,35.57,0.15,29.81,0.0,993.74,0
104203,2024/11/20,2024-11-30,Riyadh,phone,bronze,9,13.09,,3.11,103.52,103.62,1
104701,2025/02/25,2025-03-05,TABUK ,store,silver,2,82.42,,2.62,0.0,87.21,0
101449,02/22/2024,2024-02-29,Dammam,store,silver,8,16.43,0.094,3.48,0.0,115.94,0
103860,2 Apr 2024,2024-04-09,Riyadh,store,silver,21,235.74,0.155,125.87,0.0,4195.61,0
104532,2024-08-27,2024-09-05,Riyadh,online,silver,34,10.32,0.117,9.53,0.0,317.61,0
102289,2024-11-05,2024-11-14,Riyadh,online,bronze,7,174.84,0.05,33.74,996.27,1124.81,1
103576,2024-06-22,2024-06-26,Jeddah,online,gold,12,71.25,0.226,19.93,0.0,664.46,0
104864,26 Nov 2024,2024-12-08,Dammam,store,gold,13,10.65,,2.5,0.0,83.3,0
101004,2025-06-02,2025-06-15,Riyadh ,store,bronze,35,47.8,,31.82,587.35,1060.61,1
101518,2025-01-09,2025-01-13,Tabuk,online,gold,5,35.11,0.189,4.33,85.43,144.27,1
100336,02/13/2024,2024-02-26,Dammam,store,silver,17,49.78,0.13,21.82,0.0,727.32,0
101844,01/18/2024,2024-01-27,Tabuk,phone,bronze,32,41.76,,38.87,441.61,1295.76,1
103389,05/09/2025,2025-05-23,JEDDAH,online,silver,10,9.01,0.136,2.4,0.0,79.84,0
103838,29 Jan 2025,2025-02-07,Riyadh,store,silver,11,16.34,0.092,4.91,59.32,163.55,1
103885,2024/04/28,2024-04-30,Tabuk,online,silver,6,28.04,0.207,3.94,0.0,131.18,0
101376,01/30/2025,2025-02-07,Riyadh ,phone,bronze,23,56.84,,32.47,0.0,1082.48,0
103728,2025/01/09,2025-01-19,riyadh,online,silver,8,52.0,0.187,10.13,169.09,337.56,1
104036,01/16/2025,2025-01-26,Jeddah,store,bronze,16,14.82,0.078,6.61,0.0,220.25,0
101577,2024/11/29,2024-12-08,Abha,online,silver,27,245.76,,140.87,0.0,4695.51,0
104164,8 Feb 2024,2024-02-13,Jeddah,phone,bronze,16,72.25,,24.6,152.87,820.0,1
103110,2025/05/09,2025-05-18,tabuk,online,bronze,4,55.23,0.114,5.87,0.0,195.59,0
104458,2024-01-26,2024-01-27,Jeddah,store,bronze,26,24.32,0.167,15.98,0.0,532.71,0
101709,2025/05/05,2025-05-14,abha,store,gold,26,25.34,0.292,13.73,0.0,457.56,0
104355,2024-02-03,2024-02-16,Tabuk,online,bronze,8,109.87,0.097,23.28,694.24,776.15,1
103151,9 Feb 2024,2024-02-20,Riyadh,online,gold,7,59.77,0.173,10.49,0.0,349.78,0
103013,24 Apr 2025,2025-05-04,Dammam,store,bronze,25,60.5,0.182,36.43,0.0,1214.47,0
104676,19 Mar 2025,2025-03-28,Riyadh,store,bronze,7,66.61,0.198,11.22,0.0,373.97,0
103404,06/22/2025,2025-06-24,Tabuk,online,bronze,12,28.39,0.048,9.56,108.12,318.75,1
101959,2024/06/21,2024-06-28,abha,store,silver,21,31.72,0.062,18.38,0.0,612.54,0
103916,5 Nov 2024,2024-11-12,Riyadh,phone,silver,6,37.35,,6.2,34.76,206.58,1
101276,31 Oct 2024,2024-11-14,Riyadh,phone,bronze,31,16.93,,13.96,454.56,465.31,1
102478,2024-05-23,2024-05-24,Riyadh,online,bronze,10,24.49,0.298,5.07,0.0,169.09,0
100385,2024-03-21,2024-03-29,Jeddah,online,silver,7,15.24,0.278,2.33,0.0,77.83,0
101632,2024/02/25,2024-03-05,Abha,online,gold,26,41.92,0.181,26.46,617.9,881.85,1
102088,4 May 2025,2025-05-18,Jeddah,online,bronze,40,28.72,0.234,26.59,506.04,886.32,1
102004,22 Nov 2024,2024-11-26,dammam ,online,silver,7,32.93,0.138,6.13,0.0,204.38,0
102841,2024-02-11,2024-02-23,Abha,store,bronze,26,82.4,0.195,51.83,0.0,1727.8,0
102886,2024-06-22,2024-06-29,Riyadh,phone,bronze,21,12.97,,7.61,205.7,253.64,1
100742,2024/07/29,2024-08-11,Riyadh,online,bronze,22,17.32,0.1,10.3,0.0,343.19,0
100545,2024-03-03,2024-03-11,Riyadh ,phone,gold,1,10.9,,0.2,0.0,6.83,0
101509,06/07/2024,2024-06-19,Riyadh ,online,bronze,13,19.71,0.082,6.91,0.0,230.27,0
104302,2024-12-15,2024-12-23,Dammam,online,bronze,15,17.83,0.138,6.84,0.0,228.13,0
104797,2024-04-10,2024-04-20,Riyadh,online,silver,5,37.39,0.151,4.87,0.0,162.35,0
101440,12/07/2024,2024-12-12,Tabuk,online,bronze,22,47.98,,20.53,428.3,684.43,1
103762,8 Jun 2024,2024-06-22,Riyadh ,store,bronze,23,53.06,,25.51,594.76,850.28,1
104441,10 Dec 2024,2024-12-18,riyadh,online,silver,5,11.85,0.108,1.61,0.0,53.68,0
104606,2024/09/14,2024-09-21,Riyadh,store,bronze,7,48.06,0.096,8.92,0.0,297.5,0
104722,02/05/2024,2024-02-13,Jeddah,store,gold,30,56.85,0.201,41.55,0.0,1384.94,0
100519,03/20/2024,2024-03-27,Riyadh,online,silver,38,35.61,0.238,30.11,0.0,1003.73,0
104271,05/30/2024,2024-06-08,Tabuk,online,bronze,2,42.3,0.15,2.15,0.0,71.65,0
104163,02/28/2025,2025-03-14,Abha,online,bronze,31,33.13,0.063,28.72,0.0,957.49,0
104405,3 Nov 2024,2024-11-17,Jeddah,online,bronze,30,29.41,0.082,24.5,216.08,816.64,1
104351,02/07/2024,2024-02-18,Riyadh,phone,silver,18,40.0,,16.92,0.0,563.87,0
100402,07/15/2024,2024-07-17,Tabuk,store,silver,19,35.34,0.16,17.22,0.0,574.0,0
103395,04/21/2025,2025-05-04,Dammam,phone,bronze,17,77.0,,35.35,0.0,1178.21,0
103931,08/30/2024,2024-09-05,JEDDAH,online,silver,1,61.87,0.132,1.62,0.0,53.98,0
103507,05/12/2024,2024-05-25, Jeddah,store,silver,14,27.19,0.114,9.96,0.0,332.14,0
103850,2024-07-08,2024-07-18,Riyadh,online,bronze,30,23.1,0.23,15.76,0.0,525.43,0
102743,2024/07/05,2024-07-06,Riyadh,online,gold,23,17.3,0.222,9.47,0.0,315.58,0
102636,02/16/2024,2024-02-21,Jeddah,online,silver,22,88.01,0.134,50.5,0.0,1683.2,0
100144,2025/03/31,2025-04-06,Jeddah,online,silver,40,25.23,0.268,21.92,0.0,730.83,0
104112,2024/03/24,2024-04-01,Abha,online,silver,12,75.81,0.105,25.48,0.0,849.2,0
101537,11/24/2024,2024-12-06,Abha,store,silver,40,45.07,0.365,34.55,0.0,1151.61,0
101598,2024-08-19,2024-09-02,Riyadh,phone,bronze,21,27.56,,17.92,270.18,597.29,1
101596,27 Nov 2024,2024-12-05,Dammam,online,bronze,24,51.88,0.032,36.45,1054.47,1215.03,1
101742,04/04/2025,2025-04-14,Riyadh,online,bronze,22,94.68,0.206,50.92,0.0,1697.33,0
100062,2025-02-13,2025-02-22,Jeddah,phone,silver,30,78.93,,60.58,0.0,2019.42,0
103435,2024/06/30,2024-07-09,Riyadh,online,bronze,6,75.45,0.073,12.66,419.49,422.06,1
103444,06/29/2024,2024-07-08, Jeddah,online,silver,24,9.88,0.168,6.1,139.74,203.24,1
101602,18 Dec 2024,2024-12-24,Riyadh,online,gold,11,78.77,0.19,21.31,0.0,710.31,0
104640,30 Jun 2024,2024-07-11,Riyadh,store,silver,40,43.1,0.081,47.2,0.0,1573.42,0
104816,2024-01-02,2024-01-04,Riyadh,online,gold,9,78.38,0.237,15.76,0.0,525.5,0
100129,09/23/2024,2024-10-05,riyadh,online,bronze,20,21.93,0.111,11.93,0.0,397.58,0
104878,24 Mar 2024,2024-04-01,Dammam,store,bronze,7,55.38,0.145,9.88,0.0,329.29,0
100863,03/03/2024,2024-03-10,abha,phone,bronze,12,75.34,,21.76,0.0,725.44,0
102786,22 Mar 2025,2025-03-31,Dammam,store,gold,19,37.45,0.207,16.92,0.0,563.87,0
101157,02/01/2025,2025-02-10,Riyadh ,online,bronze,38,64.19,0.117,63.46,0.0,2115.34,0
100999,2024/11/29,2024-12-01,TABUK ,phone,bronze,1,54.51,,1.62,53.04,53.9,1
100128,05/06/2025,2025-05-08,Riyadh,store,bronze,11,18.44,0.013,6.0,0.0,200.04,0
102378,02/05/2024,2024-02-12,DAMMAM,store,bronze,38,69.05,0.125,69.79,1570.83,2326.36,1
101415,2025-04-25,2025-05-09,Riyadh,store,bronze,20,97.55,0.101,52.33,0.0,1744.29,0
103069,2025/01/26,2025-02-04,Dammam,store,silver,16,71.98,0.194,27.68,0.0,922.65,0
103578,05/17/2025,2025-05-22,Riyadh ,phone,bronze,39,20.87,,22.2,271.24,740.07,1
103768,2024-05-18,2024-05-31,Riyadh,online,bronze,21,23.96,,11.04,0.0,367.95,0
101027,20 Aug 2024,2024-08-30,Tabuk,store,silver,17,20.11,0.396,6.08,0.0,202.58,0
101616,04/05/2025,2025-04-12,Riyadh,online,bronze,25,89.53,0.045,62.18,0.0,2072.82,0
100844,21 Nov 2024,2024-12-01, Jeddah,store,bronze,28,29.94,0.103,22.94,0.0,764.62,0
101375,04/25/2024,2024-05-09,tabuk,store,silver,8,97.32,0.261,17.02,0.0,567.23,0
101164,2024-05-16,2024-05-20,Riyadh ,online,gold,40,25.71,0.187,25.59,0.0,853.09,0
103345,23 Mar 2024,2024-03-25,Jeddah,online,silver,16,63.66,0.152,26.1,0.0,870.14,0
104267,09/24/2024,2024-09-26,Jeddah,online,bronze,35,38.34,0.134,35.18,298.82,1172.56,1
104414,2025/02/10,2025-02-18,Riyadh,store,silver,34,14.77,0.118,13.63,0.0,454.32,0
100751,2024-07-09,2024-07-18,Riyadh,online,bronze,17,110.7,0.055,53.17,0.0,1772.29,0
102539,19 Jul 2024,2024-07-27,Riyadh,online,gold,24,49.26,0.207,27.75,0.0,925.16,0
104435,2025/01/12,2025-01-14,Jeddah,phone,bronze,25,52.02,,38.11,50.74,1270.47,1
103693,24 Oct 2024,2024-10-31,riyadh,online,bronze,34,9.42,0.051,9.02,0.0,300.72,0
101179,18 May 2025,2025-05-19,riyadh,online,bronze,36,12.58,0.11,12.09,156.72,402.86,1
103081,10/16/2024,2024-10-28,Riyadh,store,silver,22,27.7,,14.82,0.0,494.02,0
103344,6 Oct 2024,2024-10-15,Riyadh ,store,silver,28,86.82,0.134,63.46,0.0,2115.48,0
100719,02/10/2025,2025-02-11,Dammam,online,silver,22,22.55,,10.82,99.61,360.52,1
102122,12/15/2024,2024-12-18,Riyadh ,store,silver,6,126.04,0.181,18.68,0.0,622.61,0
101895,2024-07-03,2024-07-12,Riyadh,online,bronze,11,34.39,0.14,10.03,0.0,334.23,0
103686,2025/02/18,2025-03-02,Riyadh,online,silver,29,69.67,0.223,48.11,0.0,1603.8,0
100437,2024-08-13,2024-08-16,Riyadh,online,silver,37,39.43,0.152,37.12,0.0,1237.38,0
104610,12 Feb 2024,2024-02-17,tabuk,phone,bronze,6,21.62,,3.45,56.57,114.84,1
103145,10 May 2024,2024-05-20,Abha,online,bronze,2,95.86,0.023,5.81,93.68,193.83,1
103267,02/01/2025,2025-02-04,Riyadh,online,silver,5,77.46,0.08,10.72,0.0,357.45,0
101195,2024/04/26,2024-04-27,abha,phone,bronze,18,83.85,,44.65,0.0,1488.38,0
101925,2 Mar 2025,2025-03-12,Riyadh ,store,gold,30,11.17,,6.78,0.0,226.07,0
100341,30 Oct 2024,2024-11-08,Riyadh,phone,bronze,12,25.52,,7.69,0.0,256.49,0
100832,2024/02/02,2024-02-03,Jeddah,store,bronze,40,25.28,0.122,26.92,0.0,897.34,0
100258,10 Mar 2025,2025-03-21,Riyadh,store,bronze,18,16.68,0.053,8.56,0.0,285.5,0
101521,2025/05/06,2025-05-16,Riyadh,online,bronze,1,58.91,0.09,1.6,0.0,53.47,0
100613,2024/09/30,2024-10-14,Tabuk,online,gold,7,29.5,0.158,5.16,0.0,172.1,0
104344,2024-01-31,2024-02-02,Riyadh,phone,bronze,20,31.72,,14.91,0.0,496.84,0
100930,02/24/2025,2025-02-25,dammam ,phone,bronze,26,30.05,,23.01,0.0,766.85,0
100897,22 Jun 2025,2025-06-25,riyadh,store,silver,38,30.81,0.119,31.62,0.0,1054.02,0
101025,07/17/2024,2024-07-28,Dammam,phone,bronze,14,73.38,,24.91,0.0,830.42,0
101161,05/30/2024,2024-06-03,Riyadh,online,silver,11,33.2,,8.05,0.0,268.45,0
100049,2025-04-02,2025-04-06,dammam ,online,silver,5,124.12,0.199,14.63,0.0,487.73,0
100097,2025/01/28,2025-02-01,Jeddah,store,silver,1,22.39,0.243,0.52,16.94,17.27,1
102328,06/04/2024,2024-06-10,Riyadh,online,bronze,32,42.91,,32.36,0.0,1078.71,0
100224,04/07/2024,2024-04-21,Tabuk,store,bronze,40,27.72,0.083,29.93,432.17,997.61,1
103005,28 Sep 2024,2024-10-10,Riyadh,online,bronze,29,24.23,0.026,20.13,47.22,671.1,1
101917,2025-03-10,2025-03-24,dammam ,online,bronze,14,16.34,0.075,6.32,0.0,210.69,0
103476,2025-05-23,2025-05-31,JEDDAH,online,bronze,40,44.87,0.153,45.06,0.0,1502.02,0
102455,8 May 2025,2025-05-12,Dammam,online,gold,25,22.47,,9.89,157.66,329.74,1
103924,2024-02-16,2024-02-17,Tabuk,store,bronze,32,48.67,0.038,44.83,0.0,1494.41,0
102657,31 May 2024,2024-06-07,Jeddah,phone,bronze,3,64.43,,4.22,0.0,140.51,0
101017,12/15/2024,2024-12-27,Dammam,phone,bronze,40,14.61,,10.1,0.0,336.53,0
100457,08/20/2024,2024-08-31,Tabuk,store,silver,1,77.85,0.115,2.05,0.0,68.18,0
102256,06/02/2025,2025-06-10,Jeddah,online,silver,31,43.95,0.18,33.62,0.0,1120.77,0
100981,17 Aug 2024,2024-08-21,Tabuk,phone,gold,18,26.24,,10.74,0.0,357.87,0
103470,2024/08/28,2024-09-04,Tabuk,store,silver,23,16.64,0.124,10.04,0.0,334.72,0
102597,2024/11/12,2024-11-15,Riyadh,phone,silver,20,32.72,,15.62,0.0,520.6,0
102567,2024/07/02,2024-07-10,Riyadh,store,gold,27,15.48,0.157,10.87,0.0,362.43,0
101662,2025/05/29,2025-06-06,Dammam,online,silver,34,132.72,0.083,122.08,3772.08,4069.29,1
103085,2024-06-06,2024-06-17,Dammam,online,bronze,29,201.66,0.128,153.15,4396.74,5105.12,1
100732,5 Oct 2024,2024-10-09,riyadh,online,bronze,4,27.02,0.201,2.61,0.0,86.91,0
102521,2024/11/21,2024-12-04,Riyadh,online,silver,6,42.22,0.058,7.23,0.0,240.89,0
103568,12/10/2024,2024-12-20,Jeddah,online,gold,39,84.59,0.219,75.73,0.0,2524.4,0
100433,2024/09/15,2024-09-24,Dammam,online,bronze,39,39.35,0.112,40.81,0.0,1360.22,0
102752,2024-08-18,2024-08-20,dammam ,online,bronze,25,75.63,0.046,52.77,0.0,1759.13,0
100409,6 Feb 2024,2024-02-17,Riyadh,phone,silver,17,71.86,,31.46,0.0,1048.55,0
104169,2024/01/12,2024-01-13, Jeddah,store,silver,24,45.48,0.136,28.41,0.0,946.89,0
102457,04/14/2024,2024-04-26,Dammam,online,bronze,1,23.5,0.189,0.57,19.05,18.89,1
100796,2024-10-26,2024-11-07, Jeddah,phone,bronze,38,114.41,,118.59,0.0,3953.05,0
100317,01/11/2024,2024-01-18,Jeddah,store,bronze,9,80.63,0.15,18.65,0.0,621.76,0
104317,14 Aug 2024,2024-08-15,Tabuk,online,bronze,23,40.83,0.162,23.72,0.0,790.62,0
102083,2025/05/01,2025-05-07,Dammam,store,bronze,9,34.9,,9.38,0.0,312.7,0
103980,16 Mar 2024,2024-03-26,Dammam,store,silver,36,39.29,0.068,41.74,0.0,1391.23,0
100764,2025-01-19,2025-01-22,Riyadh,online,silver,16,28.0,0.045,12.72,0.0,423.95,0
103879,2024/09/13,2024-09-15,Riyadh,phone,silver,25,139.27,,84.01,0.0,2800.25,0
102784,2024/04/13,2024-04-21, Jeddah,online,bronze,29,23.96,0.069,18.84,289.87,628.07,1
101374,3 Feb 2025,2025-02-15,Abha,phone,bronze,39,50.59,,53.23,0.0,1774.36,0
100912,17 Sep 2024,2024-09-30,Abha,store,bronze,15,37.41,0.129,15.1,0.0,503.22,0
102976,8 Apr 2024,2024-04-11,abha,phone,silver,38,33.5,,30.21,0.0,1006.96,0
100704,04/05/2024,2024-04-07,abha,store,bronze,24,24.14,,12.69,387.73,423.0,1
101667,14 Jul 2024,2024-07-21,Abha,store,silver,37,47.4,0.228,39.45,0.0,1314.87,0
100668,10 Sep 2024,2024-09-16,Tabuk,store,silver,34,31.71,0.171,27.04,0.0,901.21,0
103046,09/13/2024,2024-09-27,Tabuk,online,bronze,36,76.85,0.094,73.43,974.37,2447.79,1
100941,03/19/2025,2025-03-31,Riyadh,store,bronze,8,67.95,0.215,12.71,0.0,423.73,0
100718,2024-04-17,2024-04-20,Riyadh,online,bronze,6,55.83,0.045,9.95,0.0,331.74,0
100429,18 Jan 2024,2024-01-24,Riyadh,online,bronze,26,77.1,,56.67,0.0,1888.94,0
101408,28 Jun 2024,2024-07-11,Riyadh ,phone,bronze,35,23.45,,23.04,85.44,767.9,1
101822,2024/04/02,2024-04-05,Jeddah,store,gold,12,13.74,0.232,3.83,0.0,127.71,0
100803,03/20/2024,2024-03-25,Tabuk,store,silver,1,8.77,0.218,0.21,0.0,6.91,0
101281,2024-04-20,2024-05-01,Jeddah,phone,bronze,15,39.13,,16.46,535.65,548.74,1
102463,29 Feb 2024,2024-03-09,Riyadh ,store,gold,25,71.97,0.35,35.81,0.0,1193.82,0
101809,2024/10/30,2024-11-07,Jeddah,online,bronze,34,37.93,0.098,35.22,0.0,1173.84,0
103131,2024/03/29,2024-04-07, Jeddah,store,gold,5,32.55,0.267,3.55,0.0,118.48,0
104603,2024-01-19,2024-02-02,tabuk,phone,silver,17,42.29,,19.42,0.0,647.22,0
103652,2025/01/28,2025-02-05,Riyadh,online,bronze,20,13.06,0.152,6.65,0.0,221.76,0
101465,2024/01/22,2024-01-31,Dammam,online,silver,6,25.23,0.088,4.08,0.0,136.07,0
100122,2024-08-06,2024-08-20,Dammam,online,silver,9,251.42,0.169,58.28,0.0,1942.67,0
101534,10 Feb 2024,2024-02-16,DAMMAM,store,bronze,34,14.17,0.135,11.9,0.0,396.71,0
101165,04/13/2025,2025-04-22,Riyadh,online,silver,11,42.11,0.096,12.99,0.0,432.98,0
104431,9 Jul 2024,2024-07-14,Riyadh,online,bronze,34,28.9,0.133,25.61,0.0,853.79,0
103745,12/03/2024,2024-12-08,Riyadh,online,silver,18,49.31,0.128,23.11,0.0,770.37,0
102338,11/08/2024,2024-11-15,JEDDAH,online,silver,25,50.84,0.05,35.77,0.0,1192.26,0
103915,2024-09-15,2024-09-20,Jeddah,store,silver,34,142.01,0.062,135.13,0.0,4504.41,0
101234,2025-01-14,2025-01-23,DAMMAM,online,silver,1,30.21,0.085,0.83,0.0,27.66,0
101750,10 Apr 2025,2025-04-11,Jeddah,online,bronze,38,48.78,0.19,45.78,632.15,1525.96,1
100379,02/09/2024,2024-02-13,Jeddah,online,bronze,21,67.54,0.126,38.82,0.0,1293.95,0
103565,10/24/2024,2024-10-29,tabuk,store,bronze,9,13.9,0.134,3.17,0.0,105.75,0
100425,10 Aug 2024,2024-08-13,Dammam,online,silver,24,18.27,0.177,10.85,0.0,361.71,0
103379,2024-03-23,2024-03-26,JEDDAH,online,silver,28,21.08,,12.18,0.0,406.16,0
101441,9 Nov 2024,2024-11-21,Riyadh,store,bronze,33,19.87,0.178,16.18,0.0,539.49,0
102066,18 Dec 2024,2024-12-31,TABUK ,online,bronze,21,33.12,0.093,18.89,0.0,629.7,0
101348,07/12/2024,2024-07-26,Jeddah,online,silver,24,56.61,0.274,29.55,0.0,984.86,0
104033,04/15/2025,2025-04-27,Dammam,online,bronze,11,55.23,0.038,17.86,0.0,595.46,0
100481,2025-06-20,2025-06-29,Jeddah,online,bronze,23,35.92,0.029,23.07,0.0,769.05,0
100261,01/26/2024,2024-01-30,Riyadh,online,silver,1,40.26,0.125,1.04,0.0,34.77,0
104574,8 Mar 2024,2024-03-20,Jeddah,online,bronze,5,13.08,,1.46,0.0,48.64,0
103333,2025/03/23,2025-04-03,Riyadh,online,bronze,18,16.27,0.069,8.03,60.58,267.74,1
104053,2024-06-30,2024-07-12,Jeddah,store,silver,4,109.1,0.132,11.29,0.0,376.3,0
100644,15 Jun 2024,2024-06-24,Riyadh,store,silver,40,72.84,0.144,73.02,0.0,2434.14,0
104660,17 Jun 2024,2024-06-26,Riyadh,online,gold,11,34.73,,8.57,0.0,285.8,0
104779,2024/02/24,2024-02-28,Riyadh ,phone,bronze,36,40.13,,38.34,1096.01,1278.03,1
100324,2024-02-28,2024-03-08,Jeddah,phone,gold,36,36.89,,32.76,0.0,1091.86,0
104527,2024/04/25,2024-05-02,Dammam,store,silver,30,62.06,,39.45,0.0,1314.87,0
100608,2025/06/25,2025-06-28,Riyadh,online,bronze,34,22.69,0.163,19.59,0.0,652.84,0
102172,31 Jul 2024,2024-08-11,Riyadh,store,gold,25,30.88,,19.7,0.0,656.8,0
100856,2024/08/29,2024-08-30, Jeddah,online,silver,3,58.49,,3.89,130.47,129.58,1
103459,03/02/2025,2025-03-04,Riyadh,store,silver,9,88.36,0.13,20.94,0.0,698.1,0
104082,02/29/2024,2024-03-11,Riyadh,store,silver,9,48.99,0.146,11.17,0.0,372.47,0
102343,2024-09-22,2024-09-28,Dammam,online,bronze,35,22.75,0.169,19.44,0.0,647.84,0
100153,2024-10-29,2024-11-04,Riyadh,phone,gold,14,17.6,,5.27,0.0,175.78,0
100645,2025-04-21,2025-05-04,Dammam,online,bronze,5,31.84,0.236,3.67,0.0,122.41,0
100599,2025-06-01,2025-06-05,Tabuk,store,silver,35,36.35,0.126,33.68,0.0,1122.56,0
102001,2024-04-09,2024-04-19,Abha,online,bronze,29,48.42,0.087,39.24,928.54,1308.04,1
100419,2024-06-22,2024-07-06,Riyadh,online,gold,12,23.06,0.154,7.16,0.0,238.67,0
103488,11/30/2024,2024-12-14,dammam ,online,bronze,8,36.68,0.117,7.94,0.0,264.69,0
103215,27 Feb 2025,2025-03-07,Riyadh,online,silver,40,19.79,,17.7,0.0,590.0,0
102419,03/13/2024,2024-03-15,Riyadh ,online,bronze,6,31.71,0.13,5.02,0.0,167.3,0
103500,2024/09/09,2024-09-20,Abha,phone,bronze,12,56.85,,18.44,0.0,614.56,0
100290,04/05/2024,2024-04-19,Riyadh,store,bronze,9,89.77,0.296,16.88,0.0,562.57,0
101942,12 May 2025,2025-05-16, Jeddah,store,gold,8,31.5,0.194,6.13,0.0,204.42,0
103609,2024-04-04,2024-04-11,riyadh,store,gold,3,46.97,,2.6,0.0,86.51,0
100791,05/04/2024,2024-05-15,Riyadh,phone,silver,1,58.53,,1.23,0.0,40.9,0
104101,2024/07/28,2024-08-11,Riyadh,online,silver,34,50.59,,28.92,0.0,964.02,0
100848,2024-07-14,2024-07-16,Dammam,phone,silver,14,61.18,,22.65,0.0,755.11,0
103858,2024-08-27,2024-09-02,Jeddah,phone,silver,32,98.06,,78.24,0.0,2607.85,0
100215,8 Jan 2025,2025-01-10,DAMMAM,store,gold,24,16.53,0.282,8.56,0.0,285.38,0
100388,2025/01/07,2025-01-14,tabuk,online,bronze,10,105.14,0.017,31.62,0.0,1053.89,0
100616,2025/03/13,2025-03-15,Dammam,store,bronze,8,15.38,0.097,3.21,41.65,107.08,1
103035,10/11/2024,2024-10-17,tabuk,online,silver,7,11.32,0.086,2.19,0.0,72.84,0
103229,03/22/2024,2024-03-28,Dammam,store,silver,35,31.67,0.203,27.27,0.0,909.04,0
101043,5 Feb 2025,2025-02-17,dammam ,store,bronze,14,9.32,0.09,3.6,0.0,120.01,0
101076,02/01/2024,2024-02-07,Riyadh,online,bronze,40,36.09,0.132,37.43,188.04,1247.82,1
104769,2025-06-25,2025-06-27,Riyadh,online,silver,13,35.87,0.156,11.6,0.0,386.78,0
103307,2024/05/08,2024-05-09,Riyadh,store,bronze,29,89.8,0.146,66.88,0.0,2229.32,0
104596,13 Nov 2024,2024-11-25,tabuk,store,bronze,33,11.79,0.286,8.38,0.0,279.25,0
100243,08/14/2024,2024-08-18,Riyadh,online,bronze,18,39.0,0.025,20.51,0.0,683.52,0
104274,2025/04/05,2025-04-08,abha,online,silver,5,11.81,0.162,1.43,39.57,47.83,1
101334,19 Jun 2024,2024-06-27,Tabuk,online,bronze,5,11.84,0.027,1.7,11.53,56.53,1
103006,2 Aug 2024,2024-08-11,Dammam,online,bronze,6,150.8,0.18,21.95,617.96,731.8,1
103692,2024/09/09,2024-09-12,DAMMAM,store,silver,35,75.05,0.289,55.49,0.0,1849.65,0
101535,09/09/2024,2024-09-12,Riyadh,online,gold,31,224.61,,125.98,0.0,4199.29,0
104480,2024/12/28,2025-01-03,Tabuk,online,bronze,33,32.64,0.184,26.09,0.0,869.82,0
101284,2024-06-28,2024-07-03,Dammam,online,silver,3,42.35,0.306,2.68,0.0,89.21,0
104246,16 Mar 2024,2024-03-30,Riyadh ,store,silver,24,64.94,0.206,37.59,0.0,1252.94,0
103756,7 May 2025,2025-05-20,Jeddah,phone,silver,13,26.34,,8.85,0.0,295.16,0
103974,2024/01/22,2024-02-04,Riyadh,store,gold,15,9.34,0.167,3.4,0.0,113.3,0
103204,04/29/2025,2025-05-03,Dammam,store,silver,11,52.96,0.173,14.49,0.0,483.12,0
101964,3 Aug 2024,2024-08-10,Riyadh,online,bronze,4,15.45,0.187,1.51,0.0,50.33,0
104059,05/04/2025,2025-05-10,Jeddah,online,bronze,24,89.62,0.108,57.15,879.42,1904.93,1
102816,29 Jun 2024,2024-07-05,Jeddah,online,gold,23,24.98,,12.11,0.0,403.73,0
104677,2024-12-20,2024-12-27,Riyadh,online,silver,3,14.06,0.219,0.98,0.0,32.78,0
100112,2024/05/20,2024-06-01,Riyadh ,store,bronze,5,140.87,0.009,21.09,0.0,702.93,0
100426,2024-06-21,2024-06-28,Abha,online,silver,13,23.08,0.222,6.92,0.0,230.77,0
103146,03/12/2024,2024-03-24,Dammam,phone,bronze,22,52.94,,30.13,0.0,1004.42,0
104346,2024-05-06,2024-05-07,TABUK ,online,bronze,33,20.13,0.212,15.54,0.0,518.1,0
101553,2025/05/21,2025-05-28,Riyadh,store,gold,22,32.72,0.251,16.15,0.0,538.39,0
103932,2024/07/13,2024-07-16, Jeddah,store,silver,26,46.41,0.201,28.88,0.0,962.5,0
104618,06/23/2025,2025-06-27,Jeddah,store,silver,29,21.96,0.06,18.9,0.0,629.9,0
101172,2025/02/26,2025-03-09,Dammam,store,silver,23,25.68,0.133,15.5,0.0,516.66,0
101147,30 May 2025,2025-06-04,Dammam,store,gold,1,12.23,,0.23,0.0,7.8,0
103710,03/20/2025,2025-03-23,Dammam,online,bronze,17,48.12,,15.9,221.46,530.15,1
104277,5 Dec 2024,2024-12-10,Jeddah,phone,bronze,15,91.12,,34.16,0.0,1138.61,0
104145,09/15/2024,2024-09-23,JEDDAH,online,bronze,38,51.51,0.069,54.61,0.0,1820.28,0
102999,2025-01-08,2025-01-16,tabuk,online,gold,9,151.12,0.242,29.79,0.0,993.09,0
102092,2025/01/14,2025-01-21,Abha,online,silver,6,52.1,,5.53,0.0,184.47,0
103477,2025-04-28,2025-05-01,Abha,online,bronze,40,161.59,0.214,154.08,0.0,5136.06,0
100160,25 May 2025,2025-05-28,dammam ,phone,silver,20,91.15,,40.15,976.62,1338.22,1
101289,2025-05-03,2025-05-07,Jeddah,online,bronze,17,9.88,0.232,3.83,0.0,127.75,0
100639,01/31/2024,2024-02-10,Dammam,phone,gold,30,18.44,,14.48,0.0,482.83,0
103554,2025-01-27,2025-01-28,Jeddah,store,bronze,17,83.66,0.161,34.74,0.0,1158.08,0
102750,19 Nov 2024,2024-11-26,riyadh,store,gold,20,26.9,0.397,10.15,0.0,338.18,0
100066,15 Jun 2025,2025-06-28,JEDDAH,online,bronze,24,50.55,0.055,33.63,0.0,1121.05,0
103425,10/23/2024,2024-11-06,riyadh,store,silver,33,31.01,0.19,24.82,0.0,827.28,0
102214,04/18/2024,2024-04-24,JEDDAH,online,silver,4,21.25,0.089,2.28,0.0,75.91,0
101798,24 May 2025,2025-05-30,Riyadh ,phone,gold,12,84.29,,26.69,0.0,889.82,0
104298,2024-01-02,2024-01-12,Jeddah,online,gold,9,28.38,0.191,6.23,0.0,207.52,0
102561,2024-09-22,2024-09-26,DAMMAM,online,gold,10,27.04,0.183,6.56,0.0,218.67,0
103454,25 Feb 2024,2024-02-29,Riyadh,online,bronze,40,28.54,0.144,28.21,0.0,940.31,0
101643,24 Jan 2024,2024-02-06,Jeddah,online,bronze,36,62.82,0.209,56.03,0.0,1867.75,0
103416,2024/01/18,2024-01-27,Riyadh,online,bronze,11,19.52,0.065,5.85,0.0,194.87,0
101163,11 Aug 2024,2024-08-21,abha,store,bronze,34,69.01,0.124,59.4,0.0,1979.98,0
100446,2024/05/03,2024-05-14,Dammam,store,silver,5,45.12,,4.53,0.0,150.96,0
103660,2024-12-29,2025-01-03,Riyadh,online,bronze,9,29.0,0.076,7.34,187.57,244.55,1
102938,2024-06-16,2024-06-25,Riyadh,store,bronze,21,65.26,0.23,31.16,1055.45,1038.82,1
101354,02/16/2025,2025-02-26,Riyadh,online,silver,17,15.21,0.133,6.71,0.0,223.61,0
104753,10 Oct 2024,2024-10-20,Jeddah,store,bronze,4,23.04,0.046,2.62,0.0,87.37,0
102639,08/13/2024,2024-08-15,Abha,online,bronze,28,10.68,0.041,8.68,204.83,289.34,1
102284,01/06/2025,2025-01-12,dammam ,online,silver,14,28.72,,10.57,0.0,352.34,0
101420,25 Jan 2024,2024-01-27,tabuk,store,bronze,17,47.17,0.209,19.39,0.0,646.46,0
103848,12 Jun 2024,2024-06-19,Dammam,phone,bronze,32,85.32,,79.76,1743.92,2658.75,1
100059,2025/05/11,2025-05-20,Riyadh,online,bronze,6,46.24,0.131,7.2,0.0,240.04,0
100749,2024-11-02,2024-11-09,Abha,online,silver,39,9.69,0.08,10.54,142.69,351.47,1
100686,13 Oct 2024,2024-10-19,Jeddah,online,bronze,36,81.87,0.12,77.77,864.85,2592.18,1
102835,2024-04-02,2024-04-05,Dammam,store,bronze,38,38.3,0.013,44.28,0.0,1475.9,0
104781,2024-05-20,2024-05-21,Riyadh,store,gold,2,42.42,,2.23,0.0,74.4,0
104201,2024-12-19,2025-01-02,Riyadh,phone,silver,10,77.03,,18.81,0.0,626.88,0
103633,06/06/2025,2025-06-13,Jeddah,store,bronze,39,41.58,,45.7,0.0,1523.45,0
101568,2024-04-18,2024-04-20,Riyadh,online,bronze,39,51.31,0.21,47.61,0.0,1586.85,0
102025,2024-08-08,2024-08-12,Jeddah,store,silver,9,118.76,0.233,24.28,0.0,809.25,0
101734,2024-10-15,2024-10-24,Riyadh,online,silver,39,58.3,0.154,59.0,838.02,1966.57,1
104568,2025-01-16,2025-01-18,Riyadh,online,silver,7,47.4,0.153,8.36,0.0,278.67,0
101102,2024-05-26,2024-06-09,Riyadh,store,silver,10,29.15,0.161,7.22,0.0,240.73,0
101468,24 Jan 2025,2025-02-03,riyadh,store,silver,7,24.64,0.133,4.49,0.0,149.82,0
100255,2024-12-14,2024-12-26,Riyadh ,phone,bronze,24,52.71,,32.01,0.0,1066.94,0
102471,2024/03/31,2024-04-11,Jeddah,online,silver,17,89.79,0.125,39.66,0.0,1321.99,0
104869,2024-09-01,2024-09-05,JEDDAH,store,bronze,8,27.12,,4.53,0.0,151.03,0
100308,22 Dec 2024,2024-12-26,Dammam,phone,bronze,9,57.75,,12.86,0.0,428.6,0
103646,2024-10-10,2024-10-20,dammam ,online,bronze,36,22.09,0.125,21.2,0.0,706.71,0
100790,2024-09-01,2024-09-08,dammam ,online,silver,9,20.18,0.122,4.8,106.29,159.85,1
103677,2024/04/25,2024-05-06,Riyadh,online,bronze,16,10.87,0.047,4.97,0.0,165.53,0
100436,24 May 2025,2025-06-02,Riyadh,phone,silver,39,17.67,,18.53,530.5,617.8,1
101591,2024/06/12,2024-06-13,Riyadh,online,bronze,34,35.87,0.149,31.05,183.18,1034.94,1
101730,07/17/2024,2024-07-29,Jeddah,store,bronze,20,33.15,0.1,17.76,0.0,592.14,0
104535,2024/01/18,2024-01-30, Jeddah,online,gold,27,28.62,,15.2,0.0,506.77,0
104208,2024/09/24,2024-09-26,riyadh,store,gold,38,32.92,,27.61,0.0,920.41,0
102407,31 May 2025,2025-06-07,JEDDAH,online,bronze,14,34.68,0.073,13.33,0.0,444.44,0
102142,2024-09-18,2024-09-26, Jeddah,online,gold,18,26.92,,9.0,0.0,300.04,0
103062,2024/08/28,2024-09-01,Jeddah,online,gold,22,31.67,0.218,16.67,0.0,555.56,0
104688,2024-05-15,2024-05-17,JEDDAH,store,bronze,9,20.09,0.066,5.03,0.0,167.78,0
100675,19 Jun 2024,2024-06-21,Jeddah,online,bronze,29,6.45,0.148,4.76,0.0,158.72,0
104408,2024/12/07,2024-12-14,Jeddah,store,bronze,39,53.85,0.032,59.96,0.0,1998.78,0
104456,12 Nov 2024,2024-11-19,riyadh,online,bronze,32,197.96,0.045,183.47,0.0,6115.59,0
102436,2024/08/28,2024-09-05,Tabuk,online,silver,18,53.49,0.179,23.0,0.0,766.66,0
104821,12/28/2024,2024-12-31,Dammam,store,bronze,24,12.21,0.09,7.95,0.0,264.9,0
101963,2024-04-25,2024-05-01,JEDDAH,store,bronze,4,91.55,0.079,10.14,0.0,337.96,0
100022,2024-06-16,2024-06-21,Jeddah,online,bronze,11,48.99,0.066,15.3,0.0,510.1,0
103517,09/06/2024,2024-09-19,Dammam,online,silver,13,24.54,0.191,7.69,258.05,256.26,1
102961,27 Jul 2024,2024-08-05,abha,online,silver,15,11.39,0.148,4.33,0.0,144.47,0
102972,10/16/2024,2024-10-19,dammam ,online,silver,10,33.5,0.067,9.32,0.0,310.73,0
101042,06/02/2024,2024-06-05,Dammam,online,bronze,36,41.64,0.132,39.15,0.0,1305.1,0
103878,6 Jun 2024,2024-06-13,Tabuk,online,gold,28,12.67,,7.42,80.59,247.22,1
101796,2024-11-23,2024-12-03,Riyadh,online,silver,37,25.44,0.13,25.6,0.0,853.43,0
101268,17 May 2025,2025-05-20,Tabuk,store,bronze,34,159.37,0.114,141.5,0.0,4716.8,0
103175,2024-01-11,2024-01-15,DAMMAM,phone,silver,16,45.49,,14.4,0.0,480.03,0
104710,29 Aug 2024,2024-09-06,Jeddah,phone,silver,8,53.5,,9.97,0.0,332.42,0
103835,2024-05-26,2024-06-08,Riyadh,store,silver,7,25.96,0.15,4.44,0.0,148.06,0
102276,13 Dec 2024,2024-12-17,riyadh,phone,bronze,13,82.55,,27.16,0.0,905.22,0
100273,2024/10/06,2024-10-11,Riyadh,store,silver,35,18.55,0.146,16.5,0.0,549.89,0
103870,02/22/2025,2025-02-27,Jeddah,online,gold,38,66.44,0.391,44.87,404.94,1495.71,1
104114,09/01/2024,2024-09-05,Jeddah,phone,bronze,20,26.7,,12.98,0.0,432.58,0
102730,22 Dec 2024,2024-12-31,tabuk,online,bronze,27,33.67,,18.29,0.0,609.52,0
102925,03/13/2025,2025-03-17,Riyadh,online,silver,30,62.73,0.108,50.94,783.3,1698.06,1
100769,2024/04/13,2024-04-17,Riyadh,online,bronze,31,85.13,0.146,68.01,1090.54,2267.1,1
102513,2025/06/19,2025-06-20,Riyadh,online,silver,37,115.6,,92.08,0.0,3069.26,0
102391,27 Jan 2024,2024-02-06, Jeddah,online,silver,19,39.11,0.063,20.74,73.27,691.29,1
102668,2024-01-21,2024-01-25,Riyadh,phone,gold,26,27.14,,15.93,0.0,531.05,0
101948,18 Apr 2025,2025-05-02,tabuk,online,gold,38,41.52,0.127,40.4,0.0,1346.81,0
101336,1 Oct 2024,2024-10-05,Abha,store,silver,20,39.92,0.23,19.15,0.0,638.35,0
102791,2024-10-13,2024-10-18,abha,online,bronze,5,30.39,0.018,4.36,0.0,145.35,0
104103,2025/06/22,2025-06-24,Jeddah,online,bronze,6,40.36,,4.8,27.25,159.97,1
103506,6 Jan 2025,2025-01-09,Jeddah,online,bronze,34,39.05,,27.94,0.0,931.24,0
100072,2 Feb 2024,2024-02-13,JEDDAH,online,silver,10,18.07,0.084,4.84,132.47,161.5,1
104699,19 Nov 2024,2024-11-20,Jeddah,store,gold,14,38.7,0.131,14.17,0.0,472.49,0
101853,06/11/2024,2024-06-25, Jeddah,online,silver,35,52.44,0.24,42.31,0.0,1410.3,0
100877,19 Jul 2024,2024-07-20,Jeddah,phone,silver,3,68.03,,5.66,0.0,188.65,0
102574,2025/01/24,2025-01-27,Abha,online,gold,26,32.36,0.163,21.24,0.0,707.86,0
100920,2024/12/21,2025-01-01,Jeddah,online,gold,14,34.02,0.229,10.86,0.0,362.14,0
104179,2025-02-04,2025-02-09,Dammam,store,silver,37,7.97,0.062,8.24,0.0,274.76,0
101393,05/11/2024,2024-05-19,Riyadh,online,bronze,33,24.37,0.086,21.26,0.0,708.55,0
102685,4 Feb 2025,2025-02-18,Riyadh,online,bronze,16,41.97,0.029,19.01,0.0,633.81,0
102928,2025/02/10,2025-02-16,Jeddah,online,bronze,21,51.04,0.035,30.92,0.0,1030.55,0
101511,2024-04-24,2024-05-03,Riyadh,online,bronze,7,34.43,0.017,7.02,0.0,233.87,0
101896,01/23/2025,2025-01-30,Riyadh,store,bronze,9,57.6,0.138,13.4,297.82,446.58,1
100782,17 Jun 2024,2024-06-23,Tabuk,online,bronze,2,25.86,0.087,1.43,0.0,47.52,0
103073,17 Aug 2024,2024-08-22,abha,online,gold,11,48.76,0.249,11.89,0.0,396.33,0
104318,2024-05-24,2024-05-25,Abha,online,bronze,4,35.22,0.09,3.89,0.0,129.55,0
102339,10 Nov 2024,2024-11-20,Jeddah,phone,gold,35,21.63,,16.2,0.0,539.99,0
103018,06/19/2024,2024-06-25,Riyadh,online,bronze,32,42.26,0.133,34.55,695.8,1151.79,1
102863,2024/04/01,2024-04-13,riyadh,store,bronze,11,20.17,0.176,5.54,132.93,184.6,1
100009,2025/01/09,2025-01-14,Riyadh,store,gold,33,19.16,0.164,15.57,0.0,519.07,0
101260,13 Apr 2025,2025-04-17,Tabuk,store,bronze,37,18.9,,15.05,40.54,501.66,1
102151,9 Sep 2024,2024-09-18,Dammam,phone,silver,31,18.8,,13.28,188.07,442.66,1
104671,28 Dec 2024,2025-01-07,Riyadh ,online,bronze,7,88.93,0.113,16.57,394.3,552.47,1
102558,2024/02/02,2024-02-03,Riyadh,online,bronze,21,61.38,0.045,36.61,234.51,1220.27,1
100300,2024-04-25,2024-04-28,Dammam,phone,bronze,2,34.53,,1.13,0.0,37.55,0
103025,2024-05-16,2024-05-18,Riyadh ,store,bronze,14,160.07,0.07,62.24,1786.0,2074.73,1
104744,12 Apr 2024,2024-04-22,riyadh,phone,silver,33,65.45,,53.68,758.41,1789.29,1
102433,29 Jun 2024,2024-07-08,Jeddah,online,bronze,11,22.13,0.121,6.39,0.0,212.91,0
104752,2024/02/19,2024-03-01, Jeddah,phone,bronze,32,48.68,,39.47,0.0,1315.67,0
100508,2025/05/30,2025-06-03,Abha,online,gold,26,41.04,0.198,25.78,0.0,859.17,0
100027,25 Sep 2024,2024-10-05, Jeddah,online,bronze,4,28.21,0.104,3.06,0.0,102.02,0
104122,2024-02-06,2024-02-13,Abha,online,bronze,18,108.4,0.052,53.46,0.0,1781.85,0
101059,2024/12/18,2025-01-01,Jeddah,online,silver,38,100.16,0.238,84.85,0.0,2828.22,0
103787,26 Mar 2025,2025-03-30,Tabuk,phone,gold,7,41.76,,6.1,0.0,203.36,0
101095,2024/06/12,2024-06-14, Jeddah,phone,silver,21,16.08,,7.57,0.0,252.45,0
102732,04/01/2024,2024-04-11,riyadh,online,bronze,13,53.01,,13.72,315.51,457.36,1
100587,2025/06/11,2025-06-23,riyadh,online,bronze,30,15.99,,11.11,0.0,370.2,0
100121,20 Feb 2025,2025-02-27,Jeddah,online,bronze,2,16.69,0.16,0.84,28.05,27.94,1
102572,2024/09/12,2024-09-17,Jeddah,store,silver,40,21.91,,16.8,0.0,559.86,0
100955,2024-03-01,2024-03-09,Tabuk,store,silver,34,88.29,0.064,85.46,0.0,2848.52,0
103549,08/15/2024,2024-08-28,Riyadh ,online,silver,15,41.02,0.06,17.45,0.0,581.63,0
100709,2024/03/31,2024-04-02,Jeddah,online,bronze,1,217.66,0.234,5.08,0.0,169.43,0
102789,17 Oct 2024,2024-10-23,Tabuk,online,silver,33,25.93,0.16,21.54,261.43,718.02,1
102311,14 May 2025,2025-05-25,Tabuk,store,gold,17,23.96,0.194,10.06,0.0,335.33,0
104056,2024-05-01,2024-05-10,abha,phone,silver,23,12.96,,7.56,0.0,252.16,0
102408,2024/12/18,2025-01-01,Riyadh,phone,gold,2,27.9,,0.94,0.0,31.32,0
101713,2024-06-24,2024-06-29,Tabuk,online,bronze,27,54.26,0.264,32.07,0.0,1068.96,0
104853,2025/04/20,2025-05-01,abha,online,bronze,29,12.19,0.186,8.79,0.0,293.1,0
104080,01/10/2025,2025-01-21,Jeddah,online,bronze,25,36.27,0.12,23.86,223.46,795.32,1
100724,2024-06-04,2024-06-08,tabuk,store,gold,13,30.99,0.136,10.37,0.0,345.51,0
102545,1 Jan 2024,2024-01-10,JEDDAH,store,silver,10,61.06,0.217,14.21,0.0,473.52,0
101160,07/31/2024,2024-08-10,Dammam,online,gold,15,34.05,0.173,12.2,0.0,406.74,0
100466,2024-05-30,2024-06-03,Dammam,store,silver,9,39.02,0.082,9.75,71.62,325.08,1
104624,2024/05/07,2024-05-19,Tabuk,online,bronze,38,37.95,0.129,38.34,826.38,1278.14,1
103162,13 Jun 2025,2025-06-23,Tabuk,phone,silver,5,22.58,,3.15,105.33,104.84,1
103391,7 Jun 2024,2024-06-12,Riyadh,store,bronze,19,64.77,0.193,29.66,156.88,988.59,1
100902,30 Aug 2024,2024-09-01,Riyadh ,store,silver,37,81.93,,59.55,0.0,1984.85,0
102814,2025/06/27,2025-07-01,Riyadh,online,bronze,18,35.32,0.144,15.4,423.35,513.26,1
101103,04/27/2024,2024-05-04,abha,online,silver,18,91.73,0.175,39.89,983.51,1329.79,1
101279,2024/01/23,2024-02-06,Abha,store,bronze,16,87.24,0.253,30.94,456.44,1031.17,1
101202,28 Apr 2024,2024-05-06,Jeddah,online,silver,35,134.87,0.17,118.09,1343.61,3936.47,1
102380,11 Feb 2024,2024-02-17,Dammam,store,bronze,27,17.04,0.081,12.22,0.0,407.28,0
100482,02/06/2024,2024-02-09,Riyadh,online,silver,31,133.76,0.12,107.61,0.0,3587.09,0
102537,2025/01/26,2025-02-08,Abha,phone,silver,7,11.73,,2.03,0.0,67.72,0
103376,2024/08/12,2024-08-21,Jeddah,phone,silver,28,21.16,,14.28,0.0,475.91,0
103373,6 May 2024,2024-05-17,abha,online,bronze,4,55.53,0.114,5.94,98.38,197.93,1
102949,2024-10-14,2024-10-25,TABUK ,online,silver,37,15.01,0.098,15.07,135.32,502.43,1
102062,2024/07/21,2024-07-27,Riyadh,online,bronze,4,15.22,0.12,1.62,0.0,53.84,0
100632,2025/02/26,2025-03-09,Abha,phone,silver,31,21.19,,16.8,0.0,560.0,0
102295,3 Feb 2025,2025-02-07,Riyadh,phone,silver,37,46.08,,42.77,0.0,1425.79,0
104473,05/13/2025,2025-05-21,Dammam,store,silver,10,41.86,0.189,9.93,0.0,331.11,0
104410,2025-04-18,2025-05-01,Riyadh,store,silver,10,71.66,0.225,16.54,0.0,551.33,0
102091,09/20/2024,2024-10-03,JEDDAH,online,bronze,32,42.09,,30.65,0.0,1021.53,0
102590,2024-09-27,2024-10-05,Jeddah,online,silver,24,97.08,0.06,63.55,0.0,2118.39,0
101437,11 Oct 2024,2024-10-23,Riyadh,online,bronze,25,52.76,0.127,34.24,184.15,1141.49,1
102426,2024/07/18,2024-07-21,Dammam,online,bronze,34,33.48,0.187,27.16,0.0,905.35,0
103548,2024-01-15,2024-01-19,Tabuk,online,silver,3,16.76,0.071,1.42,0.0,47.47,0
102500,07/04/2024,2024-07-12,Jeddah,store,bronze,33,30.34,0.141,25.45,0.0,848.28,0
100618,2025-06-29,2025-07-02,Jeddah,online,bronze,15,68.73,0.158,26.65,0.0,888.29,0
104394,04/18/2024,2024-05-02,Dammam,online,silver,9,10.23,0.065,2.57,28.71,85.81,1
101646,04/25/2024,2024-05-08, Jeddah,online,silver,36,43.37,0.107,42.09,0.0,1403.15,0
103301,2024-02-06,2024-02-10,Tabuk,online,silver,28,28.94,,16.47,0.0,548.98,0
104295,05/15/2024,2024-05-27,abha,online,silver,20,22.07,0.148,11.23,0.0,374.19,0
102482,08/20/2024,2024-08-31,riyadh,online,bronze,5,278.37,0.016,41.8,0.0,1393.24,0
100378,2025-04-08,2025-04-17,Jeddah,store,gold,14,76.37,0.145,27.24,0.0,908.06,0
102552,12/10/2024,2024-12-19,Jeddah,online,silver,15,20.14,0.226,7.21,0.0,240.26,0
102734,2024/07/04,2024-07-10,Riyadh,store,bronze,20,21.38,0.068,11.97,0.0,398.88,0
104515,03/14/2024,2024-03-22,riyadh,online,gold,23,46.48,0.235,24.59,0.0,819.69,0
104248,2024-11-28,2024-12-12,Riyadh,phone,bronze,18,13.1,,6.54,0.0,217.84,0
103427,06/16/2025,2025-06-23,Riyadh,online,bronze,2,16.08,0.055,0.88,0.0,29.31,0
103951,04/03/2025,2025-04-06,Jeddah,online,bronze,37,12.41,,8.62,0.0,287.5,0
102009,27 Sep 2024,2024-10-07,Riyadh,online,silver,33,16.86,0.233,12.68,0.0,422.7,0
104825,27 Jan 2024,2024-01-29,Jeddah,store,bronze,38,21.46,0.07,22.74,0.0,758.02,0
100572,12 Feb 2024,2024-02-13,Abha,store,bronze,29,28.03,0.072,22.37,0.0,745.78,0
104760,20 Jun 2025,2025-06-26,Tabuk,store,bronze,33,38.58,0.131,33.17,0.0,1105.67,0
103886,2024/09/09,2024-09-10,Riyadh,store,bronze,15,28.25,0.066,11.99,0.0,399.6,0
102249,6 Feb 2024,2024-02-17, Jeddah,store,bronze,34,35.57,0.061,33.58,0.0,1119.37,0
101485,2024/04/25,2024-05-06,DAMMAM,store,silver,12,72.22,0.218,20.18,0.0,672.51,0
103783,07/11/2024,2024-07-19,tabuk,online,silver,9,28.42,0.082,7.1,156.47,236.58,1
102120,2025/02/21,2025-02-22,riyadh,store,gold,16,59.0,0.165,23.58,0.0,785.93,0
104362,02/02/2025,2025-02-14,Jeddah,online,gold,7,16.87,0.212,2.88,0.0,95.84,0
104083,02/12/2024,2024-02-23,dammam ,store,silver,39,89.28,0.281,72.88,642.21,2429.35,1
104092,2025/03/07,2025-03-16,Dammam,online,bronze,25,48.07,0.069,32.99,0.0,1099.58,0
100983,2025/03/17,2025-03-23,Dammam,online,bronze,21,56.63,0.06,33.63,425.91,1121.12,1
104707,07/16/2024,2024-07-28,Riyadh,online,silver,3,17.65,0.192,1.31,42.78,43.57,1
103471,2024-12-29,2025-01-07, Jeddah,online,silver,7,9.05,0.095,1.73,0.0,57.51,0
104218,2024-01-22,2024-02-01,Riyadh,phone,gold,22,9.97,,4.29,0.0,143.15,0
104428,2025-05-14,2025-05-26,Riyadh ,online,silver,5,26.08,0.192,3.13,0.0,104.39,0
104136,2025/05/21,2025-05-22,riyadh,store,bronze,3,51.32,0.168,3.85,0.0,128.26,0
100730,20 Jun 2024,2024-06-27,JEDDAH,store,bronze,13,24.54,,7.87,80.98,262.4,1
100798,2025/06/19,2025-07-01,Riyadh,online,silver,2,164.18,0.107,8.69,0.0,289.7,0
100624,2025-01-30,2025-02-04,Jeddah,store,bronze,38,21.75,0.125,22.39,0.0,746.46,0
103039,07/21/2024,2024-07-27,Riyadh ,store,silver,28,51.68,0.297,29.78,0.0,992.73,0
102362,08/07/2024,2024-08-11,Riyadh,store,bronze,38,18.53,0.087,18.98,0.0,632.52,0
102958,6 Feb 2025,2025-02-20,riyadh,store,gold,34,48.53,0.117,44.57,0.0,1485.55,0
103434,2024-07-17,2024-07-25,Riyadh,online,bronze,15,59.64,0.202,20.8,0.0,693.46,0
100859,2025-05-25,2025-05-26, Jeddah,phone,bronze,23,44.8,,30.63,528.92,1021.16,1
100194,01/19/2024,2024-01-28,Abha,online,bronze,36,52.67,0.246,43.04,0.0,1434.58,0
103585,2024/09/17,2024-09-25,Tabuk,online,bronze,29,26.82,0.096,21.75,0.0,725.13,0
104777,2024/05/01,2024-05-15,Jeddah,online,bronze,10,59.01,0.056,17.1,0.0,570.13,0
102522,2025/04/07,2025-04-17,Jeddah,phone,silver,28,28.92,,20.93,0.0,697.78,0
103350,06/28/2024,2024-07-10,Jeddah,online,gold,10,39.06,0.226,8.99,0.0,299.76,0
102708,2025-06-19,2025-06-27,Riyadh ,online,bronze,10,49.74,,8.1,82.07,270.0,1
104325,2025-06-20,2025-06-25,Riyadh,store,bronze,9,16.58,0.209,3.5,0.0,116.52,0
102053,2024/12/29,2025-01-03,Jeddah,phone,silver,18,82.42,,38.36,0.0,1278.66,0
104668,2024/04/25,2024-04-29,Jeddah,online,bronze,18,14.17,0.177,6.46,0.0,215.39,0
102819,2025-02-21,2025-02-22,Jeddah,online,silver,27,24.83,,12.64,0.0,421.19,0
101039,23 Jun 2025,2025-06-24, Jeddah,phone,silver,7,31.09,,5.0,0.0,166.5,0
104157,2025/06/12,2025-06-26,tabuk,online,bronze,21,84.26,,35.72,0.0,1190.6,0
103498,2024-02-06,2024-02-20,dammam ,store,gold,38,54.47,0.269,45.92,0.0,1530.6,0
101671,2024-01-05,2024-01-15,Riyadh ,online,silver,36,17.31,0.219,14.84,392.22,494.57,1
102320,2024/07/29,2024-07-31,Tabuk,online,bronze,13,26.34,0.212,8.16,0.0,271.97,0
103531,2025/02/02,2025-02-08,Riyadh,store,silver,21,29.74,0.12,16.55,0.0,551.6,0
101214,2024/02/08,2024-02-09,Jeddah,online,bronze,10,25.49,0.057,7.09,0.0,236.19,0
101368,2024/03/28,2024-04-08,Riyadh ,online,bronze,35,18.26,0.192,15.5,0.0,516.64,0
102576,15 Feb 2025,2025-02-24,Dammam,online,silver,39,18.2,0.08,19.96,401.64,665.24,1
103763,2025/06/18,2025-06-28,Riyadh,online,bronze,38,57.08,0.152,56.14,0.0,1871.36,0
104813,2024-07-28,2024-08-10,JEDDAH,online,silver,18,18.66,0.136,8.66,80.64,288.75,1
103398,2024-02-27,2024-03-12,riyadh,online,silver,31,41.19,0.2,31.0,0.0,1033.32,0
104000,01/29/2025,2025-02-03,Riyadh,online,gold,36,23.82,0.299,17.2,317.11,573.29,1
103138,2024-06-07,2024-06-19,riyadh,store,bronze,40,11.51,0.181,11.56,0.0,385.32,0
103770,2025/04/05,2025-04-10,Dammam,store,silver,1,44.89,0.373,0.85,28.14,28.22,1
102502,06/15/2025,2025-06-24,Dammam,online,bronze,4,21.67,0.055,2.49,0.0,83.1,0
100512,2024-05-27,2024-06-06,Abha,phone,gold,7,9.15,,1.49,0.0,49.66,0
104494,23 May 2025,2025-05-24,Riyadh ,online,silver,15,25.01,0.269,8.28,0.0,276.02,0
104050,06/06/2024,2024-06-19,Dammam,phone,bronze,8,24.06,,4.74,0.0,158.11,0
102844,11/16/2024,2024-11-20,Riyadh,online,silver,24,81.76,0.119,52.18,792.32,1739.2,1
103311,09/07/2024,2024-09-15,Tabuk,store,gold,28,27.4,0.311,16.19,0.0,539.56,0
104498,2024-09-16,2024-09-30,Jeddah,online,silver,40,24.93,0.142,24.56,0.0,818.66,0
102895,2024/09/23,2024-10-07,Tabuk,online,bronze,37,25.98,0.07,26.68,0.0,889.23,0
104008,03/05/2025,2025-03-13,Riyadh,online,gold,40,68.07,,58.28,652.63,1942.73,1
104175,06/22/2025,2025-06-29,abha,store,silver,27,19.77,0.19,12.81,0.0,426.85,0
104174,12/05/2024,2024-12-18,riyadh,online,bronze,24,22.18,,10.95,368.05,364.96,1
100029,03/22/2024,2024-03-27,Riyadh,online,bronze,6,32.06,0.147,4.85,0.0,161.66,0
102147,2024/11/17,2024-11-23,Riyadh,store,bronze,14,21.38,0.125,7.69,0.0,256.43,0
104710,29 Aug 2024,2024-09-06,Jeddah,phone,silver,8,53.5,,9.97,0.0,332.42,0
100306,04/07/2024,2024-04-12, Jeddah,phone,bronze,37,15.64,,10.62,0.0,354.08,0
101889,15 May 2024,2024-05-17,abha,online,bronze,18,29.16,0.063,14.52,0.0,484.08,0
100226,2025-02-09,2025-02-17,Tabuk,phone,bronze,19,44.58,,22.41,0.0,746.88,0
103017,15 Oct 2024,2024-10-29,Tabuk,online,silver,9,24.89,,4.33,0.0,144.36,0
100199,10/23/2024,2024-11-02,Riyadh,online,silver,39,51.55,0.243,46.79,584.97,1559.52,1
100085,2025-05-19,2025-05-24,Riyadh,online,bronze,25,11.45,0.034,8.33,0.0,277.51,0
102489,2024-11-12,2024-11-13,Riyadh ,online,bronze,39,105.97,0.031,118.8,0.0,3959.97,0
100315,12 Jun 2025,2025-06-21, Jeddah,online,silver,18,14.01,,4.85,0.0,161.8,0
103564,2025-01-10,2025-01-16,Riyadh,phone,bronze,17,35.47,,15.51,0.0,516.84,0
100328,2024/04/05,2024-04-19, Jeddah,store,bronze,9,17.82,0.093,4.29,0.0,142.91,0
101714,2024-12-21,2024-12-30,TABUK ,online,gold,36,15.7,0.198,13.87,0.0,462.4,0
101435,2024/08/20,2024-08-26,Riyadh,store,silver,15,15.22,0.071,6.45,0.0,215.05,0
100039,16 Mar 2024,2024-03-18,Riyadh ,online,bronze,15,33.51,0.087,13.62,0.0,453.96,0
103575,27 Oct 2024,2024-11-08,Riyadh,online,gold,8,19.28,0.129,3.95,0.0,131.53,0
100447,2024/01/02,2024-01-10,Tabuk,online,bronze,29,56.44,,32.84,0.0,1094.67,0
104345,2025-03-05,2025-03-18,Dammam,phone,silver,8,37.41,,6.48,160.16,216.11,1
103815,28 Jun 2024,2024-07-05,JEDDAH,online,gold,8,20.78,0.243,3.82,110.17,127.48,1
101706,2024-11-16,2024-11-27,Tabuk,store,bronze,9,125.74,0.056,32.09,0.0,1069.75,0
102080,2024-07-24,2024-07-25,Riyadh ,online,bronze,14,59.51,0.134,21.85,0.0,728.3,0
100283,2025-03-14,2025-03-18,Riyadh,store,bronze,29,23.0,0.056,19.05,0.0,634.87,0
100233,03/02/2025,2025-03-14,TABUK ,online,gold,25,14.36,0.192,8.93,0.0,297.79,0
101080,3 Feb 2024,2024-02-13,Riyadh,store,silver,40,80.79,,94.42,0.0,3147.21,0
101779,8 Aug 2024,2024-08-14,JEDDAH,store,bronze,12,44.47,0.152,13.53,37.73,451.14,1
100800,3 Jul 2024,2024-07-09,Dammam,store,silver,38,23.16,0.094,24.73,0.0,824.23,0
101594,08/28/2024,2024-08-31,Jeddah,online,bronze,36,18.5,0.255,14.58,0.0,485.86,0
102002,08/24/2024,2024-09-05,Jeddah,online,bronze,38,56.31,0.128,53.71,1178.61,1790.28,1
100975,2024/02/10,2024-02-19,Riyadh,online,silver,3,18.84,,1.25,0.0,41.61,0
101355,14 Sep 2024,2024-09-16,Abha,store,bronze,3,40.02,0.166,3.08,0.0,102.67,0
101045,2024/11/13,2024-11-26,Riyadh,store,bronze,25,24.94,0.164,15.5,0.0,516.77,0
104747,2024/01/07,2024-01-10,Jeddah,store,silver,21,19.55,0.096,11.34,0.0,378.11,0
103559,15 Jun 2024,2024-06-26,DAMMAM,store,silver,15,38.65,,12.96,0.0,432.07,0
102470,05/31/2024,2024-06-06,Riyadh,store,silver,25,18.33,0.235,10.47,0.0,349.05,0
100047,2024-11-05,2024-11-17,Jeddah,store,bronze,23,17.17,0.12,10.32,0.0,344.14,0
102629,17 Sep 2024,2024-09-30,Riyadh,store,silver,25,65.1,0.083,43.84,0.0,1461.44,0
104372,2025/06/08,2025-06-11,Riyadh,phone,silver,10,43.37,,12.17,0.0,405.55,0
100950,05/21/2024,2024-05-25,riyadh,store,silver,35,86.78,0.159,75.49,0.0,2516.38,0
101743,06/25/2025,2025-07-04,Riyadh,online,gold,3,132.42,0.154,10.04,112.05,334.67,1
102508,2024-08-25,2024-08-31,Tabuk,online,bronze,37,60.0,0.304,46.0,417.63,1533.38,1
104012,7 Apr 2024,2024-04-18,riyadh,online,silver,27,23.06,0.195,15.2,0.0,506.82,0
103830,08/25/2024,2024-09-05,Dammam,online,bronze,16,19.28,0.164,7.54,0.0,251.39,0
104040,13 May 2025,2025-05-16,abha,store,silver,2,102.11,0.102,5.49,0.0,182.92,0
100120,2024-05-15,2024-05-21,Dammam,online,bronze,12,18.98,0.005,7.26,0.0,242.09,0
103516,2024-03-03,2024-03-12,Dammam,phone,bronze,12,16.82,,4.33,0.0,144.35,0
101495,1 Jan 2024,2024-01-03,Jeddah,online,bronze,16,9.91,0.117,4.11,0.0,137.03,0
104472,2025-02-18,2025-02-21,Riyadh,online,bronze,37,59.62,0.259,50.11,0.0,1670.39,0
100440,09/17/2024,2024-09-26,Dammam,store,bronze,12,16.91,,3.53,0.0,117.58,0
103302,09/04/2024,2024-09-10,riyadh,phone,bronze,18,47.84,,22.98,0.0,766.12,0
103300,2024/10/07,2024-10-15,Riyadh,store,silver,22,58.26,0.122,33.77,153.4,1125.63,1
103597,2024/08/16,2024-08-20,abha,online,silver,32,26.77,0.171,21.44,0.0,714.63,0
101562,19 Jan 2024,2024-01-21,DAMMAM,online,silver,38,118.45,0.176,112.56,0.0,3751.9,0
101774,2024-03-08,2024-03-13,Tabuk,store,gold,24,8.03,,4.32,0.0,144.16,0
100268,30 Mar 2024,2024-04-04,Riyadh,online,bronze,37,29.4,0.075,29.68,0.0,989.36,0
102986,16 Jun 2024,2024-06-17,Riyadh,online,silver,35,39.86,0.068,37.86,1299.67,1261.88,1
104802,2024-07-14,2024-07-17,Riyadh,phone,bronze,11,47.59,,12.91,0.0,430.49,0
100140,04/20/2024,2024-04-30,Riyadh,phone,bronze,18,61.21,,31.77,175.04,1059.08,1
101567,2024-09-11,2024-09-22,Riyadh,store,gold,38,42.43,,27.24,326.71,908.05,1
104475,2025-04-23,2025-04-30,Jeddah,online,bronze,34,31.36,0.084,29.76,0.0,992.0,0
103542,2024/03/13,2024-03-18,JEDDAH,phone,bronze,36,27.51,,27.55,0.0,918.25,0
100090,4 Oct 2024,2024-10-08,Jeddah,online,bronze,5,30.66,0.163,3.9,102.63,130.12,1
102939,2024/04/18,2024-04-21,Riyadh ,store,silver,34,13.29,0.095,12.23,0.0,407.78,0
103003,21 Jun 2025,2025-06-23,Riyadh,online,silver,7,21.52,0.227,3.54,0.0,117.93,0
100888,3 Jul 2024,2024-07-14,Riyadh,store,silver,39,31.43,0.129,31.58,0.0,1052.61,0
101297,2024/05/18,2024-05-27,riyadh,online,gold,24,52.81,0.17,31.31,0.0,1043.62,0
102503,2025/04/24,2025-05-06,tabuk,online,silver,5,18.46,0.051,2.69,0.0,89.74,0
101139,2024-05-20,2024-05-22,riyadh,online,silver,32,14.47,,10.45,0.0,348.22,0
102240,07/26/2024,2024-08-05,Jeddah,store,silver,22,97.08,,48.42,0.0,1613.87,0
104583,2024/11/07,2024-11-14,Abha,online,bronze,34,21.86,0.046,21.12,0.0,703.84,0
100806,10/30/2024,2024-11-09,Riyadh,online,bronze,34,43.29,0.335,29.28,0.0,976.11,0
102250,01/01/2024,2024-01-09,Jeddah,online,silver,32,24.9,0.197,19.29,0.0,642.92,0
100220,2024-10-21,2024-10-23, Jeddah,online,bronze,32,55.48,0.197,42.83,267.45,1427.74,1
100497,03/25/2024,2024-03-26,Jeddah,phone,bronze,17,34.46,,16.54,0.0,551.39,0
102008,04/24/2024,2024-05-07,Riyadh,store,bronze,9,100.39,0.13,22.92,0.0,764.13,0
101747,03/15/2024,2024-03-23,Dammam,online,bronze,23,42.36,0.193,23.32,0.0,777.35,0
104133,2024-03-20,2024-04-03, Jeddah,phone,bronze,18,47.56,,23.23,0.0,774.39,0
101133,2024/09/05,2024-09-16,Riyadh,phone,silver,32,6.46,,5.04,75.44,168.09,1
104697,06/17/2024,2024-06-19,Jeddah,online,silver,31,64.9,0.219,47.81,0.0,1593.53,0
104548,2024-05-03,2024-05-07,Riyadh,phone,silver,40,13.95,,13.67,157.49,455.82,1
100012,2024/02/12,2024-02-15,Tabuk,store,bronze,31,32.51,,20.76,0.0,692.11,0
102666,2025-02-24,2025-03-07,Abha,online,gold,28,41.0,0.132,28.82,604.99,960.55,1
104075,24 Jan 2024,2024-02-05,Riyadh,store,silver,5,19.1,0.207,2.34,0.0,78.02,0
104142,01/17/2025,2025-01-20, Jeddah,store,gold,17,125.37,0.334,43.0,0.0,1433.29,0
101720,2025/05/22,2025-06-01,Abha,store,gold,19,30.0,,12.84,0.0,427.92,0
103530,5 Oct 2024,2024-10-17,Jeddah,phone,silver,32,26.24,,18.41,0.0,613.57,0
101536,9 May 2025,2025-05-11,Jeddah,phone,silver,32,13.67,,10.19,192.72,339.78,1
100819,01/26/2024,2024-01-28,DAMMAM,online,bronze,39,72.08,0.129,73.29,2009.44,2442.95,1
103266,15 Jan 2025,2025-01-22,Riyadh,online,bronze,35,49.46,0.024,49.83,0.0,1660.96,0
102878,2024-03-07,2024-03-19,Jeddah,store,bronze,14,50.72,0.079,19.56,0.0,652.11,0
101398,2024-06-24,2024-07-05,Tabuk,phone,bronze,34,13.52,,12.3,0.0,409.96,0
101290,17 Aug 2024,2024-08-28,Jeddah,online,bronze,21,125.72,0.188,64.38,0.0,2145.9,0
104774,7 May 2024,2024-05-19,Jeddah,online,silver,7,20.28,0.197,3.59,0.0,119.52,0
104127,2025/05/19,2025-06-01,Jeddah,phone,bronze,16,29.25,,13.88,0.0,462.62,0
104857,2024/05/27,2024-05-31,Jeddah,online,bronze,7,51.6,0.033,10.33,0.0,344.4,0
102173,11/09/2024,2024-11-21,Jeddah,online,silver,36,28.36,0.109,26.96,0.0,898.71,0
100862,10/06/2024,2024-10-09,Dammam,online,gold,34,20.96,0.247,16.18,425.98,539.26,1
102027,2025-04-16,2025-04-17,abha,store,silver,27,72.42,0.183,47.04,0.0,1567.89,0
102800,26 Feb 2025,2025-03-03,DAMMAM,online,gold,17,16.32,0.389,5.09,0.0,169.53,0
104210,30 Jun 2024,2024-07-06,Riyadh,store,bronze,37,80.39,0.16,75.53,1216.12,2517.66,1
100042,6 Feb 2024,2024-02-19,Abha,store,silver,2,7.77,0.087,0.43,0.0,14.38,0
100367,27 Mar 2024,2024-03-31,Dammam,online,bronze,22,27.61,0.158,15.53,511.22,517.51,1
101208,03/20/2024,2024-03-29,Jeddah,phone,bronze,28,69.18,,49.28,0.0,1642.56,0
104692,22 Apr 2024,2024-04-30,Riyadh,phone,silver,6,13.08,,2.1,46.6,70.13,1
101840,2024-03-19,2024-03-21,Dammam,online,bronze,1,22.74,0.45,0.37,0.0,12.38,0
103449,06/05/2025,2025-06-09,riyadh,online,bronze,34,36.42,0.183,29.67,0.0,988.98,0
101541,2024-06-15,2024-06-21,Abha,online,gold,15,34.62,0.209,12.27,0.0,409.09,0
104601,05/08/2025,2025-05-12,DAMMAM,online,silver,6,15.67,0.182,2.28,0.0,75.97,0
101842,2024-12-07,2024-12-14,Jeddah,online,silver,36,39.49,0.096,39.04,0.0,1301.25,0
103803,2025/06/15,2025-06-25,riyadh,store,bronze,37,16.01,0.068,17.19,0.0,573.14,0
104030,06/27/2024,2024-07-07,Tabuk,store,silver,19,34.34,0.223,15.29,0.0,509.78,0
101048,2025-04-13,2025-04-25,dammam ,online,bronze,5,42.44,,5.51,0.0,183.63,0
100351,08/02/2024,2024-08-11,dammam ,online,gold,16,75.5,0.161,31.54,0.0,1051.49,0
104324,2024/03/20,2024-03-30,Riyadh,online,bronze,33,80.67,0.101,72.07,0.0,2402.41,0
101507,2025/04/17,2025-04-29,Dammam,store,bronze,11,12.67,0.081,3.71,0.0,123.78,0
100314,20 Feb 2025,2025-02-26,Jeddah,store,bronze,25,94.02,0.084,65.51,1808.77,2183.83,1
103612,2025-04-09,2025-04-18,Riyadh ,online,bronze,32,41.51,,28.74,795.62,958.09,1
103827,2025/04/05,2025-04-12,Riyadh,online,bronze,22,117.13,0.061,72.45,0.0,2414.93,0
103668,2025/05/19,2025-05-29,Riyadh,online,bronze,25,106.93,0.155,67.18,1807.37,2239.44,1
104027,2024/10/08,2024-10-19,Dammam,store,bronze,37,20.85,0.083,20.69,0.0,689.61,0
101144,2024-05-28,2024-05-29,abha,online,bronze,30,24.57,0.035,21.49,308.24,716.32,1
104057,2025-05-10,2025-05-21,Riyadh,online,bronze,2,43.44,0.004,2.58,0.0,85.84,0
103123,06/15/2024,2024-06-25,Riyadh,online,gold,33,39.1,0.249,30.23,176.17,1007.71,1
104385,2024/07/02,2024-07-04,Abha,store,silver,13,35.39,0.091,12.6,0.0,419.99,0
100552,2024-01-07,2024-01-15,Riyadh,online,bronze,8,34.03,0.057,7.48,96.22,249.33,1
104506,2025-02-25,2025-03-04,Jeddah,store,gold,17,30.58,0.136,13.3,449.31,443.2,1
101244,2025-03-05,2025-03-19,Riyadh,phone,silver,1,33.27,,0.85,0.0,28.24,0
100530,8 Nov 2024,2024-11-20,riyadh,online,silver,4,68.46,0.064,7.56,0.0,252.07,0
103913,2025/06/28,2025-07-09,Abha,online,bronze,23,20.19,0.058,13.07,0.0,435.58,0
100913,01/14/2025,2025-01-19,Tabuk,online,silver,7,38.81,0.133,6.91,0.0,230.19,0
101941,2025-02-20,2025-02-25,Riyadh,online,silver,17,16.83,0.079,7.85,77.53,261.64,1
104397,04/16/2025,2025-04-26,Riyadh ,store,bronze,6,132.36,0.45,13.25,0.0,441.68,0
102255,29 Apr 2024,2024-05-06,Tabuk,online,bronze,21,10.19,0.134,5.57,0.0,185.74,0
101360,14 Apr 2024,2024-04-27,Riyadh,store,bronze,29,111.1,,66.75,0.0,2224.88,0
102022,08/10/2024,2024-08-18,Riyadh,online,gold,24,204.46,0.211,116.32,0.0,3877.21,0
100076,16 Dec 2024,2024-12-19,Riyadh,online,bronze,36,117.27,0.03,125.2,0.0,4173.48,0
104413,2024/01/04,2024-01-14,dammam ,store,silver,12,64.95,0.205,18.42,0.0,614.08,0
103750,4 Apr 2025,2025-04-10,Riyadh ,store,silver,16,16.45,0.185,6.48,0.0,215.92,0
104761,2024/08/21,2024-08-27,JEDDAH,online,silver,15,30.54,0.077,13.06,309.91,435.42,1
103905,2024/03/30,2024-04-09,JEDDAH,store,silver,15,43.68,0.196,14.88,0.0,495.96,0
101759,2 Apr 2025,2025-04-03,TABUK ,online,silver,3,23.78,,1.53,0.0,51.14,0
103378,07/17/2024,2024-07-24,Tabuk,online,bronze,29,107.97,,88.84,0.0,2961.2,0
100923,2025-03-31,2025-04-07,dammam ,store,silver,39,49.15,0.047,55.24,983.87,1841.36,1
104436,13 Jun 2024,2024-06-17, Jeddah,store,bronze,5,210.29,0.052,29.73,0.0,991.08,0
103111,10/24/2024,2024-11-05,Riyadh,phone,bronze,40,31.09,,30.64,254.39,1021.22,1
100176,2024-01-01,2024-01-15,Riyadh,online,bronze,38,12.84,,11.12,0.0,370.78,0
101174,01/05/2024,2024-01-16,Dammam,online,gold,20,30.01,0.248,13.53,0.0,450.98,0
102649,2024/12/23,2024-12-27,Dammam,store,bronze,18,63.59,0.094,31.54,0.0,1051.21,0
102992,1 Feb 2025,2025-02-15,Abha,online,silver,13,23.98,0.286,6.95,68.51,231.58,1
104855,12 Nov 2024,2024-11-24,Riyadh,store,gold,18,37.53,,14.59,0.0,486.38,0
101717,2025/03/17,2025-03-27,Riyadh,online,silver,4,59.84,0.15,5.94,0.0,198.14,0
101676,30 Apr 2024,2024-05-07,Tabuk,online,gold,39,55.36,0.272,48.51,0.0,1616.94,0
101020,2024-10-18,2024-10-28,Jeddah,online,silver,12,54.93,0.194,15.6,0.0,519.9,0
100828,2024-03-13,2024-03-25,riyadh,phone,bronze,6,33.03,,4.81,0.0,160.46,0
104079,28 Jun 2025,2025-06-30,Riyadh,online,bronze,34,14.97,0.032,14.82,101.43,493.96,1
103221,2025-02-27,2025-03-10,Riyadh,online,gold,15,9.12,0.39,2.49,0.0,82.96,0
104206,2025/04/03,2025-04-16,Dammam,phone,bronze,4,28.18,,3.02,0.0,100.52,0
104374,2024-09-20,2024-10-04,riyadh,store,silver,28,36.41,,27.42,0.0,914.0,0
104150,06/28/2025,2025-07-09,Jeddah,online,gold,20,14.01,0.213,6.85,0.0,228.29,0
102900,02/17/2025,2025-02-26,JEDDAH,online,silver,3,52.2,0.081,4.26,0.0,141.89,0
101033,2024-03-30,2024-03-31,Jeddah,online,silver,14,53.37,0.198,17.96,0.0,598.56,0
103448,2024/02/14,2024-02-15,Dammam,phone,gold,16,43.36,,13.42,0.0,447.28,0
102742,2025/02/01,2025-02-05,abha,online,bronze,24,9.18,0.091,6.01,0.0,200.48,0
101143,2025/01/30,2025-02-01,Abha,online,bronze,20,38.72,,21.18,0.0,705.9,0
103076,2024-01-09,2024-01-20,Tabuk,online,silver,12,119.02,0.147,37.28,1217.83,1242.5,1
103544,2024/09/29,2024-10-11,Riyadh ,phone,silver,19,12.08,,4.85,0.0,161.51,0
102901,5 Dec 2024,2024-12-13,JEDDAH,phone,gold,20,75.95,,38.18,0.0,1272.71,0
100490,2024/10/04,2024-10-12,Jeddah,phone,bronze,17,43.06,,18.8,0.0,626.71,0
102555,07/14/2024,2024-07-24,Riyadh,store,bronze,16,18.32,0.109,7.82,0.0,260.75,0
100287,2024/06/28,2024-07-09,Riyadh,store,bronze,36,10.9,0.08,10.89,0.0,363.15,0
104147,2025/04/08,2025-04-13,riyadh,online,silver,25,31.46,0.133,21.04,0.0,701.19,0
102290,11/04/2024,2024-11-08,Riyadh,store,bronze,37,19.6,0.221,17.38,0.0,579.2,0
102367,06/10/2024,2024-06-24,Riyadh ,online,silver,39,36.45,0.283,31.1,0.0,1036.77,0
104582,03/29/2025,2025-04-07,Abha,online,bronze,32,24.27,0.092,21.04,0.0,701.34,0
104464,16 Feb 2025,2025-02-21,Tabuk,phone,silver,20,111.74,,58.06,0.0,1935.28,0
103412,2025/02/19,2025-03-03,Riyadh ,online,bronze,4,120.58,0.188,11.43,0.0,380.87,0
102060,1 Apr 2024,2024-04-09,Riyadh,online,gold,40,32.64,0.131,34.7,0.0,1156.81,0
100733,2024-01-04,2024-01-14,Riyadh,phone,gold,36,156.36,,151.27,4541.81,5042.24,1
103285,05/29/2024,2024-06-08,Riyadh,phone,gold,29,34.94,,20.57,450.35,685.63,1
102368,06/30/2024,2024-07-08,Jeddah,store,bronze,25,93.89,0.217,56.49,0.0,1882.94,0
101663,06/10/2025,2025-06-13,abha,store,bronze,35,70.03,0.214,57.93,935.31,1931.14,1
100453,2024/07/15,2024-07-16,Dammam,online,bronze,19,25.11,0.087,13.07,0.0,435.53,0
100756,2025/06/07,2025-06-12,Riyadh,online,gold,22,12.27,0.19,6.37,0.0,212.26,0
100079,2024/04/23,2024-04-25,Jeddah,phone,bronze,22,54.37,,34.01,0.0,1133.54,0
103828,2024/06/19,2024-06-30,Riyadh,store,bronze,10,24.07,0.029,6.87,0.0,229.14,0
104326,9 May 2024,2024-05-22,JEDDAH,online,gold,20,76.34,0.139,39.56,656.99,1318.74,1
102390,2024-11-18,2024-11-28,Riyadh,online,silver,32,37.56,0.365,22.25,763.38,741.68,1
102042,2024/07/16,2024-07-18,abha,online,silver,3,98.39,0.174,7.37,0.0,245.53,0
101832,30 Dec 2024,2025-01-08,tabuk,online,silver,21,24.44,,12.04,0.0,401.42,0
102653,5 Apr 2025,2025-04-13,Abha,phone,gold,25,23.61,,12.09,0.0,403.12,0
102665,2025/03/18,2025-03-25,Jeddah,online,gold,20,23.39,,10.21,0.0,340.22,0
103810,10/07/2024,2024-10-20,abha,phone,bronze,13,38.6,,14.21,0.0,473.65,0
104093,2024/05/11,2024-05-13,abha,online,gold,3,18.41,,1.18,0.0,39.5,0
100857,6 Feb 2024,2024-02-11,Dammam,online,silver,2,48.39,0.277,2.08,0.0,69.28,0
102020,9 Sep 2024,2024-09-10, Jeddah,phone,bronze,40,32.94,,32.98,0.0,1099.36,0
100162,11/04/2024,2024-11-14,Tabuk,online,silver,17,146.33,0.263,56.07,0.0,1868.98,0
101176,01/15/2024,2024-01-19,Dammam,online,silver,28,39.44,0.196,26.47,0.0,882.35,0
100547,2024/08/11,2024-08-21, Jeddah,online,bronze,40,38.94,,29.81,538.48,993.66,1
103375,2024-05-01,2024-05-05,Jeddah,online,bronze,28,8.78,0.108,6.56,0.0,218.59,0
104831,2024/01/07,2024-01-13,JEDDAH,phone,bronze,6,67.45,,9.53,54.26,317.78,1
103329,13 Apr 2024,2024-04-21,Jeddah,phone,bronze,8,20.45,,3.43,72.58,114.44,1
101919,03/28/2024,2024-04-08,Jeddah,online,bronze,7,140.2,0.077,27.06,388.4,902.11,1
104158,2024-12-29,2025-01-02,Riyadh,store,bronze,23,41.0,0.166,23.41,0.0,780.32,0
101287,12/13/2024,2024-12-20,Jeddah,phone,silver,1,74.9,,1.77,58.15,58.96,1
102156,9 Jun 2024,2024-06-22,Abha,store,silver,20,9.84,,5.14,0.0,171.17,0
102130,8 May 2024,2024-05-20,Riyadh,online,bronze,28,36.21,,22.68,130.49,755.89,1
102676,2025-02-20,2025-03-04, Jeddah,online,gold,9,47.18,,8.86,0.0,295.28,0
100432,2024/01/25,2024-01-27,Dammam,online,gold,24,39.5,0.173,23.37,0.0,778.99,0
100891,11 Jan 2024,2024-01-24,riyadh,store,gold,21,22.4,,8.79,0.0,292.95,0
103674,11/13/2024,2024-11-18,JEDDAH,store,bronze,36,16.34,,11.42,0.0,380.75,0
101876,3 Apr 2025,2025-04-06,Abha,online,silver,31,58.83,0.139,46.75,0.0,1558.42,0
104173,2025-03-31,2025-04-02,tabuk,store,gold,15,19.51,0.141,7.61,0.0,253.65,0
104399,2025-03-11,2025-03-12,Riyadh,store,silver,18,39.29,0.103,18.67,0.0,622.47,0
104350,6 Jun 2024,2024-06-19,Abha,store,bronze,20,111.42,0.278,49.9,80.44,1663.26,1
102084,18 Sep 2024,2024-09-23,Riyadh,online,bronze,34,20.49,0.115,18.74,0.0,624.68,0
102195,01/31/2024,2024-02-14,JEDDAH,store,gold,9,6.77,0.204,1.45,0.0,48.41,0
104512,2025-06-17,2025-06-18,JEDDAH,store,silver,3,37.5,0.219,2.74,0.0,91.45,0
101911,2024/08/02,2024-08-06,Riyadh,online,bronze,40,75.54,0.15,75.47,0.0,2515.72,0
103260,12/20/2024,2024-12-27,Riyadh,online,bronze,1,189.7,0.03,5.58,0.0,186.05,0
102549,04/14/2025,2025-04-21,Riyadh,store,bronze,6,9.48,0.084,1.58,0.0,52.69,0
101285,2024/07/28,2024-07-31,tabuk,store,silver,2,47.89,0.084,2.58,43.85,86.03,1
100966,2025/01/14,2025-01-22, Jeddah,phone,bronze,2,28.14,,1.39,0.0,46.31,0
100898,2024/03/12,2024-03-25,Riyadh,store,bronze,28,11.95,0.024,9.7,0.0,323.39,0
100997,12/24/2024,2024-12-25,Dammam,store,silver,11,41.84,0.219,10.47,0.0,348.85,0
103773,20 Jun 2024,2024-06-27,DAMMAM,online,gold,34,26.14,0.124,23.07,0.0,769.14,0
104331,11/11/2024,2024-11-17,Riyadh ,online,bronze,6,60.99,0.138,9.15,0.0,305.14,0
101088,02/05/2025,2025-02-09,Dammam,online,silver,1,53.07,,1.3,44.19,43.33,1
103473,2024/09/24,2024-09-29,JEDDAH,store,silver,28,21.72,,15.55,0.0,518.33,0
103614,2024-03-19,2024-03-26,tabuk,store,bronze,25,27.15,0.07,18.76,202.09,625.33,1
103119,02/18/2025,2025-03-02,Riyadh,store,bronze,22,22.56,0.17,12.0,0.0,400.04,0
103952,2025/04/15,2025-04-17,Tabuk,store,bronze,10,16.1,0.121,4.19,0.0,139.78,0
104840,2024-09-10,2024-09-16,Riyadh,store,bronze,23,36.64,0.094,23.91,0.0,796.93,0
100099,12/14/2024,2024-12-21,riyadh,online,bronze,24,151.82,0.186,89.16,1977.68,2971.9,1
102223,2024-05-23,2024-05-24,Jeddah,online,bronze,27,17.87,0.378,9.29,0.0,309.67,0
103918,2025-02-06,2025-02-09,Jeddah,online,bronze,40,67.11,,71.5,2426.28,2383.38,1
104198,8 Mar 2024,2024-03-20,Tabuk,online,silver,26,67.95,0.214,42.66,534.4,1422.0,1
100468,2024-07-17,2024-07-31,TABUK ,online,bronze,37,57.23,0.049,61.49,1306.52,2049.57,1
101642,1 Jul 2024,2024-07-12,Riyadh,store,silver,16,47.11,,14.41,325.31,480.2,1
103304,8 May 2024,2024-05-20,Tabuk,phone,bronze,34,16.58,,15.34,0.0,511.39,0
103996,2024-09-08,2024-09-16,Riyadh,phone,silver,31,66.93,,56.22,0.0,1874.16,0
101262,13 Aug 2024,2024-08-24,Jeddah,phone,bronze,20,90.79,,43.85,0.0,1461.78,0
102804,01/17/2024,2024-01-26, Jeddah,phone,silver,1,44.14,,1.15,0.0,38.21,0
100434,21 Dec 2024,2024-12-28,Abha,online,silver,26,38.33,0.325,20.23,0.0,674.38,0
104826,2024-07-17,2024-07-23,Jeddah,online,gold,31,23.52,,15.39,346.24,513.06,1
103588,03/03/2024,2024-03-14,Jeddah,store,bronze,2,11.27,0.092,0.61,0.0,20.46,0
100722,2025/05/17,2025-05-18,Jeddah,online,bronze,5,33.73,,3.51,0.0,117.01,0
103699,2025/04/08,2025-04-12,Riyadh,store,silver,23,80.36,0.145,47.19,0.0,1573.0,0
101159,23 Nov 2024,2024-11-30,Jeddah,store,bronze,2,34.78,0.059,1.97,0.0,65.62,0
103769,10 Jun 2025,2025-06-14,Dammam,store,bronze,37,61.55,0.148,57.82,0.0,1927.46,0
104450,30 Jan 2024,2024-02-09,Riyadh,online,bronze,20,17.82,0.033,10.55,0.0,351.8,0
100216,01/02/2024,2024-01-14,Dammam,online,silver,38,18.03,0.271,15.23,131.41,507.57,1
102648,2024-02-02,2024-02-05,abha,online,silver,27,35.47,0.222,22.11,0.0,737.11,0
102746,2025-02-11,2025-02-24,Abha,online,bronze,2,9.6,0.084,0.55,0.0,18.22,0
100400,11/28/2024,2024-12-07,JEDDAH,store,silver,13,38.5,0.225,11.85,0.0,395.13,0
100532,2024/12/13,2024-12-14,dammam ,store,silver,14,34.16,,9.67,0.0,322.41,0
103637,31 Jul 2024,2024-08-09,abha,online,bronze,23,35.44,0.268,17.9,0.0,596.58,0
102621,8 Sep 2024,2024-09-15,Abha,store,silver,12,30.01,0.116,9.75,0.0,324.99,0
101384,2025/06/01,2025-06-06,TABUK ,online,silver,28,64.1,0.229,42.94,0.0,1431.48,0
102034,2024-09-09,2024-09-12,JEDDAH,online,bronze,21,52.09,,28.03,0.0,934.47,0
101489,4 Apr 2025,2025-04-10,Tabuk,online,bronze,37,38.19,0.025,39.85,446.68,1328.45,1
104789,25 Oct 2024,2024-11-05,Riyadh ,online,bronze,6,15.86,0.1,2.6,0.0,86.51,0
101574,10/28/2024,2024-11-10,Abha,online,bronze,9,193.23,0.131,46.5,0.0,1549.99,0
100004,08/25/2024,2024-08-26,Dammam,online,silver,39,30.96,0.214,28.64,0.0,954.5,0
103342,2024-04-23,2024-04-26,abha,online,silver,37,10.43,0.071,11.02,0.0,367.42,0
102745,14 Jan 2025,2025-01-17,Jeddah,store,bronze,31,63.55,0.163,49.31,0.0,1643.81,0
100534,2024/01/05,2024-01-10,Dammam,online,silver,16,51.23,0.202,19.02,0.0,634.02,0
100744,2024/02/19,2024-02-29,Riyadh,store,silver,31,12.64,0.187,9.78,0.0,326.12,0
100277,22 Feb 2025,2025-02-26,Riyadh,phone,silver,13,40.8,,14.26,0.0,475.5,0
101960,2024/05/20,2024-05-31,DAMMAM,phone,silver,11,79.34,,22.86,0.0,762.09,0
100575,2024-06-12,2024-06-20,abha,online,bronze,23,58.41,,25.33,0.0,844.25,0
103562,5 Jul 2024,2024-07-19,Jeddah,online,bronze,3,30.92,0.143,2.39,0.0,79.64,0
100119,2025-05-29,2025-06-09,Jeddah,online,bronze,31,18.6,,12.03,0.0,400.95,0
103845,2024/04/17,2024-04-23,Tabuk,online,silver,39,22.96,0.109,24.96,102.26,831.99,1
100625,2024-04-15,2024-04-17,tabuk,store,bronze,40,22.31,0.034,24.77,689.62,825.74,1
103183,11/26/2024,2024-12-10,Jeddah,store,bronze,27,58.0,0.235,35.53,0.0,1184.44,0
103714,2024/06/02,2024-06-04,Dammam,online,bronze,40,142.61,0.075,162.43,0.0,5414.18,0
102044,2024/06/20,2024-07-04,Tabuk,store,silver,15,149.9,0.182,54.7,0.0,1823.49,0
103022,20 Mar 2024,2024-03-27,Dammam,store,bronze,40,71.99,,56.86,0.0,1895.48,0
100307,5 Jun 2025,2025-06-17,Jeddah,online,bronze,40,40.11,,48.77,921.0,1625.74,1
100553,2024/02/19,2024-02-24,Riyadh,store,bronze,8,29.55,0.151,5.94,0.0,197.94,0
103384,24 Aug 2024,2024-09-02, Jeddah,store,silver,9,46.95,,6.86,0.0,228.54,0
101793,2024-06-04,2024-06-09,Riyadh,store,silver,6,34.33,,3.4,113.29,113.44,1
101955,06/26/2024,2024-07-08,Tabuk,store,silver,22,51.91,0.079,31.24,0.0,1041.5,0
100463,2025-01-04,2025-01-18,tabuk,store,silver,40,50.27,0.126,52.92,0.0,1763.86,0
103893,2025/03/14,2025-03-20,Jeddah,online,bronze,35,65.55,0.103,61.64,0.0,2054.64,0
101199,2024-07-19,2024-07-20,Riyadh,online,gold,15,37.1,0.239,12.5,0.0,416.68,0
102227,2025-01-20,2025-01-24,Dammam,online,bronze,5,40.32,0.062,5.62,0.0,187.22,0
101894,29 Apr 2024,2024-05-05,Riyadh ,store,gold,29,78.68,0.352,43.3,0.0,1443.21,0
102506,08/05/2024,2024-08-18,riyadh,online,gold,33,30.17,0.241,22.35,0.0,744.98,0
101012,02/27/2025,2025-03-01,Jeddah,online,silver,14,20.64,0.17,7.1,0.0,236.52,0
103687,2025-04-24,2025-04-29, Jeddah,phone,bronze,9,99.02,,20.0,0.0,666.71,0
100049,2025-04-02,2025-04-06,dammam ,online,silver,5,124.12,0.199,14.63,0.0,487.73,0
103739,09/05/2024,2024-09-19,Abha,online,gold,16,51.36,0.22,19.36,0.0,645.26,0
104746,2024-02-08,2024-02-16,riyadh,store,gold,20,72.46,,31.1,155.51,1036.81,1
100510,2024/11/06,2024-11-12,Riyadh ,online,gold,1,39.71,0.13,1.03,34.54,34.4,1
103650,03/23/2025,2025-03-31,Abha,online,gold,34,16.45,0.193,13.23,0.0,441.02,0
102964,2024/08/11,2024-08-13,Jeddah,phone,bronze,30,34.43,,25.32,0.0,844.11,0
102097,2024-08-27,2024-09-01,riyadh,online,silver,25,57.64,0.227,33.48,0.0,1115.88,0
100537,2025/02/04,2025-02-06,Jeddah,store,bronze,34,41.26,0.044,40.53,0.0,1350.84,0
103644,10/29/2024,2024-11-06,Riyadh,store,bronze,9,44.55,0.121,10.71,39.14,357.0,1
104087,3 Jan 2024,2024-01-10,Jeddah,store,silver,31,57.61,0.207,42.6,0.0,1419.93,0
100692,12 Feb 2024,2024-02-13,Tabuk,phone,silver,20,6.8,,3.26,36.52,108.51,1
103664,12/13/2024,2024-12-27,DAMMAM,online,silver,24,54.28,0.168,31.13,90.28,1037.67,1
103790,2024/06/24,2024-07-02,DAMMAM,online,silver,36,47.07,0.097,47.71,0.0,1590.43,0
102332,28 Feb 2024,2024-03-09,JEDDAH,online,gold,14,60.56,0.384,15.37,0.0,512.38,0
102024,2024/04/18,2024-04-20,Riyadh,store,silver,12,64.02,0.093,21.08,0.0,702.72,0
101939,2024-05-13,2024-05-24,Riyadh,store,bronze,37,102.19,0.152,94.72,0.0,3157.33,0
101445,04/16/2024,2024-04-17,Riyadh,online,silver,22,37.96,,16.72,0.0,557.48,0
101330,2024/09/22,2024-09-23,riyadh,store,silver,5,25.17,0.182,3.07,0.0,102.24,0
104211,08/20/2024,2024-08-29,Dammam,store,bronze,29,27.56,0.09,22.16,0.0,738.83,0
100521,13 Jun 2024,2024-06-26,Abha,store,bronze,16,12.24,0.022,5.71,0.0,190.41,0
103116,2025-05-23,2025-06-05,Dammam,online,silver,5,99.28,,9.82,0.0,327.42,0
103535,12/19/2024,2024-12-21,Dammam,online,bronze,21,33.78,0.228,15.82,0.0,527.27,0
104182,05/31/2024,2024-06-14,Riyadh ,online,silver,2,52.28,0.152,2.76,44.34,91.91,1
102428,03/06/2025,2025-03-11,dammam ,online,bronze,33,80.8,,76.9,1969.27,2563.44,1
104006,2024/03/05,2024-03-13,Riyadh,store,bronze,19,88.63,0.101,44.2,796.48,1473.23,1
104806,2025/05/02,2025-05-03,Dammam,online,silver,33,40.99,0.074,37.57,0.0,1252.29,0
104070,22 May 2024,2024-05-28,Riyadh,online,silver,7,38.78,0.105,7.45,0.0,248.21,0
102517,2025/01/18,2025-01-20,Riyadh,phone,silver,24,45.46,,21.84,0.0,727.93,0
103812,2024/01/10,2024-01-13,Riyadh,online,gold,24,23.55,0.2,13.3,0.0,443.47,0
103705,11/28/2024,2024-12-04,riyadh,store,silver,26,27.73,0.099,19.28,0.0,642.7,0
100961,6 May 2024,2024-05-20,Jeddah,online,bronze,37,27.1,0.107,26.39,0.0,879.73,0
104858,22 Jan 2024,2024-01-27,Dammam,store,silver,15,35.18,0.057,14.43,0.0,480.94,0
103161,31 Aug 2024,2024-09-03,Tabuk,store,silver,34,100.36,,67.61,1268.57,2253.77,1
100430,2025/02/12,2025-02-19,Abha,online,bronze,26,42.89,0.068,31.83,0.0,1061.0,0
104872,2024/07/20,2024-07-24,Riyadh ,online,bronze,22,135.5,0.228,71.24,0.0,2374.53,0
101884,2024/05/27,2024-06-09,Dammam,store,bronze,23,96.42,0.189,52.08,0.0,1735.9,0
102985,14 May 2024,2024-05-27,riyadh,store,gold,4,20.77,0.388,1.55,0.0,51.64,0
104590,09/28/2024,2024-09-29,Tabuk,phone,bronze,21,39.51,,22.05,0.0,735.12,0
102015,2024/08/17,2024-08-30,Jeddah,online,bronze,8,130.37,,24.36,0.0,812.13,0
102134,2025-04-25,2025-05-09,TABUK ,store,bronze,7,25.19,,4.22,0.0,140.73,0
102753,2024-01-29,2024-02-05,abha,online,silver,15,33.94,0.122,13.7,0.0,456.5,0
100729,03/22/2025,2025-04-04,Jeddah,phone,bronze,8,134.36,,17.82,295.59,593.86,1
102326,01/20/2024,2024-01-24,Tabuk,store,silver,21,24.6,0.182,12.34,0.0,411.35,0
104250,2024-03-02,2024-03-16,Abha,store,silver,4,31.56,0.1,3.46,0.0,115.29,0
101456,02/16/2024,2024-02-23,Riyadh,online,bronze,22,48.42,,23.92,140.84,797.32,1
104865,2024/12/19,2024-12-30,dammam ,phone,gold,30,22.87,,14.81,0.0,493.62,0
102323,2025-06-06,2025-06-10,Jeddah,online,bronze,3,173.88,0.363,10.04,221.47,334.67,1
100449,01/17/2025,2025-01-24,Riyadh,online,bronze,23,68.36,0.151,40.13,0.0,1337.77,0
102480,24 Mar 2024,2024-04-05,Tabuk,store,silver,4,16.81,0.071,1.87,0.0,62.28,0
100712,12 Mar 2024,2024-03-22,dammam ,store,silver,30,36.04,0.224,25.29,0.0,843.07,0
104383,2024/05/18,2024-06-01,riyadh,store,silver,37,22.72,0.336,16.69,0.0,556.38,0
100228,2024-10-17,2024-10-27,Jeddah,store,bronze,7,17.93,0.063,3.57,0.0,118.96,0
100855,2024-09-07,2024-09-08,Riyadh,store,bronze,29,48.97,,29.0,0.0,966.8,0
104795,08/29/2024,2024-09-09,Riyadh,store,gold,16,8.72,0.284,2.98,0.0,99.21,0
104296,2024-06-26,2024-07-03, Jeddah,online,silver,29,51.53,0.171,37.11,0.0,1236.85,0
101265,03/26/2025,2025-03-29,Jeddah,online,silver,12,21.14,,4.23,0.0,140.84,0
100305,18 Jul 2024,2024-08-01,Abha,store,silver,19,46.55,0.246,21.64,0.0,721.28,0
103577,2025/05/14,2025-05-25,abha,online,silver,9,16.67,0.222,3.52,0.0,117.32,0
102045,03/05/2025,2025-03-14,Tabuk,store,bronze,12,21.28,0.014,7.64,0.0,254.5,0
104018,2025-06-04,2025-06-06,Jeddah,store,bronze,31,97.06,,51.93,0.0,1730.84,0
102036,2024-02-29,2024-03-01,abha,store,gold,19,64.93,0.229,28.27,0.0,942.21,0
104502,6 Jun 2025,2025-06-08,Jeddah,store,gold,40,8.7,0.127,9.03,0.0,300.91,0
101970,2024/02/22,2024-02-28, Jeddah,online,gold,32,23.38,,11.91,192.89,397.06,1
102305,2024/07/19,2024-07-25,Jeddah,online,gold,25,31.25,0.19,18.87,0.0,629.03,0
101390,03/26/2024,2024-04-07,Riyadh,store,bronze,31,13.13,,11.0,0.0,366.61,0
102797,16 Apr 2025,2025-04-23,Dammam,online,bronze,24,22.24,0.138,14.15,0.0,471.62,0
100867,30 Nov 2024,2024-12-12,Abha,online,gold,4,29.05,0.14,3.02,0.0,100.77,0
101725,2024/08/14,2024-08-15,JEDDAH,online,bronze,35,27.42,,25.95,0.0,865.04,0
103273,22 Sep 2024,2024-10-06,Dammam,online,bronze,11,40.57,0.064,12.66,0.0,422.04,0
100506,2024/06/15,2024-06-24,abha,online,bronze,21,31.27,0.055,19.3,0.0,643.42,0
103160,2024-03-16,2024-03-26,riyadh,store,silver,27,65.99,0.077,48.58,0.0,1619.27,0
103995,03/05/2025,2025-03-19,Riyadh,online,gold,17,23.87,0.259,8.87,0.0,295.6,0
104259,2024-04-20,2024-04-24,Tabuk,online,gold,20,28.77,,12.72,0.0,423.98,0
101364,2025/01/17,2025-01-22,riyadh,online,bronze,6,29.73,0.06,5.09,0.0,169.63,0
102405,14 Aug 2024,2024-08-15,abha,online,silver,1,38.92,0.059,1.07,0.0,35.77,0
102039,2025/04/20,2025-05-03,Dammam,online,gold,12,76.47,,20.35,0.0,678.39,0
104593,2024-09-16,2024-09-29,Dammam,store,silver,4,10.48,0.269,0.9,0.0,30.1,0
100209,2025/06/14,2025-06-25,Riyadh ,online,bronze,20,68.47,0.133,35.78,652.83,1192.59,1
101169,2024/07/28,2024-08-03,Abha,phone,bronze,12,41.95,,13.15,0.0,438.26,0
103262,2024/05/31,2024-06-11,Dammam,online,bronze,21,18.58,0.073,10.93,103.35,364.26,1
103624,2025-05-04,2025-05-16,Abha,online,bronze,4,24.32,0.284,2.09,0.0,69.55,0
100335,07/21/2024,2024-08-02,Riyadh,phone,bronze,32,23.95,,17.41,223.5,580.2,1
101636,26 Jan 2025,2025-02-02,Jeddah,store,bronze,7,39.74,0.031,8.02,0.0,267.34,0
102089,08/31/2024,2024-09-01,Dammam,online,gold,22,36.3,,15.65,192.38,521.55,1
103002,25 Feb 2025,2025-03-11,Jeddah,store,gold,27,60.04,0.381,30.38,111.57,1012.66,1
100640,2024/07/04,2024-07-14,Abha,store,gold,13,199.44,,55.54,0.0,1851.22,0
101071,2024/03/29,2024-04-07,Abha,store,gold,15,4.66,0.162,1.73,0.0,57.51,0
100081,2024-12-28,2025-01-02,Dammam,store,gold,12,30.25,0.251,7.89,0.0,262.91,0
100783,2025/04/19,2025-05-01,Jeddah,online,silver,40,68.85,0.248,62.88,1966.91,2096.0,1
100348,2024-09-06,2024-09-09,Riyadh,phone,bronze,21,129.49,,82.26,0.0,2742.11,0
101135,12/06/2024,2024-12-18,Tabuk,store,bronze,40,92.62,0.185,92.14,2792.74,3071.5,1
104054,30 Aug 2024,2024-09-11, Jeddah,store,bronze,38,28.51,0.143,28.98,0.0,965.88,0
100126,2024/05/14,2024-05-22,Jeddah,phone,silver,8,71.63,,13.7,0.0,456.73,0
103199,06/05/2024,2024-06-06,Riyadh ,phone,bronze,31,132.19,,112.27,0.0,3742.44,0
102376,2025-05-20,2025-05-23,Riyadh,online,bronze,5,26.82,0.038,3.87,0.0,128.99,0
101411,2024/05/18,2024-05-23,abha,online,silver,27,154.85,0.143,106.32,0.0,3544.04,0
102080,2024-07-24,2024-07-25,Riyadh ,online,bronze,14,59.51,0.134,21.85,0.0,728.3,0
101188,2024-04-21,2024-04-27,Tabuk,store,gold,17,32.57,0.152,13.78,0.0,459.33,0
102144,2024-01-22,2024-01-26,Abha,online,bronze,15,27.98,0.049,11.33,0.0,377.81,0
102205,30 Mar 2024,2024-04-02,Riyadh,online,silver,1,164.32,0.168,4.14,0.0,137.88,0
102325,2024-11-10,2024-11-20,Riyadh,phone,silver,9,142.5,,30.38,695.64,1012.57,1
102125,2024/08/07,2024-08-17, Jeddah,online,gold,5,42.69,0.238,4.89,0.0,162.86,0
102823,2024/12/20,2024-12-25,Riyadh,store,gold,17,69.35,,24.64,635.35,821.43,1
100979,02/24/2024,2024-03-07,Jeddah,store,bronze,8,52.01,,9.07,0.0,302.25,0
100953,06/14/2025,2025-06-20,Riyadh,online,silver,6,44.07,0.146,6.54,0.0,218.0,0
100359,09/08/2024,2024-09-20,Jeddah,online,bronze,25,36.26,0.046,26.41,0.0,880.45,0
100740,04/04/2024,2024-04-07,Jeddah,store,gold,6,15.58,0.193,2.21,0.0,73.54,0
100412,10/25/2024,2024-11-07,Dammam,online,silver,23,34.34,,16.44,0.0,547.84,0
102330,2025/03/02,2025-03-08,Jeddah,store,silver,3,50.42,0.262,3.43,0.0,114.35,0
104275,17 Mar 2025,2025-03-18,Riyadh,store,silver,2,30.4,,1.7,0.0,56.52,0
102880,03/08/2024,2024-03-12,Riyadh,online,silver,36,46.04,0.07,46.53,0.0,1550.89,0
101944,2024/03/26,2024-04-02,Riyadh,online,silver,24,23.28,,11.7,368.83,389.92,1
103689,2024-03-24,2024-03-29,Dammam,phone,bronze,9,31.41,,8.5,0.0,283.34,0
100576,2024/03/19,2024-03-24,Jeddah,phone,bronze,28,96.35,,77.92,0.0,2597.26,0
101797,2024-11-19,2024-12-01,Jeddah,online,bronze,16,29.93,0.029,13.95,0.0,465.13,0
103894,03/22/2024,2024-03-27,JEDDAH,online,gold,31,28.45,,17.79,271.33,593.05,1
102198,05/14/2024,2024-05-19, Jeddah,online,bronze,36,67.01,0.067,67.01,250.03,2233.62,1
101331,2024/05/29,2024-06-05,Dammam,store,bronze,14,38.05,0.071,14.61,0.0,487.09,0
102254,2024-07-06,2024-07-08,Jeddah,online,bronze,33,9.04,0.18,7.48,0.0,249.37,0
100713,2024/08/29,2024-09-04,Abha,store,gold,35,16.6,,11.7,0.0,389.86,0
104778,10/06/2024,2024-10-11,Riyadh,phone,bronze,26,52.63,,35.1,0.0,1169.87,0
102680,24 Jun 2024,2024-07-05, Jeddah,online,gold,3,39.26,,1.92,0.0,64.16,0
102947,2024-06-29,2024-07-05,riyadh,online,gold,7,40.39,0.175,6.82,0.0,227.47,0
100787,04/16/2024,2024-04-17,Abha,store,gold,13,62.63,,16.94,0.0,564.54,0
102606,13 Jun 2024,2024-06-20,riyadh,phone,bronze,29,261.91,,208.93,239.48,6964.38,1
101350,2025-02-14,2025-02-26,Riyadh,online,bronze,22,52.88,,25.63,0.0,854.19,0
103977,2024-04-23,2024-05-07,Riyadh ,online,bronze,12,9.64,0.099,3.15,52.12,104.88,1
100615,10/18/2024,2024-10-30,Riyadh ,store,bronze,14,46.94,,14.29,0.0,476.39,0
103782,19 Mar 2025,2025-03-31,Abha,phone,bronze,40,40.64,,32.33,0.0,1077.68,0
103275,2024-03-26,2024-03-27,Dammam,online,bronze,18,213.81,0.106,100.46,0.0,3348.65,0
100413,2024-10-20,2024-10-29,Riyadh ,phone,silver,32,65.31,,48.67,1460.5,1622.26,1
101626,30 May 2024,2024-06-04,Dammam,online,bronze,17,18.92,0.055,9.22,160.96,307.35,1
102764,2025-02-14,2025-02-19,riyadh,online,bronze,21,26.34,0.046,15.67,50.26,522.28,1
104617,04/10/2024,2024-04-12,Riyadh,online,bronze,26,43.28,,24.37,0.0,812.29,0
103112,11/04/2024,2024-11-17,Riyadh ,online,bronze,6,56.95,0.03,10.08,220.87,336.01,1
101761,17 Dec 2024,2024-12-22,Riyadh,online,gold,24,43.94,0.257,23.5,0.0,783.35,0
104767,02/09/2025,2025-02-19,Dammam,phone,silver,2,25.96,,1.13,0.0,37.79,0
102359,1 Mar 2024,2024-03-02,Tabuk,online,bronze,25,15.24,0.077,10.65,0.0,354.98,0
104537,19 Jan 2025,2025-01-22,Dammam,online,silver,40,121.32,0.15,122.16,412.27,4071.97,1
101741,03/21/2025,2025-03-24,riyadh,online,gold,24,14.78,0.436,6.05,0.0,201.68,0
104636,9 Mar 2025,2025-03-11,Riyadh ,online,bronze,35,93.83,0.046,96.01,0.0,3200.25,0
104222,11/07/2024,2024-11-09,Riyadh,online,bronze,5,89.81,0.076,12.49,0.0,416.28,0
101301,03/13/2024,2024-03-24,Riyadh,online,bronze,24,14.81,,7.88,0.0,262.83,0
103360,03/16/2024,2024-03-26,Dammam,store,bronze,26,90.72,0.156,61.47,0.0,2048.99,0
100531,2024-02-28,2024-03-08,Dammam,online,bronze,21,11.69,0.133,6.29,0.0,209.7,0
100627,04/12/2025,2025-04-22,Abha,store,bronze,32,45.22,0.164,36.61,0.0,1220.42,1
101901,02/01/2024,2024-02-10,Jeddah,store,gold,22,23.45,0.14,13.29,423.43,443.03,1
100517,2024/08/18,2024-08-21,Riyadh,store,bronze,18,32.21,0.135,14.87,0.0,495.74,0
103816,23 Feb 2024,2024-03-03,Jeddah,store,gold,33,11.78,0.172,9.42,0.0,314.1,0
100332,2024-12-24,2025-01-03,Riyadh,online,silver,3,116.94,0.45,5.72,0.0,190.52,0
102966,2024-11-17,2024-11-28,Jeddah,online,silver,32,20.8,0.266,14.32,0.0,477.24,0
102383,27 Mar 2025,2025-04-07,Riyadh,phone,bronze,21,67.92,,32.83,408.9,1094.19,1
100289,28 Dec 2024,2025-01-03,Jeddah,phone,bronze,19,74.75,,36.02,0.0,1200.78,0
100353,07/14/2024,2024-07-25,Jeddah,online,bronze,20,7.07,0.1,3.79,0.0,126.25,0
103166,08/31/2024,2024-09-06,Dammam,online,gold,8,63.48,0.19,12.27,0.0,409.02,0
103484,2024/09/08,2024-09-15,Jeddah,online,bronze,15,57.8,0.056,24.18,0.0,806.1,0
102996,05/22/2024,2024-06-04,Jeddah,store,silver,35,19.45,0.074,18.71,0.0,623.83,0
104130,02/06/2025,2025-02-11,Tabuk,online,gold,4,39.43,,2.93,0.0,97.77,0
103244,2025/06/16,2025-06-18,Riyadh,online,bronze,38,55.37,0.065,59.35,879.7,1978.22,1
101777,2025-05-04,2025-05-09,Dammam,online,bronze,38,32.9,0.139,31.8,0.0,1060.0,0
104017,2024-12-14,2024-12-27,Riyadh,online,silver,11,44.57,0.082,13.98,0.0,466.12,0
103871,01/04/2025,2025-01-13,JEDDAH,online,silver,25,8.88,0.103,5.85,7.96,194.92,1
104501,01/15/2024,2024-01-24,Riyadh,online,silver,16,24.15,0.156,9.67,305.62,322.28,1
101869,08/17/2024,2024-08-20,Jeddah,online,silver,16,31.55,0.231,11.63,0.0,387.65,0
102132,2024/05/12,2024-05-20,DAMMAM,online,gold,7,14.06,0.163,2.57,0.0,85.7,0
101501,04/10/2024,2024-04-20,dammam ,store,silver,18,14.96,0.33,5.35,0.0,178.31,0
103927,08/07/2024,2024-08-18,Jeddah,online,silver,32,35.81,0.099,30.63,0.0,1021.14,0
103222,2025-03-13,2025-03-23,Abha,online,silver,33,13.42,0.356,8.64,0.0,287.85,0
102313,2024/05/06,2024-05-19,Jeddah,online,gold,18,23.41,0.202,10.14,0.0,337.92,0
102518,17 Jan 2025,2025-01-21,Riyadh,store,gold,14,33.71,0.141,12.34,0.0,411.26,0
102465,2025-03-02,2025-03-09,Riyadh,online,bronze,21,80.45,0.085,46.87,0.0,1562.19,0
104553,2025-01-11,2025-01-19,Riyadh,store,bronze,20,28.55,0.13,15.3,0.0,509.89,0
100945,2025-04-14,2025-04-15,Jeddah,online,silver,39,146.73,0.155,147.6,0.0,4920.0,0
103933,11 Feb 2025,2025-02-12,Jeddah,online,bronze,23,20.55,0.091,12.63,0.0,420.84,0
103746,2024-06-27,2024-07-03,Dammam,store,bronze,7,19.12,0.025,4.0,0.0,133.23,0
100282,2025-04-04,2025-04-06,Riyadh ,online,silver,18,28.58,,12.52,0.0,417.48,0
102125,2024/08/07,2024-08-17, Jeddah,online,gold,5,42.69,0.238,4.89,0.0,162.86,0
100853,2025-04-29,2025-05-03,Abha,phone,gold,23,38.9,,18.45,108.08,614.87,1
103467,9 Jun 2024,2024-06-15,Dammam,store,bronze,7,41.11,0.179,6.78,0.0,226.15,0
104773,21 Jan 2024,2024-01-25,Riyadh,store,bronze,19,57.67,0.087,29.95,0.0,998.3,0
103016,2025/05/01,2025-05-11,Dammam,online,silver,23,53.99,0.112,31.69,623.5,1056.48,1
101105,05/06/2025,2025-05-14,Riyadh,online,bronze,32,26.46,0.241,20.01,0.0,667.12,0
100658,03/20/2024,2024-03-23,Riyadh,online,bronze,29,89.01,0.145,67.29,1978.86,2242.88,1
101790,05/26/2025,2025-05-31,riyadh,store,bronze,10,45.6,0.214,10.27,0.0,342.47,0
100657,2025-04-28,2025-05-10,Abha,online,bronze,12,28.28,0.137,8.88,0.0,296.1,0
102217,9 Sep 2024,2024-09-12,Riyadh,online,bronze,29,60.37,0.062,48.35,0.0,1611.77,0
103024,2025-05-30,2025-06-04,Jeddah,online,silver,33,20.22,0.092,17.89,0.0,596.3,0
104675,2025/03/12,2025-03-16,Dammam,online,bronze,27,31.74,0.144,22.87,0.0,762.36,0
104392,2024/07/22,2024-08-02,dammam ,online,silver,20,24.02,0.221,10.85,0.0,361.52,0
102014,11/17/2024,2024-11-25,Jeddah,store,bronze,34,23.05,0.161,19.27,657.66,642.27,1
103096,2025-04-06,2025-04-18,Riyadh ,store,gold,7,58.6,,7.02,0.0,234.08,0
102505,8 Mar 2024,2024-03-12,Riyadh,store,silver,30,19.68,0.248,13.19,0.0,439.76,0
103731,01/31/2025,2025-02-11,Tabuk,online,silver,31,230.1,0.21,166.27,3271.9,5542.2,1
100969,04/25/2025,2025-05-09,Jeddah,store,bronze,32,13.65,0.206,10.49,0.0,349.75,0
104545,6 Jan 2024,2024-01-12,Jeddah,phone,gold,31,20.71,,15.37,0.0,512.34,0
103130,2024-03-01,2024-03-08,Tabuk,online,silver,27,19.6,0.242,11.85,0.0,395.15,0
102353,2024/06/30,2024-07-01,Riyadh,store,silver,32,43.34,0.17,33.65,0.0,1121.63,0
102523,02/20/2024,2024-03-02,Jeddah,phone,bronze,7,40.68,,7.09,99.97,236.44,1
100451,02/08/2025,2025-02-21,riyadh,online,bronze,3,27.67,0.05,2.36,0.0,78.74,0
102832,2024/07/30,2024-08-13,JEDDAH,phone,bronze,27,31.17,,23.26,28.21,775.48,1
100562,2024-06-25,2024-06-27,riyadh,online,bronze,22,24.14,0.198,12.71,0.0,423.69,0
101047,31 May 2024,2024-06-09,riyadh,online,gold,40,41.83,,35.62,0.0,1187.35,0
104109,2024/03/11,2024-03-20,Tabuk,online,bronze,35,14.42,0.06,14.01,0.0,466.98,0
103957,2025/05/05,2025-05-15,Tabuk,store,bronze,31,12.38,0.192,9.45,109.99,315.0,1
100028,21 Oct 2024,2024-10-29,Riyadh,online,silver,30,34.78,0.126,27.59,0.0,919.68,0
103180,2024/05/05,2024-05-18, Jeddah,online,bronze,12,53.18,0.161,16.4,44.62,546.65,1
104390,2024/01/11,2024-01-22, Jeddah,store,silver,31,28.0,0.075,24.14,0.0,804.74,0
101046,04/30/2025,2025-05-07,Riyadh,store,bronze,39,21.7,0.095,22.52,0.0,750.69,0
100666,2025-05-08,2025-05-18,Dammam,online,silver,16,17.52,,5.85,110.26,194.9,1
100023,2024/05/14,2024-05-22,Tabuk,store,silver,14,13.9,0.186,4.83,0.0,160.88,0
100035,2024/05/03,2024-05-11,Jeddah,online,gold,6,72.38,0.183,10.56,0.0,351.9,0
101395,2024-10-27,2024-11-03,Abha,online,bronze,30,17.31,0.073,14.47,0.0,482.48,0
104217,11/03/2024,2024-11-04,Dammam,online,silver,34,17.93,,12.86,0.0,428.53,0
103051,2024-02-07,2024-02-19,Tabuk,store,bronze,11,62.89,0.129,18.07,0.0,602.33,0
102361,2024-04-10,2024-04-23,Abha,online,silver,17,28.9,0.242,11.06,0.0,368.69,0
104579,2025-01-06,2025-01-10,Jeddah,online,gold,27,44.06,0.185,30.01,0.0,1000.43,0
100331,11 Feb 2025,2025-02-25,Dammam,store,silver,39,5.35,0.101,5.68,0.0,189.44,0
101976,2025-03-11,2025-03-13,Riyadh,phone,silver,20,38.43,,19.75,0.0,658.2,0
101710,24 May 2024,2024-06-04,Riyadh,store,bronze,28,57.81,,44.17,1229.6,1472.32,1
101184,09/14/2024,2024-09-16,Riyadh,online,silver,15,17.75,0.198,6.54,0.0,218.04,0
100175,2025/02/04,2025-02-10,riyadh,phone,bronze,20,89.38,,51.68,0.0,1722.59,0
100431,2024/01/21,2024-01-30,Tabuk,phone,bronze,8,26.86,,6.12,0.0,203.89,0
100071,10 May 2025,2025-05-23,Riyadh,store,bronze,18,41.75,0.171,18.33,0.0,610.99,0
100114,2025/05/24,2025-05-31,Jeddah,online,gold,30,95.13,0.133,73.32,0.0,2444.03,0
104335,01/03/2024,2024-01-05,Abha,online,silver,4,20.45,,2.21,0.0,73.72,0
104457,05/01/2024,2024-05-12,Riyadh,phone,bronze,13,66.3,,23.74,0.0,791.46,0
104618,06/23/2025,2025-06-27,Jeddah,store,silver,29,21.96,0.06,18.9,0.0,629.9,0
104632,2024-09-16,2024-09-23,Jeddah,online,bronze,20,16.27,0.092,8.91,0.0,296.97,0
101005,2025/03/13,2025-03-25,Dammam,store,silver,10,38.52,0.149,9.67,0.0,322.31,0
102357,2024/03/28,2024-03-30,Jeddah,online,gold,31,31.43,0.165,23.88,0.0,796.02,0
104197,2024-11-10,2024-11-19,riyadh,online,bronze,7,20.54,,2.75,0.0,91.77,0
102420,06/02/2024,2024-06-13,Tabuk,online,bronze,20,95.57,,38.11,0.0,1270.27,0
101271,27 May 2024,2024-06-02,TABUK ,online,gold,7,47.77,0.143,8.72,0.0,290.71,0
102442,11 Aug 2024,2024-08-16,Riyadh,store,bronze,20,47.5,0.142,25.16,0.0,838.75,0
102594,2024/03/31,2024-04-04,Riyadh,store,silver,32,19.14,0.199,14.89,0.0,496.47,0
102051,09/08/2024,2024-09-14,Tabuk,phone,bronze,35,14.85,,15.1,0.0,503.23,0
102762,2025-05-19,2025-05-21,tabuk,store,silver,22,33.26,,18.53,0.0,617.71,0
104387,2024-01-03,2024-01-11,Riyadh,online,bronze,26,31.51,0.103,22.58,537.05,752.68,1
103738,2024-12-12,2024-12-21,Dammam,online,bronze,34,55.9,0.064,54.09,1360.38,1803.14,1
100474,2025-04-05,2025-04-19,Riyadh,online,gold,5,51.06,0.211,6.09,0.0,203.04,0
103491,2024/09/30,2024-10-03,Jeddah,store,silver,22,43.57,0.112,25.63,812.14,854.33,1
101222,05/21/2024,2024-06-03,Riyadh,online,gold,15,10.96,0.226,3.91,0.0,130.31,0
102870,2024-06-20,2024-07-04,riyadh,store,bronze,11,85.47,,21.07,252.01,702.28,1
101426,2024-06-27,2024-06-28,Jeddah,online,gold,26,60.54,0.173,39.41,0.0,1313.76,0
100414,2025-01-29,2025-02-08,Tabuk,online,silver,27,13.98,0.098,10.01,0.0,333.75,0
101359,2024-01-17,2024-01-23,dammam ,online,silver,40,49.69,0.091,56.86,271.03,1895.24,1
102904,2024-07-25,2024-07-29,Tabuk,store,bronze,17,85.31,0.189,35.75,0.0,1191.53,0
101969,2024-01-16,2024-01-22,Jeddah,store,bronze,24,135.83,,64.84,1353.32,2161.43,1
102162,12 Jan 2025,2025-01-17,Riyadh,store,bronze,26,28.42,0.018,21.51,0.0,716.98,0
103761,25 Dec 2024,2024-12-31,Tabuk,store,silver,25,33.33,0.108,22.37,0.0,745.8,0
102771,2024/12/26,2025-01-01,riyadh,online,silver,17,55.08,0.135,24.41,0.0,813.58,0
104128,04/25/2024,2024-05-05,Jeddah,phone,gold,19,34.66,,16.31,0.0,543.77,0
102620,16 Oct 2024,2024-10-18,Tabuk,online,silver,38,17.51,,12.39,0.0,413.07,0
103429,2024-12-03,2024-12-13,Tabuk,online,gold,21,46.29,0.24,21.6,0.0,719.84,0
100470,01/26/2025,2025-02-03,Jeddah,online,silver,17,33.89,,11.76,0.0,392.15,0
103776,2025-03-18,2025-03-29,Jeddah,online,silver,39,344.34,0.079,360.03,0.0,12000.89,0
103958,9 Feb 2024,2024-02-21,TABUK ,online,bronze,30,38.73,,26.15,0.0,871.58,0
103079,10/06/2024,2024-10-17,Dammam,online,bronze,3,42.04,0.232,2.9,0.0,96.81,0
103361,2024/06/12,2024-06-17,Riyadh,online,bronze,38,17.78,,12.63,0.0,421.16,0
103814,2025-04-29,2025-05-05,Riyadh,store,silver,4,23.0,0.286,2.01,0.0,66.84,0
102006,08/20/2024,2024-08-22,tabuk,online,bronze,19,30.56,0.094,15.77,0.0,525.79,0
100065,2024-02-12,2024-02-23,Dammam,online,bronze,9,30.76,0.229,6.41,0.0,213.63,0
100103,12 Oct 2024,2024-10-24,Riyadh,online,silver,36,40.98,0.204,35.82,0.0,1194.05,0
104539,2 May 2025,2025-05-04,Riyadh,online,silver,7,82.4,0.178,13.89,0.0,462.87,0
103800,2025-03-08,2025-03-22,Riyadh,store,bronze,39,37.74,,35.49,388.41,1183.11,1
102082,8 Feb 2024,2024-02-10,Riyadh,phone,silver,40,17.13,,14.42,0.0,480.51,0
103229,03/22/2024,2024-03-28,Dammam,store,silver,35,31.67,0.203,27.27,0.0,909.04,0
103991,2024/05/09,2024-05-20,Tabuk,store,bronze,22,30.09,0.062,18.86,0.0,628.74,0
101032,2025/01/09,2025-01-23,Dammam,store,bronze,19,11.96,0.017,6.59,0.0,219.62,0
101486,2024-01-04,2024-01-13,Riyadh,online,silver,11,41.24,0.216,10.46,0.0,348.77,0
100520,02/13/2024,2024-02-22,Abha,phone,bronze,7,44.13,,8.96,0.0,298.64,0
104205,2024-08-23,2024-08-24,Dammam,store,bronze,2,39.68,0.034,2.32,0.0,77.29,0
103100,07/05/2024,2024-07-10,Riyadh,store,silver,26,92.0,0.085,63.34,0.0,2111.48,0
102936,2025-05-05,2025-05-17,Jeddah,store,silver,10,9.42,,2.32,0.0,77.24,0
101243,1 Jan 2025,2025-01-05,Jeddah,phone,bronze,23,23.62,,11.6,0.0,386.73,0
100138,2024-06-21,2024-07-05,Jeddah,store,bronze,13,68.52,0.146,22.28,0.0,742.8,0
101231,2025/02/01,2025-02-10,Riyadh,store,bronze,1,4.57,0.054,0.14,0.0,4.5,0
100861,2025-05-24,2025-06-04,dammam ,online,silver,40,35.82,0.127,37.88,0.0,1262.56,0
101555,2024/01/29,2024-02-03,Riyadh,online,bronze,36,14.2,,13.53,0.0,451.06,0
103064,23 Nov 2024,2024-11-29,Tabuk,store,bronze,9,9.14,0.15,2.05,0.0,68.21,0
101504,2025-03-02,2025-03-07,JEDDAH,online,gold,29,52.33,0.237,33.85,0.0,1128.39,0
102591,2025/04/12,2025-04-20,Dammam,phone,bronze,27,29.04,,19.53,0.0,651.1,0
104386,26 May 2025,2025-06-06,TABUK ,store,silver,24,73.72,0.112,46.07,0.0,1535.51,0
100707,2024/05/29,2024-06-06,Abha,online,bronze,16,76.33,,24.08,0.0,802.82,0
100159,08/20/2024,2024-08-28,DAMMAM,online,silver,9,62.03,0.117,14.93,0.0,497.72,0
100906,2024/09/22,2024-09-23,dammam ,store,bronze,37,60.38,0.166,56.27,0.0,1875.72,0
102445,2024-05-30,2024-06-03,JEDDAH,online,gold,14,13.1,0.342,3.54,0.0,118.09,0
103283,2024/08/31,2024-09-10,Riyadh,online,gold,13,98.68,0.243,28.68,0.0,956.01,0
101545,13 Dec 2024,2024-12-26,Jeddah,store,bronze,21,34.89,0.186,17.67,0.0,588.86,0
100881,2024-02-06,2024-02-11,Jeddah,store,bronze,27,60.96,0.085,45.45,0.0,1515.02,0
103595,2024/02/23,2024-02-29,Riyadh,store,silver,36,45.75,0.229,37.71,0.0,1257.14,0
101884,2024/05/27,2024-06-09,Dammam,store,bronze,23,96.42,0.189,52.08,0.0,1735.9,0
102734,2024/07/04,2024-07-10,Riyadh,store,bronze,20,21.38,0.068,11.97,0.0,398.88,0
103778,2024/12/16,2024-12-20,Riyadh,phone,silver,17,45.29,,19.03,0.0,634.31,0
104611,04/01/2024,2024-04-06,Abha,store,bronze,23,108.73,0.115,68.93,1635.67,2297.63,1
103458,30 Jun 2025,2025-07-10,Tabuk,store,silver,11,33.34,0.16,9.35,83.98,311.62,1
103164,26 Jan 2024,2024-02-09,Dammam,online,silver,17,110.58,0.14,49.43,1046.02,1647.73,1
104653,2024-04-22,2024-04-27,Riyadh ,online,silver,31,54.61,0.161,42.21,962.25,1407.01,1
104470,7 Oct 2024,2024-10-20,Riyadh,online,bronze,27,53.43,0.08,39.01,295.04,1300.24,1
100211,01/23/2024,2024-02-06,Dammam,store,silver,2,16.15,0.084,0.85,0.0,28.49,0
100970,2024/03/05,2024-03-19,riyadh,phone,silver,24,66.64,,32.08,586.74,1069.46,1
104756,16 Jun 2024,2024-06-27,Jeddah,store,silver,37,21.29,0.222,18.43,182.2,614.27,1
102409,2024/05/10,2024-05-22,Riyadh,online,bronze,13,33.92,0.15,10.8,0.0,359.93,0
100989,23 Feb 2024,2024-03-04,Jeddah,online,silver,9,21.23,0.31,3.85,0.0,128.42,0
103372,17 Jun 2024,2024-06-27,Riyadh,store,gold,22,11.82,0.233,6.13,0.0,204.2,0
102069,2024-01-07,2024-01-19,riyadh,online,silver,38,49.77,0.123,50.09,0.0,1669.63,0
103188,28 Apr 2025,2025-05-12,Abha,online,bronze,25,43.33,0.175,27.33,893.76,911.08,1
100526,10 Feb 2024,2024-02-11,JEDDAH,online,bronze,12,12.12,0.245,3.28,0.0,109.47,0
100947,2024-07-22,2024-07-24,Dammam,phone,bronze,5,61.69,,8.71,56.17,290.31,1
101341,09/20/2024,2024-09-27,Riyadh,phone,bronze,4,36.91,,4.09,0.0,136.4,0
101736,5 Mar 2025,2025-03-11,Dammam,online,silver,2,45.01,0.149,2.27,0.0,75.77,0
104380,2024-08-02,2024-08-11,Riyadh,store,bronze,33,127.52,0.099,117.06,0.0,3902.15,0
101254,2025/03/12,2025-03-23,Dammam,online,silver,26,78.47,,41.99,0.0,1399.6,0
101990,2024-12-30,2025-01-08,Riyadh,store,bronze,35,20.59,0.055,21.2,0.0,706.78,0
101910,2025/02/21,2025-02-23,TABUK ,store,bronze,34,51.28,0.024,50.44,0.0,1681.19,0
102575,11 Sep 2024,2024-09-22, Jeddah,online,bronze,5,35.28,0.145,4.51,0.0,150.3,0
100498,2025/05/12,2025-05-18,dammam ,online,bronze,32,34.58,0.259,24.9,742.71,829.99,1
100673,2025-02-04,2025-02-12,Tabuk,online,bronze,24,39.96,0.044,28.0,0.0,933.17,0
100165,22 Mar 2025,2025-03-28,Jeddah,online,silver,14,17.92,0.099,6.75,0.0,225.05,0
100301,2024/04/21,2024-04-28,Dammam,phone,silver,10,14.15,,3.87,102.95,129.07,1
103040,2024/08/15,2024-08-23,Dammam,store,silver,18,10.81,0.122,5.25,0.0,175.1,0
100660,2024/07/16,2024-07-19,Jeddah,store,gold,29,48.86,0.196,33.75,0.0,1125.01,0
101946,19 Mar 2025,2025-03-29,Tabuk,online,bronze,15,96.37,0.192,34.1,1167.53,1136.56,1
104602,2024/07/16,2024-07-30,Tabuk,online,silver,2,95.85,0.359,3.76,0.0,125.24,0
100978,31 Aug 2024,2024-09-09,Jeddah,online,bronze,32,14.46,0.148,11.76,0.0,392.09,0
104364,15 May 2024,2024-05-24,Tabuk,online,bronze,31,107.88,,66.38,0.0,2212.73,0
102422,06/15/2025,2025-06-27,Riyadh,store,bronze,32,24.63,0.151,19.54,0.0,651.49,0
104443,10/02/2024,2024-10-07,Abha,phone,silver,2,72.74,,3.24,0.0,108.12,0
101258,2024/02/11,2024-02-22,Abha,online,bronze,2,10.19,0.048,0.57,0.0,18.89,0
103450,02/23/2024,2024-03-04,Abha,phone,bronze,22,45.44,,27.27,0.0,909.14,0
101050,2025-01-11,2025-01-18,Riyadh,phone,gold,15,64.28,,22.22,148.35,740.68,1
102787,1 Dec 2024,2024-12-03,dammam ,store,bronze,37,106.65,0.158,101.15,2692.97,3371.66,1
103928,3 Nov 2024,2024-11-11,abha,online,bronze,11,42.11,0.054,12.69,398.44,423.01,1
102724,2024/08/20,2024-08-24,Jeddah,store,bronze,13,15.02,0.262,4.43,0.0,147.54,0
101246,06/18/2025,2025-06-25,Riyadh,online,silver,23,29.16,0.247,14.9,0.0,496.66,0
101560,2024/03/30,2024-04-12,Abha,online,bronze,6,61.48,,9.04,196.82,301.33,1
102300,03/06/2025,2025-03-20,Dammam,online,bronze,16,49.42,0.154,20.15,250.71,671.7,1
101813,2025/01/16,2025-01-24,DAMMAM,online,bronze,37,60.29,0.394,40.37,1058.99,1345.82,1
101257,2025/04/09,2025-04-15,DAMMAM,online,bronze,27,27.55,0.231,16.57,21.18,552.17,1
102040,2025/05/30,2025-06-07,Dammam,online,bronze,2,31.66,0.107,1.67,0.0,55.72,0
100585,10/24/2024,2024-11-01,Tabuk,online,silver,36,10.15,0.192,8.89,0.0,296.21,0
102930,2024-06-21,2024-06-28,Dammam,store,silver,15,100.44,0.149,39.44,427.45,1314.6,1
104216,05/24/2024,2024-06-06,Riyadh,store,bronze,35,56.53,0.04,58.56,0.0,1952.04,0
104705,2024-02-09,2024-02-13,riyadh,store,silver,32,208.35,0.119,176.82,0.0,5893.94,0
100494,19 Jan 2025,2025-01-23,Riyadh,online,silver,15,56.89,0.091,23.11,0.0,770.25,0
100885,2024/05/27,2024-05-31,Riyadh,store,silver,2,21.78,0.047,1.2,0.0,40.12,0
104584,2024-06-26,2024-06-28,Tabuk,online,silver,3,40.39,0.144,3.15,34.59,104.84,1
103864,2024/09/19,2024-09-26,JEDDAH,phone,bronze,4,43.2,,4.63,0.0,154.18,0
103502,27 Aug 2024,2024-09-06,Jeddah,online,bronze,14,74.74,0.134,26.21,64.73,873.78,1
104811,2024-08-14,2024-08-22,Jeddah,phone,silver,32,29.51,,23.03,0.0,767.6,0
103392,3 Oct 2024,2024-10-14,Dammam,store,gold,30,24.37,,15.19,0.0,506.2,0
101814,2024-10-13,2024-10-19,riyadh,phone,bronze,32,45.03,,34.3,0.0,1143.43,0
100372,2024-02-23,2024-02-26,Riyadh,online,bronze,25,11.51,0.394,5.29,5.62,176.18,0
104577,03/29/2025,2025-04-01,Abha,online,gold,40,61.45,0.233,54.97,0.0,1832.32,0
101590,2025/06/23,2025-06-28,Riyadh ,phone,gold,38,85.34,,75.06,0.0,2501.91,0
100833,2024/06/09,2024-06-14, Jeddah,store,silver,8,28.47,0.173,5.65,0.0,188.18,0
101977,16 Aug 2024,2024-08-17,Jeddah,store,silver,15,35.78,0.114,14.36,0.0,478.55,0
101765,2024-10-20,2024-10-28,Riyadh,phone,bronze,18,32.46,,16.93,0.0,564.22,0
102116,2024-10-16,2024-10-30,TABUK ,online,bronze,28,35.39,,26.02,0.0,867.37,0
104665,11/04/2024,2024-11-13,Jeddah,online,gold,15,28.18,0.262,9.21,0.0,306.89,0
102605,14 Jun 2024,2024-06-23,Riyadh,phone,silver,10,49.53,,13.13,0.0,437.82,0
103586,2025/03/27,2025-04-02,Abha,store,silver,35,32.21,0.205,26.39,0.0,879.69,0
103583,9 Jul 2024,2024-07-20,Jeddah,online,bronze,1,21.12,0.118,0.54,0.0,17.98,0
101795,2024/02/07,2024-02-17,Tabuk,store,bronze,3,36.98,0.364,2.08,0.0,69.22,0
104227,31 Jan 2025,2025-02-13,Dammam,online,bronze,13,24.95,0.067,9.39,0.0,313.04,0
101962,16 Jan 2024,2024-01-23, Jeddah,online,bronze,39,28.39,,32.38,0.0,1079.28,0
104657,2024/07/31,2024-08-13,tabuk,phone,bronze,23,62.17,,40.88,1236.22,1362.62,1
104838,2025-03-04,2025-03-09,Riyadh,online,silver,1,45.54,,0.8,0.0,26.52,0
102435,4 May 2025,2025-05-08,Dammam,online,bronze,21,94.22,0.167,49.58,1570.07,1652.66,1
102758,14 Oct 2024,2024-10-17,DAMMAM,online,silver,26,9.15,0.214,5.63,0.0,187.83,0
102385,09/20/2024,2024-09-29,Riyadh,online,bronze,1,375.87,0.127,9.99,0.0,332.95,0
104791,1 Dec 2024,2024-12-03,Jeddah,online,bronze,28,72.78,0.104,56.49,326.03,1882.87,1
104490,2024/06/26,2024-07-06,JEDDAH,online,silver,31,15.13,0.134,11.71,0.0,390.33,0
100462,07/19/2024,2024-07-24,Riyadh,store,bronze,2,53.76,0.092,2.96,0.0,98.69,0
101412,26 Oct 2024,2024-11-07,tabuk,store,bronze,34,27.97,0.184,23.56,0.0,785.29,0
103640,6 Jul 2024,2024-07-16,Jeddah,online,bronze,12,38.6,0.19,11.42,187.51,380.77,1
103355,2025/05/09,2025-05-16, Jeddah,online,bronze,39,25.52,0.271,21.68,37.19,722.75,1
102652,2024/05/07,2024-05-11,Jeddah,store,bronze,28,12.44,,10.33,0.0,344.4,0
103291,20 Nov 2024,2024-12-01, Jeddah,online,bronze,2,25.16,0.172,1.26,0.0,41.96,0
104762,2025-04-12,2025-04-13,Jeddah,online,gold,6,11.76,,1.41,0.0,47.03,0
100738,27 Mar 2024,2024-04-05,riyadh,store,bronze,12,39.75,0.072,13.53,258.35,450.97,1
104750,2024-10-29,2024-11-03,Riyadh,phone,bronze,39,90.46,,78.83,0.0,2627.65,0
100293,2024/12/07,2024-12-21,TABUK ,store,silver,20,18.29,0.217,8.33,0.0,277.61,0
101681,2024-07-29,2024-08-01,Dammam,online,silver,37,23.51,,19.65,295.91,654.89,1
104848,02/11/2024,2024-02-21,Dammam,online,silver,22,77.36,0.152,43.31,0.0,1443.83,0
101604,2025-01-07,2025-01-13,abha,online,bronze,35,17.83,0.096,16.92,193.43,564.05,1
101436,2024-03-02,2024-03-05,Tabuk,store,bronze,40,18.19,0.162,18.27,0.0,608.87,0
101498,3 Dec 2024,2024-12-06,DAMMAM,online,bronze,4,32.89,,2.93,72.67,97.56,1
101640,3 Apr 2025,2025-04-12,Dammam,phone,bronze,3,40.26,,3.13,0.0,104.47,0
103183,11/26/2024,2024-12-10,Jeddah,store,bronze,27,58.0,0.235,35.53,0.0,1184.44,0
103364,02/22/2025,2025-03-04,Jeddah,phone,bronze,1,86.78,,2.12,0.0,70.7,0
101600,04/24/2025,2025-05-06,Riyadh,online,gold,7,27.36,0.178,4.79,0.0,159.71,0
101988,21 Jan 2025,2025-01-24,Dammam,online,silver,12,294.99,0.239,80.59,0.0,2686.23,0
101458,10 Mar 2024,2024-03-14,Jeddah,online,bronze,3,196.6,0.055,16.44,0.0,547.98,0
100600,22 Mar 2024,2024-03-26,DAMMAM,store,bronze,38,39.02,0.226,34.9,0.0,1163.33,0
102709,2024/04/20,2024-05-04,Riyadh,online,bronze,2,20.82,0.013,1.23,0.0,41.14,0
104352,2025-01-01,2025-01-11,riyadh,online,silver,30,20.63,0.341,12.34,190.27,411.39,1
103189,26 Jan 2024,2024-01-27,Riyadh,online,silver,26,115.37,0.143,79.6,0.0,2653.43,0
104634,4 Dec 2024,2024-12-17,riyadh,phone,bronze,23,17.61,,10.48,0.0,349.25,0
101577,2024/11/29,2024-12-08,Abha,online,silver,27,245.76,,140.87,0.0,4695.51,0
101848,2024-05-30,2024-06-12,Dammam,online,gold,22,47.61,0.205,24.07,567.46,802.2,1
103101,2024-03-03,2024-03-16,Tabuk,store,bronze,16,41.27,0.17,16.24,0.0,541.42,0
102107,29 Jan 2025,2025-02-09,Dammam,online,bronze,31,44.96,0.127,36.99,0.0,1233.06,0
102727,2025-05-31,2025-06-01,abha,online,gold,29,28.29,,17.25,38.46,575.03,1
104749,2024-04-04,2024-04-10,abha,store,bronze,27,52.14,0.064,39.76,0.0,1325.47,0
103082,2024-08-19,2024-08-23,Riyadh,online,bronze,38,25.17,0.331,19.38,538.67,646.08,1
100340,01/12/2024,2024-01-24,Tabuk,online,silver,18,29.83,0.133,13.78,0.0,459.49,0
102010,09/14/2024,2024-09-25,Dammam,online,gold,20,11.11,0.239,5.13,8.45,170.9,1
103651,2025/01/20,2025-01-24,Riyadh,store,bronze,28,23.25,0.099,17.68,481.61,589.23,1
100239,08/11/2024,2024-08-14,Riyadh,online,bronze,32,104.07,,72.64,77.21,2421.45,1
101629,2024-10-12,2024-10-21,Riyadh,online,silver,15,29.8,0.172,11.01,0.0,367.06,0
102649,2024/12/23,2024-12-27,Dammam,store,bronze,18,63.59,0.094,31.54,0.0,1051.21,0
103053,15 Oct 2024,2024-10-19,Dammam,online,gold,27,149.7,,89.92,54.91,2997.19,0
101830,5 Oct 2024,2024-10-11,Jeddah,online,bronze,16,133.04,0.161,52.27,0.0,1742.26,0
100313,2024/01/19,2024-02-01,Riyadh,online,bronze,28,29.58,0.274,17.76,450.7,592.07,1
100804,2024/11/09,2024-11-18,Jeddah,online,bronze,35,26.25,0.149,23.36,0.0,778.61,0
101983,11 Apr 2024,2024-04-15,Abha,phone,silver,35,17.83,,15.01,508.21,500.36,1
100884,2025-03-24,2025-03-26, Jeddah,phone,bronze,8,22.19,,4.62,0.0,154.08,0
104723,13 Dec 2024,2024-12-20,Riyadh,phone,silver,39,84.88,,74.93,1816.7,2497.71,1
100656,23 Nov 2024,2024-12-04,JEDDAH,phone,bronze,26,81.42,,56.17,0.0,1872.43,0
104232,2024-03-17,2024-03-26,Riyadh,online,bronze,7,14.44,0.095,2.83,0.0,94.36,0
100501,21 Jan 2025,2025-01-26,Dammam,store,silver,14,32.48,0.158,11.49,0.0,382.92,0
104517,12 May 2024,2024-05-23,Jeddah,store,silver,7,79.28,0.183,13.9,0.0,463.47,0
104425,12/17/2024,2024-12-24,Jeddah,phone,bronze,39,21.73,,23.8,0.0,793.42,0
104388,2024-12-08,2024-12-14,Riyadh ,phone,bronze,15,23.13,,5.78,0.0,192.61,0
101286,6 Apr 2024,2024-04-11,Tabuk,store,gold,17,17.96,0.201,7.18,0.0,239.37,0
104786,2025-05-17,2025-05-18,abha,store,bronze,19,350.09,0.063,187.54,0.0,6251.31,0
104650,12 Mar 2025,2025-03-18,Jeddah,store,bronze,30,41.91,0.23,29.79,0.0,993.04,0
103220,04/25/2025,2025-04-28,Riyadh ,store,silver,2,33.38,0.158,1.7,0.0,56.77,0
100478,10/18/2024,2024-10-20,Dammam,online,gold,29,18.31,0.16,13.7,0.0,456.73,0
102065,07/15/2024,2024-07-28,Jeddah,store,bronze,34,53.83,0.053,51.06,0.0,1702.07,0
103543,03/26/2024,2024-04-06,Tabuk,phone,silver,8,43.75,,8.63,0.0,287.66,0
100403,2025/03/28,2025-04-02,abha,online,bronze,30,22.03,0.105,17.48,335.1,582.64,1
104202,04/21/2024,2024-05-02,Abha,online,bronze,32,53.51,0.088,48.2,0.0,1606.69,0
103249,2 Sep 2024,2024-09-11,Abha,store,silver,32,55.94,0.111,47.64,0.0,1587.9,0
103519,2025-02-07,2025-02-18, Jeddah,online,gold,11,43.64,0.249,10.94,0.0,364.54,0
101459,2024/03/01,2024-03-13,Tabuk,online,bronze,25,81.9,0.045,58.95,1251.68,1965.07,1
104772,2025/01/06,2025-01-09,JEDDAH,online,bronze,19,40.79,0.051,21.59,0.0,719.61,0
102763,03/19/2025,2025-03-28,Riyadh,phone,bronze,21,25.15,,13.39,192.0,446.38,1
100701,06/11/2024,2024-06-24,Riyadh,phone,bronze,11,47.76,,11.67,394.7,388.98,1
102570,4 May 2025,2025-05-13,Tabuk,store,silver,9,116.92,0.2,25.36,0.0,845.18,0
103463,2024-11-18,2024-12-02,Riyadh,store,bronze,31,7.39,0.192,5.53,0.0,184.17,0
102849,2024/12/08,2024-12-22,Dammam,online,silver,25,82.95,0.115,55.71,0.0,1856.88,0
103481,2025-04-27,2025-05-01,Jeddah,online,silver,8,52.1,0.2,9.89,0.0,329.53,0
103857,2025/05/23,2025-05-25,Abha,online,bronze,32,41.81,,27.89,775.02,929.8,1
100549,9 Aug 2024,2024-08-13,DAMMAM,store,bronze,4,12.52,0.153,1.27,0.0,42.48,0
101622,2025-02-20,2025-03-02,Jeddah,online,gold,4,43.52,,3.35,0.0,111.6,0
103286,2024-07-19,2024-07-20,Dammam,store,bronze,18,18.9,0.154,8.54,0.0,284.81,0
102618,2025-01-03,2025-01-14,Abha,phone,bronze,15,18.19,,6.95,0.0,231.52,0
103663,03/02/2025,2025-03-11,Tabuk,phone,bronze,30,19.89,,16.49,124.55,549.59,1
103572,2024/10/21,2024-10-30,Riyadh,online,silver,9,36.13,0.198,7.91,0.0,263.83,0
102826,2025-04-25,2025-05-05,Dammam,online,silver,33,42.01,,29.91,0.0,997.14,0
103755,2024-02-07,2024-02-11,Jeddah,online,bronze,40,52.31,0.008,62.17,0.0,2072.21,0
102995,2025/01/05,2025-01-12,Jeddah,phone,gold,12,26.21,,7.55,0.0,251.65,0
101828,11 Apr 2025,2025-04-13,Jeddah,online,gold,36,39.09,0.174,35.57,0.0,1185.75,0
101108,2024-03-23,2024-03-28,Jeddah,online,silver,13,17.19,0.104,5.85,0.0,195.02,0
104847,18 Aug 2024,2024-08-21,Riyadh,online,silver,29,31.92,0.103,25.0,830.64,833.18,1
101058,05/26/2024,2024-06-06,Riyadh,store,bronze,6,19.57,0.234,2.72,0.0,90.75,0
102239,2024/10/27,2024-11-07,Jeddah,store,bronze,33,39.29,0.198,30.9,535.97,1029.92,1
100454,08/05/2024,2024-08-11,Riyadh,store,silver,26,9.45,0.229,5.72,109.24,190.61,1
100106,8 Apr 2024,2024-04-12,Dammam,online,silver,35,11.26,,7.67,0.0,255.71,0
104700,2025-04-29,2025-05-07,Dammam,online,silver,20,8.3,,4.27,0.0,142.46,0
103033,2024-04-02,2024-04-08,Riyadh,online,bronze,23,106.82,0.066,72.31,0.0,2410.25,0
102514,06/10/2024,2024-06-18,riyadh,online,bronze,23,18.57,0.094,11.61,0.0,386.9,0
101603,2024/11/24,2024-12-04,DAMMAM,phone,gold,25,30.45,,18.12,0.0,604.05,0
104115,2024-02-06,2024-02-17,Dammam,online,bronze,11,20.84,0.1,6.25,0.0,208.31,0
101652,2024-12-08,2024-12-14,Riyadh ,online,bronze,36,108.95,0.146,96.91,0.0,3230.24,0
103114,12/11/2024,2024-12-13,DAMMAM,store,bronze,15,32.62,,8.6,0.0,286.73,0
100471,25 Jan 2024,2024-01-27, Jeddah,online,bronze,8,47.42,,10.72,87.61,357.27,1
101635,12/07/2024,2024-12-20,Tabuk,phone,bronze,38,44.79,,43.14,190.12,1437.9,1
102252,02/24/2024,2024-03-04,Dammam,online,bronze,3,75.29,0.21,5.36,178.42,178.75,1
101274,2024-10-06,2024-10-18,Jeddah,online,silver,5,69.13,0.093,9.28,0.0,309.42,0
100780,2024-11-05,2024-11-14,abha,phone,bronze,14,36.5,,13.97,306.28,465.53,1
100262,03/26/2024,2024-04-05,Abha,online,bronze,17,24.91,0.133,10.93,345.72,364.3,1
100590,24 Mar 2024,2024-03-31,Riyadh,store,silver,29,51.15,,33.56,0.0,1118.76,0
101056,2024/11/17,2024-11-22,Dammam,online,silver,6,33.14,0.286,4.31,0.0,143.57,0
103617,9 Feb 2025,2025-02-23,Jeddah,online,bronze,33,20.9,,15.05,261.26,501.63,1
100594,09/23/2024,2024-09-29,Jeddah,store,silver,12,56.51,0.148,17.97,0.0,598.87,0
104681,2024-08-21,2024-09-04,Tabuk,online,bronze,37,71.87,0.171,65.89,0.0,2196.22,0
104461,2024-05-26,2024-05-31,Jeddah,online,bronze,33,10.7,0.059,10.08,231.55,336.05,1
102096,2025-06-28,2025-07-03,Jeddah,online,gold,24,37.37,,20.4,0.0,679.99,0
100918,09/02/2024,2024-09-08,Riyadh ,store,bronze,29,82.76,0.223,55.96,0.0,1865.28,0
104440,03/12/2025,2025-03-16,Riyadh,store,bronze,38,51.15,0.133,49.79,0.0,1659.52,0
100749,2024-11-02,2024-11-09,Abha,online,silver,39,9.69,0.08,10.54,142.69,351.47,1
104844,04/17/2025,2025-04-26,Jeddah,phone,gold,22,32.99,,19.42,0.0,647.18,0
101891,12 Apr 2025,2025-04-14,Riyadh,online,silver,29,96.98,0.11,74.98,0.0,2499.25,0
100703,10 Apr 2025,2025-04-11,Riyadh,online,silver,17,77.54,0.108,34.86,0.0,1161.91,0
102944,2025-01-23,2025-02-05,Riyadh,store,bronze,36,38.76,0.049,39.61,405.35,1320.18,1
100404,12 Jan 2024,2024-01-26,Riyadh,online,silver,33,58.0,0.081,53.57,213.19,1785.76,1
103697,05/12/2024,2024-05-21,Riyadh,online,bronze,12,15.39,0.215,4.39,144.91,146.31,1
101177,13 May 2025,2025-05-23,Jeddah,store,bronze,26,20.99,0.108,14.79,0.0,493.15,0
100260,03/14/2024,2024-03-25,JEDDAH,store,silver,1,55.12,0.184,1.34,0.0,44.77,0
102610,10/02/2024,2024-10-13,Jeddah,online,silver,20,27.55,0.231,12.63,339.02,421.1,1
103292,02/01/2025,2025-02-03,Dammam,store,bronze,17,100.09,0.033,50.69,0.0,1689.51,0
101240,07/09/2024,2024-07-23,Riyadh,phone,silver,20,24.06,,12.13,162.47,404.4,1
103843,2025/02/09,2025-02-17,dammam ,online,bronze,4,27.21,0.028,3.23,0.0,107.56,0
104689,11/29/2024,2024-12-10,Abha,store,bronze,23,27.95,0.195,15.54,0.0,518.03,0
102493,18 Jul 2024,2024-07-21,Riyadh,store,gold,21,257.59,0.45,90.02,0.0,3000.62,0
104375,2025/01/23,2025-01-27,JEDDAH,store,bronze,29,32.96,,19.69,0.0,656.22,0
104090,2025-04-02,2025-04-10,Riyadh,online,silver,30,74.66,0.062,62.19,0.0,2072.91,0
102086,2024/06/27,2024-06-30,Riyadh,online,bronze,22,17.76,0.152,9.89,0.0,329.71,0
104034,2024-04-27,2024-04-29,Jeddah,store,silver,14,26.15,0.25,8.18,274.54,272.72,1
101683,2024-10-14,2024-10-18,Dammam,online,bronze,32,61.53,0.055,56.02,1396.24,1867.38,1
100893,20 Mar 2024,2024-03-31,Riyadh,store,bronze,30,57.96,0.164,43.16,0.0,1438.51,0
104656,12/24/2024,2025-01-05,Abha,store,bronze,6,78.71,0.201,11.82,188.72,393.84,1
104552,2025-06-08,2025-06-17,Dammam,online,silver,7,134.46,0.273,20.12,391.25,670.54,1
101972,07/15/2024,2024-07-29,Tabuk,online,bronze,30,13.72,0.026,11.96,0.0,398.72,0
102340,2025-05-26,2025-06-03,Riyadh,store,gold,21,43.79,0.173,22.82,0.0,760.68,0
100781,16 Jan 2024,2024-01-26,Riyadh,phone,silver,7,52.1,,8.74,125.95,291.43,1
102354,03/30/2024,2024-04-06,Jeddah,online,silver,16,5.67,,1.89,0.0,63.15,0
100368,2024-12-06,2024-12-14,Dammam,phone,gold,3,102.21,,7.09,0.0,236.38,0
101760,2024/08/29,2024-09-01,Tabuk,store,silver,22,29.0,0.108,16.58,181.06,552.57,1
100794,31 Jan 2025,2025-02-09,Riyadh,online,silver,2,31.23,0.127,1.58,0.0,52.66,0
102677,2025-02-09,2025-02-12,Jeddah,online,silver,29,33.28,0.053,27.35,0.0,911.73,0
101880,12 Jan 2025,2025-01-18,Jeddah,phone,silver,35,45.71,,45.73,0.0,1524.4,0
100691,13 Nov 2024,2024-11-22,Riyadh,online,silver,33,50.03,0.189,40.77,0.0,1359.1,0
102168,20 Feb 2024,2024-02-26,Jeddah,store,bronze,37,43.07,0.091,43.35,0.0,1445.13,0
103436,2025/01/22,2025-01-31,Jeddah,online,silver,20,22.28,0.104,11.79,0.0,392.97,0
102483,2025/05/09,2025-05-11,Riyadh ,online,silver,19,70.72,,35.74,0.0,1191.18,0
103805,13 Dec 2024,2024-12-20,Riyadh,store,silver,7,28.11,0.156,4.93,0.0,164.36,0
102454,07/21/2024,2024-08-03,Abha,phone,bronze,7,40.86,,7.06,0.0,235.19,0
100476,10/25/2024,2024-11-06,Riyadh ,online,silver,11,72.34,0.146,20.45,0.0,681.62,0
103041,11 Feb 2024,2024-02-19,Jeddah,phone,gold,22,36.31,,17.27,0.0,575.65,0
100405,2024/03/28,2024-04-01,Tabuk,online,silver,18,28.46,0.232,12.09,109.31,403.02,1
104474,2024/12/06,2024-12-12,riyadh,online,bronze,36,30.53,0.142,28.25,523.81,941.7,1
100879,2024-04-19,2024-04-20,Dammam,online,bronze,29,20.93,0.204,14.5,450.0,483.28,1
103317,2024-01-25,2024-01-27,Dammam,online,silver,23,16.09,0.268,8.19,0.0,272.9,0
100250,2024-12-11,2024-12-25, Jeddah,online,bronze,2,20.54,0.067,1.16,0.0,38.59,0
104631,2025-04-27,2025-05-03,Riyadh,store,bronze,5,43.55,0.109,5.91,0.0,197.09,0
102973,2025/06/04,2025-06-17,Riyadh,online,bronze,8,37.31,0.149,7.35,0.0,245.08,0
101950,08/16/2024,2024-08-17,TABUK ,store,silver,11,25.39,0.186,6.79,0.0,226.45,0
104482,2024/01/22,2024-02-03,Dammam,online,bronze,14,8.98,0.09,3.42,0.0,113.85,0
101205,31 Mar 2025,2025-04-07,Riyadh,online,gold,19,87.3,,31.73,0.0,1057.61,0
100653,2024-03-30,2024-03-31,Dammam,online,silver,28,47.8,0.142,34.86,0.0,1162.12,0
102030,31 May 2024,2024-06-11,Jeddah,online,silver,18,35.73,0.182,16.36,0.0,545.26,0
100944,23 Apr 2024,2024-04-29,Jeddah,store,bronze,3,32.07,,1.89,0.0,63.11,0
103512,2024-05-31,2024-06-01,Dammam,store,bronze,34,18.59,0.057,17.64,0.0,587.9,0
101296,05/04/2025,2025-05-09, Jeddah,store,bronze,8,18.27,0.214,3.49,0.0,116.3,0
102963,03/09/2024,2024-03-22,Riyadh,online,bronze,40,31.57,0.131,32.19,0.0,1073.04,0
104541,2024/08/30,2024-08-31,Riyadh,phone,silver,28,48.97,,34.95,800.66,1165.15,1
104728,03/25/2025,2025-03-28,Riyadh,store,gold,34,46.49,0.2,38.32,0.0,1277.21,0
101528,11/16/2024,2024-11-22,Jeddah,phone,silver,3,125.68,,7.02,0.0,234.13,0
103675,2025-04-01,2025-04-15,abha,store,bronze,11,101.11,0.303,22.32,0.0,743.98,0
103550,2024-02-19,2024-02-26,Abha,online,silver,26,45.76,0.196,28.12,0.0,937.3,0
103555,06/09/2024,2024-06-22,riyadh,online,bronze,36,27.19,,19.3,490.94,643.26,1
102475,03/20/2025,2025-03-22,Jeddah,phone,bronze,12,114.06,,33.49,0.0,1116.2,0
103087,2025/03/14,2025-03-15,Riyadh,online,bronze,37,29.88,0.061,31.43,0.0,1047.58,0
102207,16 May 2025,2025-05-27,dammam ,store,bronze,19,15.96,0.021,8.97,0.0,298.9,0
104223,2025-06-11,2025-06-18,Riyadh,store,gold,22,38.48,0.116,22.79,0.0,759.83,0
102773,31 May 2024,2024-06-07,Tabuk,online,bronze,8,101.59,0.09,21.87,0.0,728.94,0
100699,2025/01/31,2025-02-10,DAMMAM,online,gold,18,29.2,0.209,11.6,0.0,386.8,0
103350,06/28/2024,2024-07-10,Jeddah,online,gold,10,39.06,0.226,8.99,0.0,299.76,0
102443,2024/01/30,2024-01-31,Riyadh,store,bronze,25,31.4,0.092,21.04,0.0,701.3,0
101181,2024-01-06,2024-01-19,Dammam,store,silver,36,36.63,0.155,32.61,835.35,1087.0,1
101128,2 Dec 2024,2024-12-10,DAMMAM,store,gold,10,82.41,0.281,17.77,0.0,592.44,0
101999,2025-02-17,2025-02-25,Abha,online,bronze,31,42.21,0.113,34.94,0.0,1164.62,0
104818,7 Jun 2025,2025-06-09,Jeddah,online,gold,21,21.55,,8.82,0.0,294.0,0
102363,26 Dec 2024,2024-12-30,JEDDAH,online,bronze,35,53.58,0.077,50.73,0.0,1690.93,0
104126,6 May 2024,2024-05-09,riyadh,store,silver,40,27.01,0.109,28.98,0.0,965.99,0
101778,25 Dec 2024,2025-01-02, Jeddah,online,silver,28,34.22,0.141,24.77,235.09,825.61,1
104107,23 Aug 2024,2024-08-28,Dammam,store,bronze,28,54.46,,26.74,0.0,891.25,0
104194,2 May 2024,2024-05-03,Abha,store,silver,1,21.8,0.136,0.55,0.0,18.44,0
103813,2024/09/17,2024-10-01,Jeddah,phone,silver,33,41.79,,37.65,0.0,1255.0,0
102048,2 Jan 2024,2024-01-06, Jeddah,online,bronze,32,35.32,0.119,30.25,0.0,1008.24,0
100725,7 Jun 2024,2024-06-10,Riyadh,online,silver,12,24.21,0.137,7.41,0.0,246.99,0
104462,03/16/2025,2025-03-19,Jeddah,online,bronze,38,20.1,0.098,20.42,0.0,680.62,0
100904,10/08/2024,2024-10-11, Jeddah,store,silver,34,17.54,0.101,16.6,0.0,553.32,0
103989,4 Dec 2024,2024-12-15,Tabuk,online,bronze,25,18.3,0.225,10.95,0.0,364.86,0
100363,07/14/2024,2024-07-25,Riyadh,online,bronze,32,17.81,0.115,15.01,441.46,500.21,1
102000,2024/11/13,2024-11-24,Jeddah,store,bronze,28,22.03,,12.19,0.0,406.2,0
101935,2024/03/10,2024-03-12,Dammam,online,gold,23,11.38,,5.47,0.0,182.43,0
100858,5 Mar 2025,2025-03-13,Abha,store,bronze,14,38.51,0.112,14.35,307.65,478.27,1
101483,2024-11-08,2024-11-18,Jeddah,online,bronze,7,95.52,0.235,15.34,0.0,511.46,0
102533,09/11/2024,2024-09-19,Dammam,online,bronze,29,25.16,0.213,17.17,277.24,572.27,1
100629,2024-06-17,2024-06-25,JEDDAH,online,bronze,18,33.54,0.093,16.65,364.93,555.05,1
104235,10/06/2024,2024-10-11,Riyadh,online,bronze,36,43.13,,37.69,633.45,1256.34,1
100697,2024/12/17,2024-12-19,DAMMAM,online,silver,5,16.89,,1.89,0.0,62.87,0
100011,2025-04-18,2025-04-27,Jeddah,online,silver,14,48.27,0.058,18.96,272.9,631.91,1
103032,13 Feb 2025,2025-02-18,Riyadh,online,bronze,4,7.92,,0.71,0.0,23.62,0
101968,2025-04-04,2025-04-07,Abha,store,bronze,40,33.01,0.219,30.89,0.0,1029.54,0
101158,06/25/2024,2024-07-07,Riyadh,store,silver,5,4.65,,0.65,0.0,21.83,0
103289,2024-04-01,2024-04-08,Riyadh,phone,silver,38,40.87,,43.66,0.0,1455.42,0
104172,15 Dec 2024,2024-12-16,Dammam,store,silver,33,78.17,0.111,65.97,0.0,2198.89,0
103001,2025-05-24,2025-05-26,Abha,store,silver,17,14.4,0.17,6.04,0.0,201.36,0
102196,2024-01-03,2024-01-11,Abha,store,bronze,38,38.8,0.121,38.85,0.0,1295.15,0
100189,2025/02/25,2025-03-09,Dammam,store,bronze,27,71.66,,41.39,0.0,1379.82,0
102416,3 Oct 2024,2024-10-10,Riyadh ,online,bronze,15,29.84,0.193,10.51,0.0,350.39,0
103209,2024-03-13,2024-03-22,Riyadh,online,bronze,39,241.64,0.119,250.92,0.0,8364.16,1
100752,2025-01-19,2025-01-26,Riyadh,store,bronze,34,18.64,0.147,15.79,127.25,526.4,1
103141,12 Jul 2024,2024-07-26,Riyadh,online,bronze,28,42.61,0.197,29.74,0.0,991.48,0
102237,20 Mar 2025,2025-03-25,Riyadh,online,silver,33,49.85,0.119,44.98,0.0,1499.41,0
104287,2024-12-05,2024-12-17,Tabuk,phone,gold,36,33.9,,31.77,0.0,1058.93,0
102811,2024/06/15,2024-06-25,Riyadh,store,bronze,15,125.66,0.312,38.97,778.42,1298.94,1
102541,28 Mar 2024,2024-04-06,Jeddah,online,silver,14,46.6,0.092,17.45,0.0,581.53,0
102633,2024-03-06,2024-03-16,Tabuk,store,bronze,28,30.1,0.103,22.58,0.0,752.58,0
103820,2024/09/19,2024-09-26,Abha,online,silver,4,104.0,0.166,10.4,0.0,346.77,0
100096,1 Feb 2025,2025-02-11,Dammam,online,bronze,7,65.41,0.222,10.8,0.0,360.0,0
101217,2024-06-21,2024-07-04,Riyadh,online,silver,17,26.61,0.373,8.26,0.0,275.19,0
103080,10/27/2024,2024-10-30,Riyadh ,phone,bronze,4,37.86,,4.29,0.0,142.97,0
104585,2024/07/19,2024-07-25,DAMMAM,online,bronze,22,80.54,0.208,40.8,382.66,1360.05,1
101280,2024-10-09,2024-10-19, Jeddah,store,gold,35,23.77,0.243,18.62,0.0,620.78,0
102643,2025/05/29,2025-05-30,Jeddah,store,gold,29,69.71,0.243,45.8,0.0,1526.64,0
104595,2024-01-01,2024-01-06,Riyadh,phone,gold,14,40.48,,13.76,0.0,458.75,0
103306,2024-03-24,2024-03-30,Riyadh ,online,silver,7,46.91,0.303,6.86,0.0,228.68,0
100237,2024/05/20,2024-05-24,Jeddah,online,gold,9,43.46,0.217,9.24,0.0,308.02,0
101155,2024-11-07,2024-11-14, Jeddah,phone,bronze,35,60.57,,40.8,0.0,1359.94,0
100074,2025/01/13,2025-01-19,Riyadh ,store,bronze,1,66.91,,2.0,0.0,66.6,0
100486,30 Apr 2024,2024-05-09, Jeddah,store,silver,23,36.41,0.177,21.3,0.0,709.96,0
104792,28 Feb 2025,2025-03-11,Riyadh ,online,gold,3,37.44,0.14,2.92,0.0,97.19,0
103437,03/12/2025,2025-03-15,Riyadh ,phone,bronze,23,70.89,,48.66,0.0,1621.84,0
101686,13 Jun 2025,2025-06-24,Riyadh,online,bronze,37,47.55,0.194,41.28,613.49,1376.08,1
101559,2024-02-16,2024-02-24,DAMMAM,store,bronze,4,50.77,0.218,4.82,0.0,160.52,0
103521,06/02/2024,2024-06-09,Jeddah,online,silver,28,47.43,,35.15,164.98,1171.75,1
102131,15 Apr 2025,2025-04-24,Riyadh,online,gold,37,22.03,0.218,18.82,0.0,627.37,0
101583,05/07/2025,2025-05-20,JEDDAH,online,silver,29,63.64,0.081,51.8,1345.23,1726.82,1
104060,2025-03-24,2025-03-30,abha,store,bronze,22,96.05,0.24,47.22,219.11,1573.9,1
101552,2024/03/08,2024-03-13,Jeddah,store,bronze,11,66.82,0.09,19.76,0.0,658.78,0
104550,01/11/2025,2025-01-13,riyadh,online,silver,18,48.74,0.236,20.12,0.0,670.72,0
103701,2024/06/10,2024-06-19,Tabuk,online,bronze,3,35.1,0.049,3.01,100.12,100.18,1
102884,2024-06-26,2024-07-08,Riyadh,online,bronze,12,44.36,0.035,15.83,0.0,527.64,0
103737,2024/12/09,2024-12-17,Riyadh,online,silver,36,80.81,0.196,69.67,0.0,2322.48,0
101610,2024/09/01,2024-09-07, Jeddah,store,silver,37,25.77,0.348,18.7,0.0,623.38,0
104025,9 Mar 2024,2024-03-13,abha,store,bronze,7,137.47,0.141,24.0,0.0,799.99,0
103200,3 Feb 2024,2024-02-04,tabuk,store,silver,31,32.05,,21.11,0.0,703.52,0
104706,19 Apr 2024,2024-04-20,Riyadh ,store,bronze,15,49.82,,16.32,0.0,544.03,0
102738,2025-05-17,2025-05-30,Jeddah,online,silver,15,27.76,0.101,11.05,0.0,368.39,0
102979,02/25/2024,2024-02-29,dammam ,online,gold,38,32.47,0.258,26.81,674.82,893.83,1
104220,2025-04-19,2025-04-26,DAMMAM,phone,silver,5,23.48,,2.47,0.0,82.25,0
104360,2024-02-13,2024-02-25,DAMMAM,online,silver,17,23.75,,9.92,0.0,330.64,0
104417,2024/07/10,2024-07-16,Jeddah,online,silver,39,28.98,0.443,18.9,306.95,629.92,1
103799,2024/05/06,2024-05-20,JEDDAH,phone,bronze,15,17.31,,7.43,0.0,247.63,0
100890,19 Dec 2024,2025-01-01,dammam ,online,bronze,9,67.49,0.213,14.07,0.0,468.9,0
102678,3 Aug 2024,2024-08-17,Abha,online,bronze,6,41.92,,5.48,29.86,182.53,1
103417,2024-09-04,2024-09-07,Dammam,online,bronze,29,48.07,0.129,37.11,209.41,1236.87,1
102749,2024-09-01,2024-09-11,Jeddah,phone,silver,8,41.74,,8.95,0.0,298.31,0
104518,03/05/2024,2024-03-16,Riyadh ,online,silver,30,10.63,0.163,7.85,35.59,261.68,1
102535,2024-10-02,2024-10-12,Tabuk,store,bronze,20,12.97,0.009,8.04,0.0,267.84,0
101450,06/27/2025,2025-07-03,Riyadh,online,bronze,30,60.32,0.068,50.67,0.0,1689.03,0
103422,2024/01/28,2024-02-11,Jeddah,phone,bronze,6,49.0,,6.12,0.0,204.05,0
103896,14 Feb 2025,2025-02-20,Dammam,online,bronze,34,96.68,0.093,87.93,613.72,2930.89,1
101406,2025/05/05,2025-05-16,Riyadh,store,silver,16,46.53,0.081,20.27,0.0,675.68,0
102891,2024/08/16,2024-08-27,Riyadh,online,silver,12,41.25,0.258,10.98,336.9,366.03,1
104263,2024/09/10,2024-09-13,Riyadh,store,bronze,36,11.59,0.176,10.37,0.0,345.62,0
100155,2024-02-15,2024-02-28,Riyadh,online,bronze,23,72.75,0.116,44.53,0.0,1484.39,0
103994,6 Jan 2025,2025-01-18,riyadh,online,bronze,31,109.36,0.216,78.54,343.08,2617.91,1
104048,2024/09/18,2024-09-23,Riyadh ,online,silver,4,47.81,0.136,4.88,0.0,162.74,0
103125,2024-10-25,2024-10-27,riyadh,phone,bronze,19,22.12,,12.06,0.0,401.94,0
102509,10/23/2024,2024-11-04,Jeddah,online,bronze,38,20.16,0.137,19.07,156.67,635.73,1
100895,2024-06-14,2024-06-23,Dammam,online,silver,19,73.23,0.225,32.03,0.0,1067.83,0
100198,2025-06-07,2025-06-10,Abha,online,bronze,10,157.48,0.054,44.36,893.86,1478.79,1
101540,2024-01-28,2024-01-29,Jeddah,store,gold,16,34.37,0.142,13.97,0.0,465.65,0
103122,10 Apr 2025,2025-04-12,Riyadh ,store,silver,17,33.62,0.076,15.7,0.0,523.36,0
100249,14 Jul 2024,2024-07-21, Jeddah,online,gold,15,46.98,0.289,15.3,0.0,509.92,0
101372,2024/01/03,2024-01-07,Tabuk,online,bronze,32,23.44,0.128,19.32,0.0,643.94,0
103290,2024/03/03,2024-03-16,Jeddah,online,silver,6,43.84,0.144,6.79,37.53,226.4,1
101648,3 Mar 2024,2024-03-10,Abha,online,silver,10,76.74,0.116,20.09,0.0,669.67,0
103410,04/16/2024,2024-04-17,Riyadh,online,silver,33,33.5,,26.71,0.0,890.39,0
104544,30 Mar 2024,2024-04-04,Jeddah,online,bronze,20,104.07,0.22,48.95,324.61,1631.67,1
102898,2024-10-31,2024-11-01,Riyadh ,store,bronze,12,39.55,0.25,10.39,0.0,346.21,0
104487,30 May 2024,2024-06-08,dammam ,store,bronze,9,108.49,0.046,27.72,0.0,924.08,0
101912,2024/07/15,2024-07-28,Riyadh,store,silver,30,172.28,,112.86,0.0,3762.06,0
100894,2024-08-14,2024-08-23,Riyadh,online,gold,27,12.66,0.252,7.54,0.0,251.24,0
103076,2024-01-09,2024-01-20,Tabuk,online,silver,12,119.02,0.147,37.28,1217.83,1242.5,1
101706,2024-11-16,2024-11-27,Tabuk,store,bronze,9,125.74,0.056,32.09,0.0,1069.75,0
104031,2025/03/22,2025-04-03,Jeddah,online,gold,18,28.63,0.148,13.04,0.0,434.62,0
104828,04/02/2025,2025-04-11, Jeddah,online,gold,10,91.94,0.219,21.89,0.0,729.72,0
102234,2024-06-17,2024-06-29,Tabuk,online,gold,8,61.29,,12.69,0.0,422.96,0
101802,2024-12-12,2024-12-13,DAMMAM,online,gold,25,15.99,0.182,10.27,0.0,342.28,0
101198,19 May 2024,2024-05-30,Dammam,store,gold,17,50.2,0.235,19.36,0.0,645.21,0
104234,2024-02-09,2024-02-15,Dammam,online,silver,5,29.61,0.225,3.42,0.0,114.15,0
101001,28 Dec 2024,2024-12-31,Riyadh,online,bronze,38,42.23,0.143,41.03,0.0,1367.67,0
101888,2025/03/21,2025-03-26,Riyadh,online,bronze,17,70.64,0.193,28.71,0.0,957.03,0
101168,2024/06/05,2024-06-15,Jeddah,phone,bronze,38,99.65,,81.35,2758.54,2711.67,1
103078,2025-02-25,2025-03-06,Dammam,online,silver,29,34.89,0.153,25.88,0.0,862.67,0
102047,18 Oct 2024,2024-10-24,Jeddah,store,gold,30,36.77,0.203,27.14,0.0,904.58,0
102799,16 Jun 2024,2024-06-21,DAMMAM,store,bronze,25,35.6,0.124,23.42,0.0,780.63,0
103386,19 Jan 2024,2024-02-02,DAMMAM,online,gold,11,27.38,0.174,7.4,0.0,246.66,0
104061,21 Jan 2024,2024-02-03,Tabuk,phone,silver,21,48.95,,26.86,0.0,895.31,0
103895,04/12/2024,2024-04-23,Tabuk,online,bronze,17,64.27,0.01,33.35,0.0,1111.79,0
101843,08/23/2024,2024-08-29,Riyadh,online,silver,26,23.64,0.17,15.53,0.0,517.77,0
104094,04/27/2025,2025-05-11,Riyadh,online,gold,25,144.23,,70.2,0.0,2340.05,0
103207,2024-02-06,2024-02-20,Riyadh ,store,gold,18,24.12,,10.0,0.0,333.17,0
102837,2024-06-04,2024-06-10,Dammam,phone,silver,31,22.32,,16.16,0.0,538.75,0
102883,2024-12-17,2024-12-28,Jeddah,online,silver,8,24.27,0.169,4.69,0.0,156.41,0
100655,10/13/2024,2024-10-27,abha,online,gold,9,15.74,0.235,3.32,0.0,110.69,0
100083,10 Mar 2025,2025-03-15,Abha,online,silver,29,26.18,,16.44,0.0,547.88,0
101124,08/17/2024,2024-08-25,Riyadh,phone,silver,26,23.83,,16.51,20.58,550.3,1
100040,03/30/2025,2025-04-03,Dammam,online,silver,23,24.34,,12.48,0.0,416.14,0
102864,2024-09-23,2024-09-27,Riyadh ,store,silver,37,66.56,0.131,63.64,0.0,2121.36,0
101416,2025/04/26,2025-04-27,abha,online,gold,32,20.74,,13.41,387.56,446.88,1
101980,19 Feb 2024,2024-03-02,Riyadh,store,silver,14,40.31,0.243,12.97,0.0,432.25,0
100479,02/09/2025,2025-02-13,Dammam,online,bronze,15,138.97,,61.41,1202.81,2047.12,1
102410,7 Feb 2024,2024-02-16,Tabuk,store,bronze,22,95.04,0.047,59.1,0.0,1969.98,0
102230,2025-05-21,2025-05-30,Dammam,store,silver,12,29.16,,6.41,0.0,213.77,0
104256,2024/02/24,2024-02-25,Riyadh,online,bronze,3,19.78,0.071,1.66,0.0,55.49,0
100807,2024-09-29,2024-10-01,Dammam,online,silver,20,142.49,0.086,81.69,0.0,2722.86,0
102299,2024/08/21,2024-08-25,Riyadh ,online,gold,19,123.78,,50.11,716.63,1670.24,1
103274,2025/02/22,2025-03-02,DAMMAM,online,gold,11,28.87,,6.53,0.0,217.6,0
101698,13 May 2024,2024-05-27,abha,online,gold,39,80.21,,65.54,0.0,2184.7,0
103900,2024/02/16,2024-02-20,Riyadh,online,bronze,4,22.34,0.072,2.61,0.0,86.89,0
100926,02/04/2025,2025-02-07,riyadh,online,silver,28,93.79,0.235,62.04,0.0,2068.08,0
103940,02/22/2024,2024-02-26,Riyadh ,online,bronze,37,16.09,0.074,16.72,312.76,557.29,1
104695,2024/09/06,2024-09-08,Jeddah,store,silver,20,77.32,0.207,38.12,0.0,1270.57,0
100423,2025/06/08,2025-06-13,riyadh,online,silver,1,16.14,,0.4,0.0,13.34,0
103236,13 Jun 2024,2024-06-22,Riyadh ,online,bronze,37,47.76,0.1,48.54,945.72,1617.97,1
100185,02/02/2024,2024-02-14,DAMMAM,online,bronze,1,37.55,0.104,0.99,0.0,32.94,0
101631,2025/02/18,2025-02-27,JEDDAH,online,gold,5,28.95,0.126,3.76,0.0,125.34,0
102052,2025/04/29,2025-04-30,riyadh,online,silver,20,13.33,0.131,6.78,127.47,225.84,1
100067,2024/01/03,2024-01-06,Jeddah,phone,bronze,24,195.02,,111.74,0.0,3724.52,0
101864,3 May 2024,2024-05-10,Jeddah,store,silver,19,36.18,0.195,16.03,0.0,534.32,0
102894,08/28/2024,2024-09-05,DAMMAM,store,bronze,25,27.79,0.041,20.66,0.0,688.81,0
101837,2024/09/19,2024-09-21,riyadh,online,silver,4,12.0,0.146,1.2,20.49,39.9,1
104073,2024-10-07,2024-10-18,Jeddah,online,bronze,11,51.2,,16.42,49.04,547.49,1
103090,3 Mar 2024,2024-03-12,Tabuk,store,bronze,15,93.63,0.117,37.62,0.0,1254.02,0
103044,11/27/2024,2024-12-11,Jeddah,online,gold,17,14.05,0.193,5.72,0.0,190.74,0
102210,19 May 2025,2025-05-30,Riyadh,online,bronze,22,6.52,0.058,4.01,24.57,133.71,1
103757,2024/12/31,2025-01-09,Riyadh,online,bronze,20,40.81,0.036,23.4,0.0,780.0,0
100054,01/19/2025,2025-01-26,Dammam,online,bronze,24,105.16,,69.72,0.0,2324.02,0
101007,2024-05-06,2024-05-07,Tabuk,online,silver,14,64.18,,19.07,270.93,635.59,1
102206,05/25/2025,2025-05-27,JEDDAH,online,bronze,25,23.58,0.007,16.85,0.0,561.79,0
103272,2024/01/29,2024-02-08,Jeddah,online,silver,7,26.58,0.122,4.78,0.0,159.49,0
103856,01/13/2024,2024-01-19,Riyadh,online,silver,25,30.83,0.102,20.5,27.67,683.19,1
102715,06/22/2024,2024-07-03,Abha,store,silver,22,277.73,0.191,146.46,0.0,4881.98,0
100195,02/02/2024,2024-02-05,Riyadh ,store,gold,8,104.62,0.108,22.34,0.0,744.52,0
100736,2024/10/02,2024-10-16,Dammam,phone,bronze,26,27.27,,18.16,347.23,605.18,1
104105,2025/06/13,2025-06-20,Tabuk,online,bronze,5,71.73,0.018,10.66,0.0,355.32,0
104315,21 Mar 2024,2024-03-23,Riyadh,online,silver,32,27.47,0.118,23.67,0.0,789.09,0
102431,09/12/2024,2024-09-19,Abha,store,gold,15,19.09,0.217,6.85,0.0,228.41,0
102220,2024-01-18,2024-01-24,Riyadh,phone,silver,38,17.06,,17.57,0.0,585.72,0
101229,2025-01-18,2025-01-24,Tabuk,online,bronze,31,94.89,0.062,82.01,0.0,2733.63,0
101651,2024/06/29,2024-07-10,Riyadh,online,bronze,25,38.86,0.148,24.3,0.0,810.1,0
100491,06/07/2025,2025-06-13,Dammam,store,silver,16,43.04,0.09,18.76,0.0,625.21,0
102460,28 Nov 2024,2024-11-30, Jeddah,store,gold,31,20.86,0.201,16.13,0.0,537.67,0
101068,2025-02-11,2025-02-22,Dammam,online,gold,4,5.17,0.123,0.56,0.0,18.55,0
101532,2024-10-03,2024-10-15,riyadh,online,bronze,14,60.77,0.07,23.27,0.0,775.62,0
104751,2025-04-16,2025-04-26,riyadh,phone,bronze,9,237.73,,56.71,1075.06,1890.2,1
101611,05/10/2025,2025-05-23,Riyadh,online,bronze,14,32.58,0.253,10.24,0.0,341.32,0
103718,09/08/2024,2024-09-12,Abha,store,bronze,19,24.05,0.074,13.1,0.0,436.8,0
100286,2024-06-29,2024-07-13,JEDDAH,online,silver,20,25.33,0.079,14.2,0.0,473.44,0
104188,2024-07-28,2024-08-07,Riyadh,online,bronze,8,19.68,,4.57,0.0,152.19,0
103587,2024/12/29,2024-12-30,Jeddah,store,bronze,4,42.37,0.121,4.57,74.51,152.33,1
101916,25 Dec 2024,2025-01-01,Riyadh,online,bronze,27,43.8,0.034,35.17,0.0,1172.2,0
103237,3 Feb 2024,2024-02-14,Tabuk,phone,bronze,25,38.68,,25.76,0.0,858.8,0
103255,10 Apr 2024,2024-04-19,Riyadh,online,bronze,32,160.32,,128.08,0.0,4269.21,0
100957,09/09/2024,2024-09-20,DAMMAM,online,bronze,10,27.0,0.213,6.45,191.3,215.03,1
100322,2024/08/08,2024-08-14,Jeddah,online,bronze,7,78.28,,10.85,354.07,361.8,1
104682,6 Jan 2024,2024-01-11,Riyadh,store,bronze,27,20.15,0.112,14.42,0.0,480.52,0
104074,17 Oct 2024,2024-10-23,Riyadh ,store,silver,7,96.84,0.203,15.93,0.0,530.99,0
101628,3 Apr 2024,2024-04-17,Riyadh,store,bronze,11,24.55,0.219,6.15,0.0,205.0,0
101203,2024/09/22,2024-10-03,Abha,phone,bronze,20,22.9,,12.78,0.0,426.03,0
101907,2024-08-30,2024-09-06,Jeddah,store,bronze,21,62.62,0.06,37.11,0.0,1236.95,0
102731,2024-01-26,2024-02-07,riyadh,online,bronze,20,41.42,0.048,23.59,709.57,786.44,1
104732,19 Mar 2024,2024-03-28,Tabuk,store,gold,9,19.33,0.247,4.02,0.0,134.08,0
103213,2024/10/31,2024-11-06,Abha,store,bronze,15,172.47,0.032,77.09,0.0,2569.6,0
100080,2024-07-07,2024-07-17,abha,phone,bronze,2,24.24,,1.19,0.0,39.72,0
104028,2024-01-17,2024-01-31,dammam ,online,gold,13,9.4,0.308,2.48,0.0,82.72,0
100728,2024/09/08,2024-09-18,Riyadh,online,silver,20,35.23,0.166,18.07,0.0,602.45,0
101716,2024-09-16,2024-09-17,Dammam,online,bronze,32,46.73,0.084,40.99,0.0,1366.38,0
101081,2024/05/09,2024-05-19,Riyadh,store,gold,21,31.18,,13.45,0.0,448.39,0
100330,2024/04/22,2024-05-01,Riyadh,online,gold,17,42.7,0.225,16.82,0.0,560.51,0
101522,12/12/2024,2024-12-24,Jeddah,store,bronze,3,19.69,0.121,1.54,0.0,51.36,0
104013,2024/02/24,2024-03-07,TABUK ,store,silver,36,66.59,0.166,60.71,0.0,2023.65,0
103474,2024/02/27,2024-03-06,Jeddah,store,bronze,3,77.94,0.062,6.41,0.0,213.71,0
102779,20 Jun 2025,2025-06-24,Riyadh,phone,bronze,33,27.42,,24.81,852.71,827.02,1
100785,2024-11-05,2024-11-09,Tabuk,online,silver,27,8.36,,4.9,0.0,163.49,0
101225,2024/08/11,2024-08-20,Riyadh,store,silver,25,61.47,0.116,42.11,0.0,1403.83,0
101399,05/16/2025,2025-05-24,JEDDAH,online,silver,27,21.62,0.424,9.75,0.0,325.04,0
100538,2024-10-16,2024-10-26,Riyadh ,online,bronze,30,52.91,0.156,39.9,804.14,1329.88,1
104503,2024-12-20,2024-12-21,Dammam,online,bronze,19,30.79,0.141,14.46,0.0,481.84,0
100911,22 Jun 2025,2025-07-03,dammam ,online,silver,29,26.25,,18.98,0.0,632.54,0
101609,2024-07-22,2024-07-25,Jeddah,store,bronze,37,63.07,0.045,67.08,0.0,2235.92,0
103118,2024-06-14,2024-06-20,Dammam,online,gold,31,54.31,0.149,43.92,0.0,1463.86,0
102273,8 May 2025,2025-05-16,DAMMAM,store,bronze,40,90.87,0.06,101.07,341.61,3369.15,1
101361,2024-11-11,2024-11-22,Dammam,phone,silver,20,18.54,,7.73,37.3,257.61,1
104586,2024/10/10,2024-10-16,Dammam,online,silver,32,84.64,0.047,80.0,1370.9,2666.67,1
103297,2024/03/12,2024-03-19,Dammam,online,bronze,33,87.58,0.161,71.99,0.0,2399.71,0
100077,08/04/2024,2024-08-18,Riyadh ,online,silver,14,106.27,0.053,42.25,0.0,1408.29,0
103534,07/09/2024,2024-07-21,Riyadh,online,gold,30,50.82,,31.99,141.93,1066.27,1
103232,2025/03/31,2025-04-02,Riyadh,online,gold,21,29.29,,13.31,0.0,443.56,0
100554,2024/07/25,2024-08-08,Tabuk,phone,bronze,29,138.99,,92.43,0.0,3080.95,0
100598,2024-06-13,2024-06-26,Dammam,store,silver,32,143.41,0.252,104.84,0.0,3494.55,0
104735,26 Oct 2024,2024-10-30,Tabuk,online,bronze,37,30.66,0.193,27.11,420.77,903.68,1
100461,8 Jan 2024,2024-01-12,Jeddah,store,silver,19,44.94,,17.84,0.0,594.81,0
102908,11 May 2025,2025-05-12,riyadh,store,silver,16,76.15,,26.03,0.0,867.73,0
100601,2025-01-28,2025-01-29,Jeddah,store,silver,5,21.81,0.199,2.48,0.0,82.77,0
100151,6 Jan 2025,2025-01-18,Abha,online,silver,37,70.2,0.133,67.31,0.0,2243.77,0
104178,2024-10-07,2024-10-14,tabuk,online,bronze,19,53.68,,21.63,75.71,720.89,1
103628,06/27/2024,2024-07-08,Dammam,store,bronze,38,9.58,0.197,8.77,0.0,292.21,0
100772,1 Mar 2025,2025-03-06,Jeddah,online,silver,40,74.58,0.203,70.84,0.0,2361.42,0
101904,04/09/2025,2025-04-18,Riyadh,online,gold,39,25.56,0.183,24.33,0.0,810.95,0
103721,15 Jan 2025,2025-01-20,Dammam,online,silver,40,38.62,0.185,38.58,251.91,1285.85,1
100850,12/28/2024,2025-01-09,Tabuk,store,gold,2,49.22,,1.98,0.0,65.87,0
103341,2024/06/23,2024-06-30,Jeddah,online,gold,21,18.72,0.196,9.32,0.0,310.61,0
103270,2024/07/19,2024-07-29,Riyadh,online,gold,22,98.75,0.186,53.75,0.0,1791.54,0
104366,3 Jun 2024,2024-06-17,Riyadh,phone,silver,22,40.23,,23.22,0.0,773.93,0
104877,2024/11/20,2024-12-04,riyadh,store,bronze,26,69.67,0.185,46.3,1419.32,1543.36,1
104177,30 May 2024,2024-06-04,Dammam,phone,silver,20,97.69,,46.93,0.0,1564.3,0
102937,2024/08/08,2024-08-11,Riyadh,store,silver,9,18.14,0.128,4.3,0.0,143.19,0
104594,2024-05-05,2024-05-14,Riyadh,online,gold,9,17.09,,3.25,61.37,108.38,1
100990,2025/01/05,2025-01-06,Abha,online,bronze,1,27.2,,0.52,0.0,17.47,0
100810,2024/07/23,2024-08-03,tabuk,phone,bronze,2,19.3,,1.1,18.37,36.56,1
102969,2025/01/24,2025-02-07,Jeddah,online,silver,26,36.4,0.188,23.36,0.0,778.61,0
102074,12/23/2024,2024-12-27,Abha,online,silver,2,19.0,0.241,0.86,0.0,28.76,0
103198,19 Jun 2025,2025-06-21,Riyadh,online,bronze,10,24.03,0.087,6.75,87.76,224.98,1
102322,2025/03/29,2025-03-31,Riyadh,phone,silver,24,44.41,,26.37,0.0,878.97,0
102137,2025-06-17,2025-06-29,Riyadh,online,silver,40,37.96,0.139,40.03,0.0,1334.37,0
101517,2025/02/07,2025-02-20,riyadh,online,bronze,24,61.44,,41.26,631.32,1375.37,1
102112,2024-03-16,2024-03-25,Jeddah,store,silver,2,59.16,0.14,3.07,101.72,102.42,1
102946,08/14/2024,2024-08-20,Jeddah,store,gold,6,17.58,0.184,2.6,0.0,86.57,0
101003,2025/06/25,2025-07-04,riyadh,online,bronze,15,112.29,0.175,42.28,277.97,1409.3,1
104343,29 May 2025,2025-06-11,Jeddah,phone,bronze,30,34.03,,23.05,0.0,768.23,0
104637,28 Jun 2024,2024-07-02, Jeddah,store,bronze,10,54.97,,12.61,0.0,420.18,0
100488,08/26/2024,2024-09-06,riyadh,online,bronze,35,8.3,,6.11,0.0,203.77,0
102877,2025/02/15,2025-02-28,Riyadh,online,silver,1,25.55,0.268,0.56,18.71,18.72,1
104334,05/10/2024,2024-05-14,Jeddah,store,bronze,31,66.95,0.245,47.22,0.0,1573.96,0
101899,8 Nov 2024,2024-11-19,Riyadh,online,bronze,35,20.77,0.081,20.26,0.0,675.2,0
103993,25 Sep 2024,2024-09-28,Riyadh,phone,silver,40,14.96,,16.15,0.0,538.48,0
101267,02/01/2024,2024-02-02,riyadh,online,silver,28,14.62,0.137,10.9,0.0,363.37,0
102558,2024/02/02,2024-02-03,Riyadh,online,bronze,21,61.38,0.045,36.61,234.51,1220.27,1
104748,4 May 2024,2024-05-17,Dammam,online,bronze,2,38.79,0.18,1.89,0.0,63.15,0
101606,04/27/2025,2025-05-10,Riyadh ,phone,bronze,32,69.96,,61.34,0.0,2044.61,0
101557,2024-01-09,2024-01-11,Tabuk,online,silver,16,68.78,,28.04,0.0,934.81,0
101322,2024/10/08,2024-10-14,Jeddah,store,silver,6,76.23,0.201,11.15,0.0,371.51,0
104419,4 Feb 2024,2024-02-17,Riyadh,online,bronze,40,15.52,0.424,10.66,161.0,355.37,1
101201,10 Feb 2025,2025-02-18,Jeddah,online,silver,40,29.93,0.135,31.05,0.0,1035.05,0
102396,04/22/2024,2024-04-27,TABUK ,online,silver,31,30.04,,16.71,53.4,556.93,1
103472,6 Oct 2024,2024-10-09, Jeddah,store,gold,5,33.97,0.225,4.05,0.0,135.06,0
102497,12/06/2024,2024-12-16,Jeddah,store,silver,9,8.3,0.153,1.85,0.0,61.67,0
102292,2024-04-27,2024-05-06,Dammam,online,bronze,34,54.92,,35.45,717.5,1181.53,1
104290,2024-09-05,2024-09-06,Dammam,online,bronze,8,69.83,0.063,14.88,0.0,495.85,0
104833,28 Mar 2024,2024-04-02,DAMMAM,store,bronze,24,16.3,0.125,10.17,128.34,339.15,1
100084,10 Jul 2024,2024-07-20,Riyadh,store,silver,32,34.02,0.115,29.17,0.0,972.46,0
101123,2025-01-24,2025-02-07,Abha,store,bronze,36,20.89,0.12,20.49,386.0,683.04,1
103631,05/04/2024,2024-05-06,Riyadh,store,bronze,6,16.97,0.098,2.8,0.0,93.43,0
101063,17 Oct 2024,2024-10-18,Riyadh,online,bronze,36,76.68,0.181,66.57,251.29,2219.02,1
104452,2024/11/28,2024-12-07,Tabuk,online,silver,37,81.63,0.13,77.88,0.0,2595.95,0
104569,04/15/2024,2024-04-16,Jeddah,phone,bronze,19,27.33,,12.77,0.0,425.51,0
103318,2024-05-25,2024-05-29,Riyadh,store,gold,1,78.39,,1.67,0.0,55.56,0
103359,2 Jan 2024,2024-01-07,Dammam,online,gold,40,23.34,,22.64,0.0,754.76,0
102063,9 Feb 2024,2024-02-14,Jeddah,store,bronze,4,15.68,0.14,1.6,0.0,53.37,0
100304,2024/10/19,2024-10-24,Jeddah,online,bronze,13,25.95,0.087,8.99,0.0,299.67,0
100914,21 Aug 2024,2024-08-26,Tabuk,store,silver,29,79.36,0.131,60.87,0.0,2028.84,0
104523,05/07/2025,2025-05-21,Dammam,store,bronze,2,124.83,0.034,7.26,0.0,241.85,0
103724,01/22/2025,2025-01-26, Jeddah,online,silver,25,28.9,0.164,18.49,0.0,616.44,0
102199,2025/03/06,2025-03-17,Riyadh,store,bronze,1,60.71,0.075,1.71,0.0,56.91,0
102262,2024/03/04,2024-03-18,TABUK ,online,bronze,9,177.88,0.198,39.95,0.0,1331.77,0
104370,02/02/2025,2025-02-13,JEDDAH,online,silver,8,31.46,0.159,6.24,211.64,208.15,1
104403,11 Aug 2024,2024-08-22,Riyadh,store,silver,11,36.03,0.2,9.29,0.0,309.82,0
100528,10/03/2024,2024-10-15,Tabuk,phone,silver,11,55.09,,14.27,0.0,475.58,0
102688,01/01/2025,2025-01-09,Dammam,store,silver,5,16.48,0.045,2.3,0.0,76.69,0
100365,2 Jan 2024,2024-01-07,Dammam,online,bronze,27,41.68,0.027,33.66,0.0,1121.84,0
101099,02/17/2024,2024-02-29,Abha,store,bronze,15,60.26,0.246,20.18,0.0,672.67,0
100444,22 Mar 2024,2024-03-25,Riyadh,online,silver,33,11.62,0.248,8.56,235.87,285.47,1
104444,2025-06-15,2025-06-22,Tabuk,store,bronze,29,23.31,0.171,16.96,0.0,565.28,0
104098,25 May 2025,2025-05-29,DAMMAM,online,silver,26,58.81,0.194,36.35,0.0,1211.75,0
100909,22 Jan 2025,2025-01-28,riyadh,online,silver,20,16.58,0.139,8.44,142.81,281.26,1
101324,2025/03/21,2025-04-02,Abha,store,gold,30,62.0,,38.06,0.0,1268.83,0
104300,25 Apr 2024,2024-05-06,Dammam,online,gold,20,14.54,0.32,6.06,0.0,202.0,0
104562,2024/02/10,2024-02-18,Riyadh ,store,silver,23,33.66,,17.08,0.0,569.27,0
100201,01/17/2025,2025-01-19,Dammam,online,bronze,38,16.16,0.024,17.74,0.0,591.26,0
104572,2024/01/02,2024-01-15,Abha,store,bronze,30,53.89,0.144,40.54,0.0,1351.45,0
102394,2025-01-27,2025-02-10,Riyadh,online,silver,17,19.87,0.09,9.47,0.0,315.8,0
100110,09/18/2024,2024-09-22,Tabuk,phone,gold,35,72.73,,68.51,0.0,2283.52,0
102672,01/17/2024,2024-01-18,Jeddah,phone,bronze,21,144.51,,81.16,0.0,2705.43,0
103788,25 Oct 2024,2024-10-28,Riyadh,online,gold,21,24.33,0.17,12.61,383.81,420.31,1
100816,2025-01-19,2025-01-24,Tabuk,store,gold,23,31.44,,14.08,0.0,469.28,0
100019,2024/12/12,2024-12-20,abha,store,bronze,6,31.15,0.132,4.75,0.0,158.28,0
102126,2025-06-20,2025-06-27,Jeddah,online,gold,6,141.61,0.219,20.9,0.0,696.68,0
103727,09/24/2024,2024-09-29,Tabuk,online,gold,33,51.65,0.227,38.02,0.0,1267.41,0
100346,24 Feb 2025,2025-03-10,Abha,online,silver,29,34.29,,24.58,0.0,819.38,0
101030,2024-10-18,2024-11-01,Jeddah,online,bronze,29,49.89,0.296,29.69,0.0,989.57,0
104068,10/05/2024,2024-10-14,dammam ,store,bronze,6,35.73,0.104,5.85,0.0,195.16,0
104135,2024/03/07,2024-03-10, Jeddah,online,silver,26,13.85,,6.73,145.43,224.35,1
101493,2025-01-31,2025-02-09,DAMMAM,online,bronze,34,53.61,0.097,49.59,0.0,1653.16,0
102924,2024-02-12,2024-02-21,Dammam,online,silver,30,78.02,0.106,62.02,1743.98,2067.26,1
102942,2024-07-19,2024-08-01,Riyadh,store,gold,9,17.83,,3.49,0.0,116.2,0
102341,2024/10/30,2024-11-12,Riyadh,online,silver,35,34.21,0.168,30.54,825.05,1017.93,1
101776,2024-12-25,2024-12-26,Jeddah,online,silver,29,77.12,0.069,61.57,0.0,2052.24,0
102145,2024-02-17,2024-02-26,Riyadh,online,silver,3,24.71,0.177,1.76,0.0,58.72,0
104607,2024-04-10,2024-04-20,Abha,phone,bronze,4,94.68,,10.54,0.0,351.46,0
104621,2024-06-17,2024-06-20,Riyadh,store,silver,12,18.39,0.186,5.5,0.0,183.2,0
104615,2025-03-08,2025-03-16,Riyadh,online,bronze,9,34.81,,7.62,0.0,254.11,0
100514,27 Apr 2024,2024-05-07,Riyadh,online,bronze,13,169.85,0.077,59.27,783.97,1975.69,1
102714,07/17/2024,2024-07-28,riyadh,online,bronze,36,88.48,0.167,78.37,0.0,2612.45,0
103547,03/29/2024,2024-04-03,JEDDAH,phone,bronze,17,52.23,,21.3,0.0,709.87,0
103179,2024-05-17,2024-05-20,riyadh,store,bronze,27,64.2,0.024,50.89,0.0,1696.3,0
104520,09/01/2024,2024-09-15,Riyadh,online,bronze,18,51.83,0.035,26.69,300.23,889.75,1
102011,04/19/2025,2025-04-27,Riyadh,online,bronze,38,19.94,0.196,18.09,32.07,602.95,1
101029,06/30/2025,2025-07-03,Dammam,online,bronze,28,50.96,0.235,32.37,740.56,1079.01,1
103495,2024-08-10,2024-08-14,Riyadh,store,gold,28,195.95,0.188,136.9,0.0,4563.46,0
102159,2024/12/24,2025-01-04, Jeddah,phone,bronze,30,65.22,,46.86,51.81,1561.91,1
104124,23 Jan 2025,2025-02-04,Jeddah,online,bronze,33,102.32,0.024,97.85,0.0,3261.66,0
101079,2025-04-30,2025-05-13,Dammam,online,bronze,26,101.93,0.139,66.11,2193.24,2203.54,1
104578,05/08/2024,2024-05-20,Riyadh,store,silver,22,12.93,0.108,7.58,0.0,252.57,0
103059,05/03/2025,2025-05-15,Riyadh,online,silver,33,30.18,0.142,25.52,0.0,850.59,0
103466,07/12/2024,2024-07-20,Abha,online,silver,34,40.67,0.092,38.39,996.62,1279.56,1
103423,09/02/2024,2024-09-11,Dammam,online,gold,36,69.15,0.203,58.73,0.0,1957.77,0
102395,05/05/2025,2025-05-16,JEDDAH,store,bronze,40,32.7,0.102,35.28,146.83,1176.1,1
103349,2024-01-04,2024-01-12,DAMMAM,store,silver,2,62.58,,2.46,0.0,82.08,0
101668,09/26/2024,2024-10-06,Riyadh,online,bronze,3,32.13,0.2,2.32,77.13,77.48,1
100061,2025/02/16,2025-02-21,DAMMAM,store,gold,35,30.78,,21.55,0.0,718.19,0
101078,11/08/2024,2024-11-16,Jeddah,store,silver,27,39.25,0.189,26.43,0.0,880.96,0
103883,2024/06/03,2024-06-12,Dammam,online,gold,21,34.9,,15.11,0.0,503.54,0
100880,1 Oct 2024,2024-10-04,Jeddah,online,silver,35,72.25,0.1,68.87,65.03,2295.72,1
103194,2025-03-30,2025-04-02,Dammam,online,bronze,19,31.93,0.086,16.59,0.0,552.86,0
102566,2025/03/31,2025-04-05,Jeddah,online,gold,38,26.79,0.186,25.39,370.49,846.43,1
104327,02/26/2024,2024-03-05,Riyadh,online,silver,12,13.65,0.133,4.19,0.0,139.56,0
103228,2024/02/08,2024-02-12,riyadh,online,bronze,25,50.77,0.15,32.63,690.55,1087.73,1
103694,06/19/2025,2025-07-02,Jeddah,online,gold,14,27.72,0.148,10.31,0.0,343.65,0
101775,2025-04-06,2025-04-14,Dammam,online,silver,10,27.69,0.149,6.91,0.0,230.29,0
102413,2024/04/13,2024-04-16,JEDDAH,online,silver,4,23.46,0.146,2.39,0.0,79.82,0
103749,2024/11/23,2024-12-03,Riyadh,online,silver,15,29.24,0.115,11.74,0.0,391.46,0
103012,2024-04-16,2024-04-28,tabuk,online,silver,17,88.07,,27.64,0.0,921.47,0
101455,2025-03-28,2025-04-11,JEDDAH,online,gold,3,26.78,0.145,2.06,0.0,68.61,0
102622,2024-03-18,2024-03-31,TABUK ,online,bronze,15,13.24,0.127,5.26,0.0,175.35,0
104391,02/05/2024,2024-02-11,Riyadh,online,silver,21,9.48,,4.39,0.0,146.46,0
102822,2024-09-21,2024-10-04,Dammam,online,bronze,32,32.63,0.093,29.72,0.0,990.77,0
102876,2024-09-10,2024-09-15,Riyadh ,store,bronze,19,30.15,0.114,15.01,0.0,500.24,0
102439,12/27/2024,2025-01-10,Jeddah,online,silver,19,135.49,0.169,62.01,0.0,2067.05,0
100892,6 Jun 2025,2025-06-11,tabuk,online,gold,26,25.24,0.19,16.1,0.0,536.75,0
102355,08/29/2024,2024-09-12,Jeddah,store,bronze,7,44.29,0.128,8.0,0.0,266.65,0
104712,2025-03-26,2025-03-29,Riyadh,online,bronze,37,19.11,0.045,20.14,0.0,671.18,0
100024,2024/08/29,2024-09-11,tabuk,online,silver,33,28.34,0.194,22.71,0.0,756.99,0
100163,11 Sep 2024,2024-09-20,Riyadh,store,bronze,29,14.52,0.031,11.79,0.0,392.86,0
102803,2024-05-13,2024-05-27,Riyadh,store,silver,26,21.81,0.197,13.44,0.0,448.11,0
102776,07/15/2024,2024-07-20,JEDDAH,phone,bronze,35,38.85,,34.64,0.0,1154.61,0
103320,18 Dec 2024,2024-12-20,Riyadh,phone,silver,33,31.32,,26.65,0.0,888.39,0
102021,2024-12-21,2024-12-24,Dammam,online,bronze,2,14.41,0.018,0.88,0.0,29.35,0
101816,06/21/2025,2025-07-01,Jeddah,online,silver,35,32.79,0.215,27.14,128.64,904.67,1
104241,2025-01-02,2025-01-12,Abha,store,bronze,28,37.7,0.194,25.35,0.0,845.01,0
101111,4 Jun 2025,2025-06-17,Riyadh,online,bronze,39,48.57,0.248,43.93,766.66,1464.47,1
101575,12/24/2024,2024-12-25,Riyadh,online,silver,40,67.25,,67.78,2164.48,2259.34,1
104734,11/30/2024,2024-12-14,Riyadh,phone,silver,36,120.36,,76.19,0.0,2539.59,0
104190,02/20/2025,2025-02-24,Jeddah,online,bronze,19,61.1,0.18,30.2,100.24,1006.8,1
103241,2024/09/22,2024-09-30,Tabuk,online,bronze,1,41.95,0.114,1.1,0.0,36.56,0
102593,16 Jul 2024,2024-07-20,Dammam,online,silver,20,10.52,0.27,4.55,30.7,151.68,1
102845,09/29/2024,2024-10-13,Riyadh ,online,gold,16,29.41,0.204,11.32,0.0,377.49,0
101996,18 Nov 2024,2024-11-27,Dammam,store,bronze,39,68.88,0.246,60.76,0.0,2025.19,0
101579,03/15/2025,2025-03-20,Tabuk,online,silver,25,39.8,0.127,25.75,0.0,858.36,0
103367,02/21/2024,2024-03-01,Dammam,store,gold,39,25.13,0.112,26.32,0.0,877.24,0
102808,2024-03-28,2024-04-11,Dammam,online,bronze,16,109.8,0.026,50.28,320.81,1675.91,1
104863,2024/10/08,2024-10-15,Riyadh,phone,silver,33,41.4,,30.39,426.86,1012.87,1
104604,05/04/2025,2025-05-14,Dammam,store,silver,23,23.38,,10.84,0.0,361.48,0
104100,2024/09/21,2024-09-22,Tabuk,phone,bronze,35,26.47,,18.92,0.0,630.52,0
100445,02/13/2025,2025-02-19,Riyadh,store,bronze,27,15.8,0.123,10.98,0.0,365.98,0
101582,31 Aug 2024,2024-09-04,riyadh,online,silver,2,8.73,0.301,0.35,12.2,11.53,1
102472,30 Aug 2024,2024-08-31,Abha,phone,silver,13,55.93,,19.7,349.24,656.8,1
104014,2025-02-09,2025-02-15,Riyadh,online,bronze,18,69.81,0.151,32.28,177.88,1076.09,1
101253,2024/11/29,2024-12-09,riyadh,store,bronze,15,10.31,0.26,3.39,0.0,112.9,0
103635,2025-01-11,2025-01-13,Jeddah,online,bronze,22,53.79,,24.12,0.0,804.14,0
102765,01/08/2024,2024-01-12,Riyadh,store,bronze,34,61.42,0.206,50.5,0.0,1683.41,0
100805,2024-05-10,2024-05-11,Riyadh,store,gold,33,26.66,,17.76,0.0,591.98,0
103862,28 May 2024,2024-06-01,Riyadh,store,silver,6,6.98,0.144,1.07,0.0,35.65,0
104715,2024/10/15,2024-10-22,Jeddah,online,gold,21,76.16,,32.02,0.0,1067.41,0
104703,11/09/2024,2024-11-16,Jeddah,store,bronze,5,16.58,0.167,2.09,0.0,69.69,0
103061,05/03/2025,2025-05-15,Jeddah,online,silver,17,43.08,0.117,19.8,0.0,659.87,0
101335,2025-01-31,2025-02-01,Tabuk,online,silver,35,34.07,,19.24,0.0,641.34,0
104714,02/22/2024,2024-03-04,Tabuk,online,bronze,28,23.86,0.124,17.07,376.07,569.16,1
102440,2025-05-26,2025-06-01,Dammam,store,bronze,13,17.66,,5.99,0.0,199.51,0
100820,2025-06-18,2025-06-24,Riyadh,online,bronze,39,30.03,,32.83,372.07,1094.2,1
102464,7 May 2024,2024-05-21,Jeddah,store,gold,40,43.65,0.232,40.33,0.0,1344.28,0
103321,2024-02-26,2024-03-09,Riyadh,online,silver,8,81.82,0.109,17.42,0.0,580.65,0
100472,03/26/2024,2024-03-27,JEDDAH,store,bronze,26,20.6,0.025,15.96,0.0,532.02,0
104873,2024/07/17,2024-07-28,Dammam,store,bronze,7,107.01,0.182,18.51,0.0,617.05,0
102158,03/02/2024,2024-03-11,riyadh,store,bronze,32,29.17,0.114,24.87,335.98,828.92,1
103428,3 Jun 2024,2024-06-17,Abha,online,silver,17,4.85,0.05,2.29,0.0,76.23,0
101684,24 Mar 2024,2024-04-03,Riyadh ,online,silver,13,37.29,0.365,9.15,165.73,304.92,1
100396,2024/06/05,2024-06-13,JEDDAH,online,bronze,37,54.73,0.024,61.72,0.0,2057.44,0
104646,3 Apr 2025,2025-04-11,Tabuk,phone,gold,23,43.14,,25.18,0.0,839.35,0
100439,10/07/2024,2024-10-12,Dammam,store,silver,12,54.76,,12.53,0.0,417.82,0
103936,2024/09/27,2024-10-04,Riyadh,online,silver,24,65.5,0.201,38.36,0.0,1278.78,0
103829,2024/01/18,2024-01-25,Tabuk,store,gold,26,33.32,0.226,20.63,516.04,687.71,1
102596,2025-05-02,2025-05-03,Tabuk,online,bronze,37,74.8,0.085,78.37,0.0,2612.47,0
103554,2025-01-27,2025-01-28,Jeddah,store,bronze,17,83.66,0.161,34.74,0.0,1158.08,0
102293,2024-08-04,2024-08-14,dammam ,online,bronze,40,35.24,0.118,36.48,0.0,1215.97,0
103605,01/19/2024,2024-01-29,TABUK ,online,bronze,12,64.29,0.018,22.58,694.56,752.8,1
102012,2 Jun 2025,2025-06-08,Riyadh,online,silver,32,47.99,0.158,38.5,0.0,1283.32,0
101065,2024/01/24,2024-01-31,Riyadh,online,silver,10,60.37,0.093,16.31,0.0,543.53,0
103754,2025/03/22,2025-03-26,Dammam,online,gold,4,20.63,0.22,1.95,0.0,64.98,0
103421,2024-06-04,2024-06-12,abha,online,silver,16,202.85,0.15,80.78,0.0,2692.62,0
103398,2024-02-27,2024-03-12,riyadh,online,silver,31,41.19,0.2,31.0,0.0,1033.32,0
100398,05/16/2025,2025-05-25,riyadh,store,bronze,39,61.29,0.045,68.94,1989.23,2298.01,1
101762,19 Aug 2024,2024-08-29,riyadh,online,bronze,10,48.3,,14.13,0.0,471.08,0
103377,2025-04-27,2025-05-03,riyadh,online,gold,20,38.95,0.12,20.22,0.0,673.88,0
100108,03/16/2025,2025-03-25,Riyadh,store,bronze,24,35.51,0.022,25.47,0.0,848.98,0
101353,11/08/2024,2024-11-11,riyadh,online,bronze,25,70.88,0.081,50.1,0.0,1669.92,0
103441,2025-01-04,2025-01-06,Riyadh,store,gold,4,66.13,0.121,7.0,0.0,233.31,0
103537,2025-05-12,2025-05-26,Riyadh ,online,bronze,11,119.56,0.078,36.28,220.39,1209.49,1
100357,2024/10/23,2024-11-04,Dammam,phone,silver,23,27.28,,17.97,0.0,599.03,0
104347,2025/06/13,2025-06-27,DAMMAM,store,bronze,11,50.01,0.192,12.96,80.77,432.02,1
103446,2025/04/29,2025-05-13,Riyadh,online,bronze,8,72.23,0.277,12.5,417.78,416.53,1
100631,03/22/2025,2025-03-24,Tabuk,store,bronze,17,35.68,0.056,17.1,0.0,569.9,0
100536,10 Mar 2025,2025-03-21,Riyadh,store,gold,37,9.24,0.149,8.58,0.0,285.97,0
101171,2024/09/21,2024-10-02,Jeddah,online,silver,1,40.5,0.073,1.12,0.0,37.19,0
103479,2024/11/18,2024-11-27,tabuk,online,bronze,38,36.53,0.062,40.19,0.0,1339.79,0
100295,24 Dec 2024,2025-01-03,Abha,store,gold,22,12.88,,5.66,0.0,188.66,0
100450,08/01/2024,2024-08-05,Dammam,online,silver,10,20.96,0.085,5.65,0.0,188.36,0
102889,2024-06-10,2024-06-23,Riyadh ,online,bronze,4,51.37,0.05,5.65,0.0,188.26,0
104233,2024-05-11,2024-05-13,Dammam,store,silver,15,40.92,0.224,14.54,0.0,484.6,0
100636,2025-01-28,2025-02-02,Riyadh ,online,gold,20,8.65,0.163,4.38,43.45,145.89,1
101595,06/12/2024,2024-06-25,Abha,online,gold,26,12.32,,7.01,0.0,233.51,0
100263,2024/06/20,2024-06-26,Riyadh,online,bronze,37,21.13,0.116,21.04,0.0,701.18,0
104563,2025-01-21,2025-01-27,riyadh,phone,bronze,31,27.55,,23.03,0.0,767.53,0
101711,2024/06/09,2024-06-22,Abha,online,bronze,37,20.93,0.067,21.54,0.0,718.03,0
100177,29 Apr 2025,2025-05-02,Jeddah,online,silver,23,37.59,,17.51,0.0,583.72,0
103873,2024/09/05,2024-09-18,riyadh,phone,gold,27,77.65,,46.54,0.0,1551.26,0
100005,2024-01-08,2024-01-21,Riyadh ,online,bronze,15,15.29,0.253,5.26,171.36,175.35,1
103821,2024/12/26,2024-12-31,Dammam,online,bronze,17,22.82,0.21,8.91,0.0,297.09,0
101392,07/26/2024,2024-07-31,Abha,online,silver,17,60.34,0.098,27.13,272.0,904.4,1
102296,29 Sep 2024,2024-10-05,Riyadh,store,silver,39,19.9,,19.23,0.0,641.1,0
102861,2024-03-01,2024-03-12,Jeddah,store,bronze,36,131.48,0.151,120.84,0.0,4028.11,0
103960,14 Sep 2024,2024-09-17,Jeddah,online,bronze,21,70.4,,37.58,0.0,1252.7,0
103984,2024-05-31,2024-06-13,Riyadh,store,silver,22,47.67,0.173,26.02,0.0,867.33,0
100825,2025/06/13,2025-06-14,Abha,online,silver,3,109.28,0.161,8.31,0.0,277.11,0
104192,2024-12-01,2024-12-09,Dammam,store,silver,12,54.93,0.191,15.51,0.0,516.99,0
102118,07/02/2024,2024-07-15,Riyadh,online,silver,4,25.91,0.089,2.82,0.0,94.0,0
100111,05/25/2025,2025-06-07,Jeddah,online,bronze,5,43.81,0.109,5.87,0.0,195.68,0
104730,04/15/2024,2024-04-18,Jeddah,online,silver,14,4.45,0.118,1.73,0.0,57.75,0
100924,08/07/2024,2024-08-21,Jeddah,store,gold,21,17.57,0.134,9.79,167.28,326.26,1
100776,2024-05-04,2024-05-16,Abha,online,bronze,9,23.49,0.051,5.68,0.0,189.45,0
102888,2024-09-22,2024-10-06,Tabuk,online,gold,5,17.52,0.247,1.97,65.95,65.81,1
101475,01/04/2024,2024-01-15,Jeddah,store,bronze,19,12.24,0.075,6.59,45.27,219.76,1
100995,2025-06-30,2025-07-14,Tabuk,store,silver,19,33.96,0.23,14.45,0.0,481.63,0
102157,03/05/2024,2024-03-08,Riyadh,store,silver,23,33.47,0.102,20.32,0.0,677.23,0
104493,2024-02-08,2024-02-10,Tabuk,store,silver,26,26.28,0.19,16.47,0.0,548.85,0
102211,06/27/2024,2024-07-08,Tabuk,store,silver,24,23.18,0.243,12.86,0.0,428.71,0
100487,2024/05/31,2024-06-10,Jeddah,online,silver,2,33.4,,1.45,23.86,48.46,1
103065,12/12/2024,2024-12-16,Jeddah,store,silver,14,14.77,0.305,4.3,0.0,143.21,0
102781,01/28/2025,2025-02-02,Riyadh,online,silver,8,41.46,0.218,7.58,0.0,252.56,0
100723,4 Jan 2024,2024-01-10,Riyadh ,store,silver,30,64.19,0.12,51.79,0.0,1726.25,0
100385,2024-03-21,2024-03-29,Jeddah,online,silver,7,15.24,0.278,2.33,0.0,77.83,0
103456,2024/12/09,2024-12-19,Abha,online,bronze,20,11.01,0.246,5.04,116.28,168.15,1
101510,2024/02/14,2024-02-19,Dammam,online,bronze,32,38.72,0.029,37.19,639.13,1239.74,1
104866,2024-05-08,2024-05-18,riyadh,online,silver,38,51.54,,56.32,0.0,1877.4,0
101781,31 Mar 2025,2025-04-09,Riyadh,store,gold,38,37.25,0.202,34.47,713.51,1148.92,1
103106,2025-05-13,2025-05-19,Dammam,phone,silver,35,9.31,,7.72,198.41,257.46,1
100610,2024/05/07,2024-05-21,JEDDAH,phone,bronze,12,42.63,,14.35,0.0,478.44,0
100586,12/23/2024,2024-12-24,dammam ,store,bronze,26,28.54,0.104,18.93,0.0,630.91,0
104167,2024-11-27,2024-12-03,Riyadh,online,silver,11,55.83,0.244,14.2,0.0,473.34,0
101753,09/02/2024,2024-09-15,tabuk,store,bronze,27,13.9,0.147,9.69,0.0,322.98,0
103036,12/15/2024,2024-12-21,DAMMAM,store,bronze,31,68.24,0.114,55.67,0.0,1855.79,0
100086,2024/02/24,2024-03-09,Riyadh,store,silver,1,54.8,,1.08,0.0,36.13,0
102974,24 Feb 2025,2025-02-26,Tabuk,phone,silver,12,34.44,,9.88,0.0,329.29,0
102529,2024-08-18,2024-08-21,Abha,phone,silver,21,61.52,,30.6,95.98,1019.95,1
104845,2024-09-21,2024-10-01,Jeddah,phone,bronze,26,15.63,,8.46,0.0,282.07,0
101846,2024/04/19,2024-04-23,Dammam,online,gold,18,59.84,0.342,20.63,0.0,687.61,0
101090,03/23/2025,2025-03-30,JEDDAH,online,gold,19,52.66,0.125,26.2,0.0,873.19,0
104471,2024/04/22,2024-05-03,TABUK ,phone,bronze,34,61.27,,55.1,0.0,1836.54,0
103031,15 Jan 2025,2025-01-24,abha,store,silver,29,31.94,0.242,21.42,0.0,714.0,0
101325,05/27/2024,2024-06-09,Riyadh,online,bronze,24,18.4,0.022,13.24,0.0,441.31,0
102868,2025-06-19,2025-07-03,Jeddah,online,bronze,3,10.49,0.049,0.86,0.0,28.82,0
103099,07/05/2024,2024-07-09,Riyadh ,store,bronze,34,44.56,0.116,39.56,1300.53,1318.66,1
100015,05/12/2025,2025-05-16,Jeddah,store,bronze,25,27.39,0.16,16.96,0.0,565.42,0
103242,2025/03/23,2025-04-06,Jeddah,store,bronze,18,40.56,0.062,20.68,0.0,689.31,0
104655,2025-06-25,2025-07-05, Jeddah,online,bronze,26,16.34,0.063,11.99,260.36,399.59,1
104086,01/01/2025,2025-01-14,Tabuk,online,silver,5,80.27,,8.78,0.0,292.62,0
101993,29 Mar 2024,2024-03-31,Riyadh,store,bronze,8,32.66,0.106,6.94,0.0,231.4,0
102801,2024-02-06,2024-02-11,tabuk,online,bronze,22,57.42,0.066,34.24,0.0,1141.47,0
101852,03/05/2024,2024-03-14,Tabuk,online,bronze,17,8.49,0.06,3.99,0.0,133.03,0
101612,2024-08-07,2024-08-11,Dammam,online,silver,33,73.65,0.224,55.16,228.73,1838.52,1
101194,9 Jan 2025,2025-01-10,Tabuk,store,silver,15,65.14,0.102,26.53,0.0,884.28,0
103929,2024/12/24,2024-12-29,Riyadh ,online,silver,10,62.2,0.188,14.82,0.0,493.94,0
100341,30 Oct 2024,2024-11-08,Riyadh,phone,bronze,12,25.52,,7.69,0.0,256.49,0
102488,2024/09/20,2024-09-27,abha,store,silver,37,60.92,0.15,57.52,0.0,1917.29,0
100424,2025-04-22,2025-04-30,Riyadh,online,bronze,9,51.99,0.104,12.94,0.0,431.41,0
103678,01/09/2025,2025-01-17,JEDDAH,online,gold,5,65.61,0.186,8.0,0.0,266.74,0
102501,29 Jan 2024,2024-02-09,Riyadh,online,gold,16,28.04,0.309,9.28,0.0,309.5,0
102662,2024-08-07,2024-08-08,Jeddah,online,bronze,16,95.03,0.165,37.15,476.33,1238.25,1
102757,2 Jun 2025,2025-06-09,Abha,online,bronze,35,35.76,0.102,35.08,192.63,1169.24,1
100173,27 Jan 2025,2025-01-30,Riyadh,online,gold,27,25.6,0.205,16.54,0.0,551.3,0
103658,31 Mar 2025,2025-04-14, Jeddah,online,bronze,17,38.83,0.048,19.21,0.0,640.2,0
100294,2024/12/30,2025-01-09,Riyadh,online,bronze,38,26.93,0.212,24.51,551.92,817.15,1
102950,8 Jan 2025,2025-01-22,Abha,online,bronze,15,42.54,0.091,17.24,0.0,574.64,0
103795,2024-12-27,2024-12-30,Jeddah,phone,gold,18,9.6,,4.2,0.0,139.89,0
100889,2024/01/13,2024-01-20,Riyadh,online,silver,37,38.84,0.231,32.93,0.0,1097.74,0
100573,26 Jun 2025,2025-07-02,JEDDAH,store,silver,26,89.36,0.27,51.09,0.0,1703.01,0
100696,2024/02/29,2024-03-02,Jeddah,store,bronze,9,25.39,0.231,5.35,0.0,178.3,0
102821,2025-04-23,2025-04-26,Riyadh,online,silver,17,21.53,0.081,9.83,0.0,327.8,0
103726,8 May 2024,2024-05-10,Abha,phone,bronze,11,12.69,,4.21,62.99,140.22,1
100831,2024/08/28,2024-09-03,dammam ,online,bronze,40,40.19,0.178,39.55,396.33,1318.19,1
104165,2024-08-02,2024-08-09,Dammam,store,bronze,3,42.03,0.093,3.5,0.0,116.57,0
100210,09/08/2024,2024-09-15,Jeddah,online,bronze,1,25.35,0.039,0.74,0.0,24.55,0
103173,10/10/2024,2024-10-15,DAMMAM,online,bronze,30,29.61,,19.82,351.42,660.6,1
102642,2024/11/01,2024-11-09,Dammam,store,gold,18,65.51,0.192,27.47,0.0,915.66,0
104567,2024-08-03,2024-08-15,Dammam,online,bronze,16,136.13,0.063,62.29,0.0,2076.37,0
103986,25 Jan 2024,2024-01-28,Riyadh,phone,bronze,36,42.66,,45.55,502.15,1518.21,1
103934,7 Mar 2024,2024-03-18,Riyadh ,online,silver,29,22.97,0.314,12.95,0.0,431.8,0
100271,03/05/2024,2024-03-12,Riyadh,store,bronze,27,44.14,0.021,34.63,561.7,1154.34,1
102683,5 May 2025,2025-05-17,Riyadh,online,gold,17,105.25,0.19,42.22,0.0,1407.23,0
104740,2025/01/27,2025-02-02,dammam ,phone,silver,36,25.49,,20.6,627.32,686.55,1
101320,27 Dec 2024,2025-01-03,abha,store,bronze,30,35.31,0.168,26.56,0.0,885.24,0
103999,3 May 2025,2025-05-06,Riyadh,online,silver,5,55.53,0.086,7.7,0.0,256.64,0
103028,13 Jan 2025,2025-01-17,abha,store,bronze,32,37.6,,25.48,0.0,849.36,0
104521,06/28/2025,2025-07-02,Riyadh,online,silver,23,37.53,0.107,23.28,0.0,776.14,0
101563,4 Mar 2024,2024-03-07,TABUK ,online,bronze,21,51.33,,30.1,0.0,1003.31,0
104787,2025-04-19,2025-04-20,Riyadh ,online,silver,25,15.18,0.24,9.0,0.0,300.02,0
103891,18 Jan 2025,2025-01-28,Riyadh,store,gold,6,41.07,,4.13,0.0,137.72,0
101326,08/22/2024,2024-08-31,Abha,phone,silver,36,8.12,,7.44,0.0,247.88,0
102232,9 Oct 2024,2024-10-17,Dammam,online,silver,28,22.0,0.136,15.7,0.0,523.19,0
101219,2024-03-11,2024-03-22,Dammam,online,silver,23,52.31,0.127,32.79,0.0,1093.08,0
100387,2024/06/08,2024-06-21,Dammam,online,bronze,11,47.48,0.183,12.79,194.06,426.18,1
100539,2025-05-25,2025-06-04,Riyadh,store,silver,24,74.09,0.147,44.06,0.0,1468.62,0
100720,2025/01/26,2025-02-08,Tabuk,phone,bronze,26,28.83,,18.67,0.0,622.31,0
100075,08/07/2024,2024-08-09,Riyadh,store,silver,38,32.27,0.159,30.19,0.0,1006.34,0
102073,04/17/2025,2025-04-27,Riyadh,store,bronze,16,38.96,0.073,16.9,0.0,563.18,0
104231,30 Dec 2024,2025-01-01,tabuk,store,bronze,8,31.27,0.135,6.32,0.0,210.57,0
104605,12/19/2024,2025-01-02,dammam ,online,silver,11,15.38,0.147,4.21,0.0,140.39,0
102842,11/22/2024,2024-11-28, Jeddah,phone,bronze,33,5.27,,4.02,0.0,133.96,0
101112,2024/01/12,2024-01-19,Jeddah,online,silver,40,85.01,,73.56,0.0,2452.03,0
101499,2025/02/07,2025-02-12,Jeddah,online,bronze,25,56.43,,28.79,154.02,959.51,1
101503,2024/07/19,2024-07-29,Jeddah,online,bronze,22,44.74,0.063,28.39,0.0,946.23,0
104058,2025-03-12,2025-03-21,Tabuk,store,silver,16,86.53,0.177,35.26,0.0,1175.21,0
103869,2025-03-29,2025-04-05,dammam ,phone,bronze,38,18.63,,18.66,371.43,622.08,1
101700,2025-06-18,2025-07-01,DAMMAM,online,bronze,17,46.5,,17.57,0.0,585.51,0
101702,2024/11/14,2024-11-28,Tabuk,online,silver,27,23.63,,11.01,320.69,367.16,1
104029,2024/05/09,2024-05-21,Jeddah,online,silver,39,67.12,0.236,59.38,153.85,1979.38,1
104416,24 Feb 2024,2024-02-28,Dammam,online,silver,39,131.43,0.071,144.53,2441.63,4817.79,1
101528,11/16/2024,2024-11-22,Jeddah,phone,silver,3,125.68,,7.02,0.0,234.13,0
101491,04/12/2025,2025-04-14,Riyadh ,online,bronze,6,45.28,0.102,7.32,81.34,244.12,1
100418,18 Dec 2024,2024-12-28,Dammam,store,silver,1,34.34,0.122,0.93,0.0,30.87,0
100663,10 Jan 2024,2024-01-13,Riyadh,online,silver,4,123.63,0.138,13.1,0.0,436.53,0
101927,02/10/2024,2024-02-21,Jeddah,online,bronze,36,41.16,0.16,36.03,622.12,1200.93,1
104824,2024-01-20,2024-01-23,Dammam,store,bronze,22,62.33,0.086,36.12,0.0,1204.01,0
102334,16 Nov 2024,2024-11-17,Riyadh,online,bronze,39,10.62,0.25,9.03,0.0,301.03,0
103775,2025-06-21,2025-07-01,Abha,store,bronze,29,85.01,0.037,70.55,0.0,2351.62,0
103834,07/09/2024,2024-07-12,JEDDAH,online,silver,20,26.26,0.215,12.63,0.0,421.1,0
101951,2025/01/31,2025-02-06,Tabuk,store,gold,6,208.54,0.19,30.15,0.0,1004.99,0
104575,3 Feb 2024,2024-02-04,Abha,online,silver,14,21.82,,6.92,0.0,230.8,0
103930,01/27/2025,2025-01-30,tabuk,online,bronze,24,60.77,0.252,32.18,0.0,1072.59,0
101400,08/26/2024,2024-09-03,Jeddah,online,bronze,38,15.07,0.176,14.15,173.8,471.74,1
100389,2025-01-15,2025-01-27,Riyadh ,online,silver,12,81.94,0.3,20.63,0.0,687.7,0
103478,2024-06-16,2024-06-20,Tabuk,store,bronze,8,32.2,0.023,7.78,0.0,259.44,0
103095,3 Dec 2024,2024-12-16,JEDDAH,phone,gold,33,44.71,,37.78,0.0,1259.49,0
104672,02/16/2024,2024-02-19,Riyadh,store,silver,34,60.29,0.217,49.21,1226.84,1640.25,1
104134,2025-03-04,2025-03-08,Jeddah,online,silver,20,38.68,0.15,19.6,0.0,653.3,0
102701,21 Jul 2024,2024-08-03,Dammam,store,silver,25,21.14,0.114,14.45,0.0,481.83,0
103312,18 Mar 2024,2024-03-21,tabuk,online,silver,37,35.0,,26.96,0.0,898.5,0
103711,2025/01/13,2025-01-25,Abha,store,bronze,20,131.88,0.18,65.75,1621.65,2191.78,1
103917,02/22/2024,2024-03-05,Jeddah,online,silver,18,129.99,0.208,55.02,824.02,1833.86,1
102170,29 Jan 2024,2024-02-12,Jeddah,store,bronze,20,48.76,0.319,20.18,0.0,672.62,0
103403,02/09/2025,2025-02-16,Jeddah,store,silver,13,54.33,,13.47,0.0,448.85,0
101697,12 Dec 2024,2024-12-19,Riyadh,online,bronze,15,117.01,0.131,47.21,0.0,1573.71,0
103975,08/24/2024,2024-09-03,Riyadh,store,silver,29,51.16,0.167,36.22,0.0,1207.23,0
104558,2025-03-19,2025-03-27,dammam ,store,silver,6,38.6,,4.83,0.0,161.01,0
101656,2024/12/05,2024-12-16,Jeddah,store,bronze,40,70.77,0.249,62.62,0.0,2087.27,0
103700,2024-05-25,2024-06-03,Jeddah,online,bronze,40,32.59,0.246,30.17,196.5,1005.78,1
101097,06/22/2025,2025-07-03,riyadh,store,bronze,29,80.99,0.033,65.67,0.0,2189.16,0
100186,2025/01/07,2025-01-21,Dammam,online,silver,20,21.41,0.125,11.38,0.0,379.4,0
100364,03/05/2024,2024-03-10,Riyadh,online,silver,28,19.04,0.063,14.52,0.0,484.05,0
102640,18 May 2025,2025-05-20,Riyadh,store,bronze,39,22.24,0.106,23.38,0.0,779.18,0
103475,2024/07/04,2024-07-16,Jeddah,store,bronze,17,7.95,,2.43,0.0,81.04,0
100182,1 Dec 2024,2024-12-12,Tabuk,online,silver,7,68.32,0.268,10.57,150.05,352.41,1
104219,10/13/2024,2024-10-20,Tabuk,phone,bronze,21,45.25,,26.01,164.04,866.96,1
103819,02/19/2024,2024-02-23,Dammam,phone,silver,36,60.05,,53.72,0.0,1790.82,0
103400,03/12/2025,2025-03-25,Dammam,online,silver,17,14.24,0.128,6.35,0.0,211.77,0
101073,30 Aug 2024,2024-09-07,Jeddah,online,bronze,25,59.31,,27.6,0.0,919.96,0
102780,08/28/2024,2024-09-06,Riyadh,store,silver,28,35.07,,21.19,0.0,706.26,0
100458,2024/07/04,2024-07-06,Jeddah,online,silver,12,14.88,0.176,4.49,0.0,149.53,0
103851,2024-11-27,2024-12-11,Jeddah,phone,bronze,7,55.22,,10.55,0.0,351.55,0
101062,09/22/2024,2024-09-24,Dammam,online,gold,12,18.8,0.213,5.25,0.0,174.85,0
104794,03/03/2024,2024-03-04,Tabuk,store,bronze,20,27.21,0.111,14.08,0.0,469.23,0
100652,2024/04/08,2024-04-20,TABUK ,online,bronze,15,35.5,0.167,13.15,414.24,438.2,1
101252,2024-09-14,2024-09-16,Riyadh,phone,silver,30,43.32,,31.38,818.78,1046.06,1
102448,2024-06-09,2024-06-17,Jeddah,online,bronze,6,58.95,0.16,9.22,0.0,307.5,0
100910,2024/06/20,2024-06-21,Riyadh,online,silver,7,116.84,0.082,22.16,0.0,738.82,0
104010,28 Jun 2024,2024-07-04,Dammam,online,bronze,32,118.32,0.07,104.75,2641.5,3491.51,1
100012,2024/02/12,2024-02-15,Tabuk,store,bronze,31,32.51,,20.76,0.0,692.11,0
102644,2025-04-19,2025-04-30,Abha,online,bronze,4,17.78,,1.75,0.0,58.32,0
102547,26 Jun 2025,2025-06-27,tabuk,online,bronze,32,46.63,0.176,36.89,0.0,1229.58,0
102427,07/12/2024,2024-07-26,Riyadh,online,bronze,34,30.69,0.095,28.4,0.0,946.72,0
102287,2024-02-20,2024-02-26,TABUK ,store,gold,40,20.05,0.234,18.3,0.0,610.16,0
103594,2024/07/07,2024-07-12,Riyadh,store,silver,14,45.87,0.245,14.34,103.94,477.86,1
101678,2025-02-19,2025-03-04,Jeddah,online,silver,12,51.41,,17.63,0.0,587.72,0
101054,7 Sep 2024,2024-09-20,Riyadh,store,silver,34,21.39,0.178,17.79,0.0,592.91,0
104213,30 Mar 2024,2024-04-08,Jeddah,online,silver,29,16.63,,10.39,36.92,346.33,1
101991,23 Jan 2025,2025-02-03,Riyadh,phone,bronze,19,26.81,,12.97,0.0,432.33,0
101394,03/09/2025,2025-03-13,Riyadh,store,bronze,40,38.8,0.011,45.26,0.0,1508.64,0
102005,02/07/2024,2024-02-17,Riyadh ,phone,silver,24,78.54,,49.25,0.0,1641.67,0
103208,17 Jul 2024,2024-07-28,Riyadh,online,bronze,20,134.55,0.21,65.16,2127.14,2171.96,1
101914,2024-02-19,2024-02-23,Jeddah,store,gold,39,18.11,,13.32,0.0,443.84,0
100235,2025-03-06,2025-03-11,Tabuk,online,bronze,10,47.42,0.113,12.92,126.12,430.57,1
102437,6 May 2025,2025-05-09, Jeddah,online,bronze,15,21.53,0.057,9.2,0.0,306.61,0
104616,2025-03-10,2025-03-17,Riyadh,online,bronze,1,28.83,0.172,0.71,0.0,23.73,0
103570,2024-02-19,2024-02-22,riyadh,online,bronze,24,30.32,0.092,20.8,0.0,693.48,0
101794,06/25/2025,2025-07-05,Dammam,online,gold,34,60.43,0.239,46.8,0.0,1560.13,0
103513,16 Dec 2024,2024-12-23,Tabuk,phone,bronze,20,52.24,,22.78,222.91,759.23,1
103794,01/07/2025,2025-01-11,Riyadh,phone,silver,27,41.56,,24.92,0.0,830.78,0
102032,19 Nov 2024,2024-11-29,Jeddah,store,gold,18,39.8,,13.78,0.0,459.25,0
101920,30 Oct 2024,2024-10-31,Tabuk,online,bronze,28,84.53,,68.15,0.0,2271.71,0
103409,2024/02/27,2024-03-03,Jeddah,online,silver,6,31.64,0.214,4.26,74.57,142.16,1
101966,2025/06/26,2025-07-10,Riyadh,online,bronze,5,16.62,0.123,2.16,72.85,71.99,1
103257,31 Aug 2024,2024-09-04,Riyadh,store,gold,29,44.87,0.181,31.58,0.0,1052.57,0
101500,5 May 2024,2024-05-09,Dammam,online,gold,14,47.04,0.162,16.06,0.0,535.19,0
101314,06/22/2025,2025-07-03,Riyadh,online,bronze,27,83.77,0.031,65.68,1542.64,2189.32,1
103907,2025-06-10,2025-06-15,Abha,store,bronze,24,35.26,,16.52,0.0,550.66,0
102102,2024/07/11,2024-07-17,Riyadh ,phone,silver,20,41.32,,22.2,0.0,739.95,0
101235,10 Aug 2024,2024-08-15,Riyadh,store,gold,27,46.3,0.161,31.95,0.0,1065.09,0
100139,13 Mar 2024,2024-03-15,Abha,store,gold,24,6.57,0.186,3.92,0.0,130.55,0
104559,01/03/2024,2024-01-13,Riyadh,store,silver,18,33.88,0.252,13.72,0.0,457.39,0
104303,2024-06-17,2024-06-19,Tabuk,store,bronze,2,17.15,0.071,0.93,0.0,31.14,0
101820,2025/05/24,2025-06-05,Dammam,store,bronze,2,52.55,0.058,2.98,0.0,99.36,0
104232,2024-03-17,2024-03-26,Riyadh,online,bronze,7,14.44,0.095,2.83,0.0,94.36,0
103580,2024-02-09,2024-02-14,Riyadh,online,bronze,14,56.18,0.063,21.92,0.0,730.63,0
101539,7 Aug 2024,2024-08-17,abha,store,bronze,24,52.52,,25.43,0.0,847.58,0
102532,2024-12-08,2024-12-20,dammam ,store,silver,21,18.84,0.059,11.18,319.1,372.75,1
103690,08/21/2024,2024-08-27,JEDDAH,online,bronze,26,20.47,,12.22,0.0,407.18,0
101647,2025/03/11,2025-03-16,Riyadh,store,bronze,29,124.95,0.431,61.48,0.0,2049.49,0
104449,10/20/2024,2024-10-30,Jeddah,online,bronze,2,42.95,0.276,1.91,0.0,63.51,0
101235,10 Aug 2024,2024-08-15,Riyadh,store,gold,27,46.3,0.161,31.95,0.0,1065.09,0
100621,09/24/2024,2024-10-06,Dammam,store,bronze,30,32.51,0.072,27.57,0.0,918.96,0
101151,2024-09-29,2024-10-13,Riyadh,store,silver,14,54.64,0.182,19.55,402.32,651.82,1
101197,2025/05/18,2025-05-24,Riyadh,phone,bronze,35,25.58,,22.81,0.0,760.49,0
102241,07/09/2024,2024-07-19,Riyadh,online,bronze,5,17.87,0.173,2.24,0.0,74.78,0
104445,2024-11-12,2024-11-19,Riyadh,phone,silver,38,37.42,,33.29,0.0,1109.7,0
101269,2024/09/26,2024-10-05, Jeddah,online,bronze,32,136.08,,105.95,3519.92,3531.77,1
100241,1 May 2024,2024-05-06,Abha,store,bronze,12,62.9,0.051,21.44,0.0,714.77,0
100746,2025-06-22,2025-07-01,Jeddah,store,silver,34,78.8,0.316,54.85,0.0,1828.24,0
104251,2024/06/14,2024-06-17,Jeddah,phone,bronze,22,36.9,,24.15,0.0,805.13,0
104382,2024-06-17,2024-06-18,Riyadh,online,bronze,32,68.71,0.15,55.99,350.32,1866.32,1
101715,2024/04/05,2024-04-06,Riyadh ,online,silver,2,24.67,0.198,1.19,0.0,39.57,0
101588,04/11/2024,2024-04-12,JEDDAH,online,gold,16,35.53,0.149,14.81,0.0,493.68,0
103615,30 May 2024,2024-06-09,Dammam,phone,gold,35,15.1,,12.64,0.0,421.33,0
102599,7 May 2024,2024-05-13,Tabuk,phone,bronze,39,38.26,,41.09,382.36,1369.66,1
104139,9 Jun 2025,2025-06-17,dammam ,online,bronze,39,27.18,0.073,29.06,75.62,968.58,1
104212,11 Apr 2024,2024-04-24,Jeddah,online,bronze,17,24.39,0.133,10.47,0.0,349.13,0
103574,2025/01/28,2025-02-04, Jeddah,online,bronze,34,28.76,0.138,25.64,0.0,854.83,0
100757,2025/04/05,2025-04-11,Riyadh,online,silver,25,62.74,0.091,42.29,0.0,1409.66,0
101041,23 Mar 2025,2025-04-04,Riyadh,online,silver,1,69.93,0.232,1.62,0.0,53.95,0
100442,2024-08-08,2024-08-14,Riyadh,store,silver,16,6.61,0.098,2.87,0.0,95.57,0
100285,2024/05/21,2024-05-25,Jeddah,online,bronze,38,38.85,0.003,45.09,0.0,1502.85,0
103969,23 Apr 2024,2024-05-02,JEDDAH,online,gold,22,37.89,,15.84,0.0,527.97,0
102187,2025/04/19,2025-04-27,abha,online,silver,6,39.34,0.304,4.94,0.0,164.53,0
102571,7 Mar 2024,2024-03-13,Riyadh,online,silver,29,24.85,0.195,17.6,0.0,586.7,0
100296,12/26/2024,2025-01-04,Tabuk,online,bronze,13,12.54,,4.13,0.0,137.8,0
103551,12/17/2024,2024-12-19,Abha,store,gold,16,38.59,0.319,12.58,0.0,419.37,0
102221,2025-05-18,2025-06-01,Jeddah,online,silver,22,25.73,0.066,15.81,0.0,527.0,0
100152,2025/04/05,2025-04-09,tabuk,store,silver,35,25.8,0.187,22.22,251.73,740.56,1
101505,2024-01-31,2024-02-02,Abha,online,silver,6,16.86,0.161,2.66,70.72,88.54,1
102277,08/23/2024,2024-08-27, Jeddah,online,bronze,37,84.92,0.035,91.02,0.0,3033.93,0
101659,2024-03-08,2024-03-16,Jeddah,store,bronze,6,54.54,0.376,5.93,0.0,197.73,0
101173,2024/07/11,2024-07-25,riyadh,store,bronze,40,33.15,0.068,38.22,0.0,1273.99,0
104455,23 Jun 2025,2025-07-03,Jeddah,online,bronze,40,32.94,0.245,29.19,646.93,973.08,1
101186,12 Sep 2024,2024-09-19,abha,phone,silver,15,42.67,,18.05,0.0,601.79,0
101444,2025-06-26,2025-07-10,Riyadh,online,gold,7,30.73,0.317,4.38,0.0,146.03,0
100968,2024-03-03,2024-03-10,Riyadh,store,silver,10,21.72,0.066,5.91,0.0,196.96,0
100967,2024-04-08,2024-04-10,tabuk,store,bronze,2,131.74,,7.6,0.0,253.28,0
103780,2024/11/10,2024-11-21,Tabuk,phone,bronze,19,32.25,,14.79,0.0,493.14,0
102381,2024-05-22,2024-05-29,abha,online,silver,23,41.49,0.211,21.78,654.54,725.9,1
103607,05/24/2025,2025-06-02,Riyadh ,online,silver,13,19.13,0.109,6.62,0.0,220.53,0
102202,2025-04-02,2025-04-15,TABUK ,online,bronze,14,94.32,0.022,37.19,922.92,1239.58,1
102851,2024/03/01,2024-03-05,Jeddah,store,silver,20,48.5,0.206,23.2,0.0,773.31,0
104690,04/12/2025,2025-04-13,Dammam,store,gold,28,46.14,,23.65,0.0,788.48,0
100251,07/26/2024,2024-08-01,Dammam,store,gold,28,12.65,0.179,8.53,0.0,284.23,0
101931,10/09/2024,2024-10-22,Dammam,online,silver,2,31.41,0.239,1.46,47.78,48.82,1
103388,2025-03-03,2025-03-08,Tabuk,online,bronze,2,16.26,0.093,0.85,0.0,28.31,0
102632,2024/04/20,2024-04-21,Jeddah,online,bronze,29,48.68,,24.81,0.0,827.0,0
102866,2024-11-14,2024-11-22,Riyadh,store,silver,39,39.71,0.212,37.35,0.0,1244.93,0
102184,04/01/2025,2025-04-13,Riyadh,online,gold,35,13.64,0.184,11.48,367.35,382.52,1
103121,10 Jan 2024,2024-01-11,Riyadh,online,silver,38,152.89,0.355,110.12,0.0,3670.54,0
102737,2024-10-31,2024-11-05,Riyadh,online,gold,40,25.02,0.145,25.92,0.0,863.99,0
101918,2024/03/01,2024-03-11,Dammam,phone,silver,20,44.64,,23.28,0.0,775.88,0
102806,02/18/2025,2025-02-23,riyadh,online,bronze,24,35.4,0.05,23.46,0.0,781.9,0
104852,2024-12-30,2025-01-13,Dammam,online,silver,34,122.29,0.075,115.32,0.0,3843.94,0
102403,2024-11-14,2024-11-25,Dammam,online,bronze,35,37.22,0.061,37.22,0.0,1240.72,0
104859,2025-05-27,2025-05-30,Riyadh,online,bronze,7,43.78,0.121,7.86,0.0,261.93,0
100320,05/20/2025,2025-05-27,Tabuk,store,bronze,12,30.39,0.073,10.06,0.0,335.29,0
101223,06/13/2024,2024-06-15,TABUK ,online,bronze,36,29.4,0.195,25.83,0.0,860.94,0
101645,04/24/2024,2024-04-27,Riyadh,store,silver,35,113.02,,97.7,0.0,3256.73,0
102700,2024/04/12,2024-04-24,Abha,online,bronze,40,43.75,0.242,37.32,0.0,1243.97,0
103620,21 Apr 2025,2025-04-25,Tabuk,phone,silver,16,31.23,,12.47,0.0,415.58,0
101981,2024/03/03,2024-03-13,Abha,store,silver,22,15.88,0.157,8.65,0.0,288.26,0
103841,23 Jan 2024,2024-02-06,dammam ,store,silver,6,13.91,0.129,2.16,0.0,71.9,0
101101,04/15/2024,2024-04-23,Riyadh,online,silver,32,35.08,0.096,30.42,0.0,1014.01,0
104880,28 Nov 2024,2024-12-10,Jeddah,phone,bronze,29,55.04,,48.9,0.0,1629.88,0
101623,2025/04/09,2025-04-20,Abha,online,gold,18,35.49,,12.01,0.0,400.39,0
100954,12/27/2024,2025-01-01,Riyadh,online,bronze,22,23.36,0.102,13.59,0.0,453.09,0
103159,2025-01-22,2025-01-25,Tabuk,online,bronze,36,17.65,0.158,15.81,0.0,527.12,0
102033,2024-05-24,2024-05-25,Jeddah,store,bronze,15,27.72,,7.1,0.0,236.71,0
103528,03/19/2025,2025-03-26,riyadh,phone,silver,5,72.52,,10.35,0.0,344.88,0
100082,2024/05/10,2024-05-12,Jeddah,online,bronze,3,17.21,0.027,1.49,16.75,49.62,1
104629,06/14/2025,2025-06-25,riyadh,online,silver,32,31.95,0.234,24.33,0.0,811.11,0
102364,24 Jun 2025,2025-07-03,TABUK ,phone,gold,39,39.55,,38.98,0.0,1299.47,0
103910,05/04/2025,2025-05-07,abha,store,silver,25,50.9,0.109,34.05,0.0,1135.08,0
100619,2024/06/30,2024-07-14,Riyadh,online,bronze,30,30.13,0.139,23.45,0.0,781.79,0
101718,03/19/2025,2025-03-22,Dammam,phone,bronze,23,25.1,,16.43,459.45,547.61,1
102193,2024-04-18,2024-04-22,Dammam,online,bronze,15,46.47,0.026,19.68,0.0,655.86,0
103509,1 Mar 2025,2025-03-05,Dammam,online,silver,36,50.17,0.087,48.09,0.0,1602.84,0
101221,2024-10-19,2024-10-22,Riyadh,online,bronze,17,25.83,,10.56,284.71,351.93,1
104129,2024-05-31,2024-06-10,Abha,store,silver,11,56.48,,13.27,0.0,442.36,0
102794,2025/05/28,2025-06-10,Tabuk,online,bronze,34,179.54,0.044,175.18,0.0,5839.37,0
104254,5 Jul 2024,2024-07-10,Jeddah,phone,bronze,34,14.85,,13.78,53.03,459.32,1
102248,2024/04/14,2024-04-28,Dammam,phone,gold,22,124.61,,60.94,0.0,2031.48,0
101402,2025-03-14,2025-03-24,Riyadh,store,bronze,2,41.05,0.148,2.16,0.0,72.02,0
102143,2024/07/13,2024-07-18,Dammam,online,bronze,15,63.35,0.191,22.56,0.0,752.12,0
101782,24 Jun 2025,2025-07-08,abha,online,silver,1,68.25,0.152,1.68,0.0,56.09,0
102192,2024-07-19,2024-07-31,Jeddah,online,silver,10,42.61,0.095,11.83,38.57,394.22,1
102579,02/04/2025,2025-02-16,Riyadh,store,bronze,31,3.09,0.03,2.92,0.0,97.26,0
104421,4 Jan 2025,2025-01-17,riyadh,online,bronze,39,22.22,0.106,23.28,655.36,775.88,1
100515,2025-06-12,2025-06-14,Riyadh,online,silver,18,51.23,0.172,22.58,0.0,752.6,0
101230,2025-06-04,2025-06-05,Riyadh,phone,gold,30,33.42,,25.33,0.0,844.22,0
104780,09/29/2024,2024-10-10,Dammam,store,gold,1,29.17,0.163,0.76,24.42,25.26,1
101806,2024/11/14,2024-11-28,Dammam,online,silver,32,72.54,0.098,62.85,0.0,2095.12,0
102990,2024/02/29,2024-03-14,Dammam,online,silver,36,42.59,0.099,40.99,1304.81,1366.45,1
104799,2024/10/02,2024-10-06,Abha,online,bronze,1,27.46,0.248,0.61,0.0,20.31,0
103908,25 Dec 2024,2024-12-29,Tabuk,phone,silver,10,20.12,,5.33,0.0,177.58,0
102646,23 Oct 2024,2024-10-27,Tabuk,store,bronze,10,13.0,0.175,3.26,0.0,108.51,0
101857,2024/08/25,2024-08-27,Riyadh,online,silver,7,93.05,0.145,17.14,0.0,571.29,0
102705,11/05/2024,2024-11-18,Dammam,store,bronze,14,12.54,0.088,4.83,80.02,161.01,1
103168,2024-01-02,2024-01-10,Riyadh ,online,silver,7,55.59,,8.56,0.0,285.35,0
101447,2024-02-27,2024-03-06,TABUK ,online,bronze,33,20.54,,15.04,0.0,501.34,0
104099,09/01/2024,2024-09-08,dammam ,online,bronze,10,60.04,0.182,14.84,0.0,494.51,0
101333,2024/06/29,2024-07-03,Jeddah,store,silver,37,56.56,0.2,50.76,0.0,1692.08,0
104430,6 Feb 2024,2024-02-20,Riyadh,store,silver,35,30.83,0.142,27.96,0.0,931.85,0
100284,2024/10/06,2024-10-15,Riyadh,store,bronze,36,22.65,0.236,19.5,0.0,649.95,0
101617,09/16/2024,2024-09-17,Riyadh,phone,silver,24,113.01,,69.33,1960.07,2311.06,1
100269,2024-06-03,2024-06-06,Riyadh ,phone,bronze,7,71.15,,14.9,0.0,496.77,0
100525,03/29/2024,2024-04-11,Riyadh,online,silver,3,70.42,0.228,4.93,0.0,164.44,0
100448,1 May 2025,2025-05-02,DAMMAM,online,silver,9,30.01,0.182,6.67,0.0,222.42,0
101478,01/12/2025,2025-01-15,tabuk,store,gold,8,35.2,0.323,5.71,0.0,190.21,0
101138,2024-04-04,2024-04-14,JEDDAH,store,gold,17,162.24,0.117,72.87,0.0,2428.94,0
103600,2024/06/06,2024-06-08,JEDDAH,online,bronze,38,77.12,0.242,67.9,58.46,2263.19,1
100662,2024-04-16,2024-04-21,Tabuk,online,bronze,26,10.9,,7.72,0.0,257.33,0
103223,06/16/2025,2025-06-20,dammam ,store,bronze,14,23.67,,8.77,0.0,292.18,0
102580,2024/06/14,2024-06-19,Tabuk,store,bronze,7,34.11,0.093,6.55,0.0,218.22,0
102538,2025-04-05,2025-04-06, Jeddah,online,silver,40,78.9,0.136,81.09,2726.97,2703.16,1
102260,05/04/2024,2024-05-08,Jeddah,online,bronze,1,28.68,0.289,0.61,20.38,20.32,1
102127,2025/01/09,2025-01-18,riyadh,phone,bronze,29,62.0,,45.33,0.0,1510.97,0
104691,07/03/2024,2024-07-15,Jeddah,store,silver,37,27.18,0.088,27.38,0.0,912.77,0
103339,03/21/2025,2025-04-02,Riyadh,store,gold,23,20.32,,11.15,64.18,371.56,1
104407,04/14/2025,2025-04-16,tabuk,store,silver,27,48.52,0.098,35.32,0.0,1177.21,0
102915,2024-03-16,2024-03-19,Jeddah,online,bronze,7,181.27,0.032,37.03,1228.78,1234.23,1
103771,20 Apr 2024,2024-04-26,Tabuk,store,silver,16,8.53,0.174,3.44,0.0,114.57,0
104431,9 Jul 2024,2024-07-14,Riyadh,online,bronze,34,28.9,0.133,25.61,0.0,853.79,0
102108,2 Jan 2025,2025-01-08,Tabuk,store,gold,32,75.69,,41.01,0.0,1367.11,0
104427,05/31/2024,2024-06-13,riyadh,online,silver,17,67.22,0.199,27.71,215.24,923.73,1
100700,2025/01/14,2025-01-19,riyadh,store,silver,23,53.61,0.177,29.68,0.0,989.45,1
102778,2024/05/01,2024-05-08,JEDDAH,online,silver,10,48.04,0.149,12.38,0.0,412.51,0
100399,2025/01/21,2025-01-29,Jeddah,online,bronze,13,83.75,0.061,30.26,0.0,1008.68,0
100382,02/22/2024,2024-03-02,Tabuk,store,gold,15,51.82,0.247,17.36,0.0,578.64,0
103077,2025/02/14,2025-02-23,Riyadh,phone,bronze,21,11.74,,7.51,0.0,250.19,0
102473,2024-05-25,2024-06-08,DAMMAM,online,bronze,28,59.19,0.037,46.88,1083.38,1562.55,1
102160,2024/03/26,2024-04-02,Riyadh ,online,bronze,22,46.81,0.164,25.52,117.39,850.75,1
103010,2024-07-11,2024-07-15,Dammam,online,silver,22,61.39,0.122,36.84,0.0,1227.88,0
102733,2025/01/08,2025-01-22,Jeddah,online,silver,34,50.7,0.096,44.92,183.31,1497.28,1
101786,10 Jun 2025,2025-06-11,abha,store,bronze,19,58.2,0.153,28.0,0.0,933.33,0
102544,2025/02/23,2025-03-06,Riyadh,online,bronze,23,45.09,0.09,28.89,0.0,963.08,0
104702,2025-06-28,2025-07-08,Jeddah,store,silver,32,19.58,0.201,14.89,0.0,496.48,0
101882,25 Nov 2024,2024-12-03,Dammam,online,bronze,32,39.17,0.259,28.04,899.31,934.69,1
101584,2024/07/30,2024-08-08,Riyadh,online,silver,11,15.08,0.116,4.47,0.0,149.15,0
100467,2024-10-25,2024-10-28,dammam ,store,bronze,7,18.03,0.134,3.31,0.0,110.32,0
102896,2024/12/22,2025-01-03,Riyadh,online,silver,18,80.52,0.054,40.51,76.19,1350.49,1
104415,2024/09/23,2024-10-03,Riyadh,online,bronze,11,7.56,0.102,2.16,0.0,72.15,0
104278,2024/12/06,2024-12-10,Abha,online,silver,26,25.59,0.222,15.41,0.0,513.64,0
102163,7 Feb 2025,2025-02-09,Jeddah,store,bronze,18,26.43,0.16,11.96,0.0,398.59,0
101120,2024-09-01,2024-09-14,TABUK ,store,bronze,3,52.65,0.065,4.53,0.0,150.95,0
104531,2025-02-13,2025-02-26,Dammam,phone,silver,36,30.62,,26.61,422.37,886.99,1
101770,20 Apr 2024,2024-04-27,Abha,store,bronze,13,28.99,,6.48,0.0,216.14,0
102280,2025/04/17,2025-04-22,Dammam,store,bronze,28,68.38,0.02,56.95,0.0,1898.29,0
103971,11/24/2024,2024-12-02,Tabuk,store,silver,5,30.79,0.162,3.82,0.0,127.49,0
100056,19 Dec 2024,2024-12-31,Abha,online,silver,21,41.56,0.279,18.94,0.0,631.37,0
100033,04/19/2024,2024-04-27,Riyadh,online,silver,14,21.69,0.09,8.46,177.57,282.04,1
100529,10 Feb 2024,2024-02-13,Dammam,online,bronze,17,21.7,0.06,10.26,0.0,341.93,0
104476,10 Oct 2024,2024-10-15,Dammam,online,bronze,20,26.52,0.197,12.73,0.0,424.25,0
100141,30 Jan 2024,2024-02-01, Jeddah,online,silver,15,22.22,0.185,8.04,0.0,268.08,0
104316,2024-10-11,2024-10-16,Dammam,online,silver,5,21.83,,2.09,0.0,69.52,0
104626,29 Mar 2024,2024-03-31,Dammam,store,gold,27,22.83,0.145,16.29,0.0,542.98,0
102329,04/08/2025,2025-04-17,Jeddah,online,bronze,28,73.0,0.133,52.81,0.0,1760.31,0
100469,2024-02-04,2024-02-14,Riyadh,online,bronze,39,24.62,0.165,23.95,740.21,798.32,1
102451,2024/05/25,2024-05-31,Dammam,store,bronze,15,42.5,0.053,17.84,0.0,594.6,0
102716,2024/06/24,2024-07-08,Riyadh ,store,gold,38,37.82,0.19,33.72,0.0,1124.05,0
102269,9 Mar 2024,2024-03-12,dammam ,online,bronze,34,32.46,0.074,30.5,0.0,1016.77,0
100674,2025-06-25,2025-07-09,Dammam,online,silver,29,33.48,0.223,23.27,0.0,775.72,0
103499,2024/09/20,2024-09-29,Jeddah,online,bronze,38,107.54,0.188,97.76,611.31,3258.75,1
102090,2024-04-07,2024-04-18,Jeddah,online,silver,34,114.96,0.1,102.67,0.0,3422.35,0
104294,2024-03-03,2024-03-10,Jeddah,store,silver,24,92.43,0.16,56.57,0.0,1885.72,0
104600,03/22/2025,2025-04-02,JEDDAH,online,silver,40,40.16,0.109,42.54,1359.6,1417.96,1
104854,2025-01-18,2025-01-26,Riyadh,online,bronze,40,23.59,0.072,26.15,0.0,871.8,0
101024,12/04/2024,2024-12-16,JEDDAH,online,silver,21,25.36,0.181,13.69,0.0,456.37,0
103560,09/18/2024,2024-09-29,Jeddah,online,bronze,13,21.44,0.078,7.67,0.0,255.74,0
100558,11/27/2024,2024-12-10,Jeddah,online,bronze,25,31.26,0.2,18.51,0.0,616.84,0
100088,06/14/2024,2024-06-16,Jeddah,online,bronze,19,36.4,0.095,18.82,0.0,627.4,0
103752,2025/04/20,2025-04-29,Jeddah,online,bronze,8,140.98,0.072,31.37,0.0,1045.79,0
103049,21 Dec 2024,2024-12-27,Tabuk,phone,silver,12,240.41,,57.38,0.0,1912.54,0
103874,3 Jul 2024,2024-07-04,riyadh,online,bronze,29,29.02,0.128,21.89,455.31,729.52,1
102871,09/03/2024,2024-09-16,DAMMAM,online,silver,24,35.94,0.159,21.88,0.0,729.2,0
100174,24 Nov 2024,2024-12-03,Tabuk,online,bronze,39,93.97,0.033,108.53,0.0,3617.66,0
104265,2025-02-10,2025-02-17,Dammam,store,bronze,40,44.22,0.162,43.49,0.0,1449.54,0
101302,2024/01/15,2024-01-16,Jeddah,store,silver,28,25.35,0.227,16.52,0.0,550.52,0
104716,28 Mar 2024,2024-04-07,Riyadh,store,bronze,7,38.07,,5.21,0.0,173.68,0
100903,4 Jan 2024,2024-01-09,Riyadh,phone,bronze,33,13.27,,10.28,0.0,342.74,0
100254,10 Apr 2024,2024-04-22,Riyadh,online,silver,36,33.44,0.141,30.35,0.0,1011.58,0
101407,2024/03/11,2024-03-25,Tabuk,online,bronze,7,25.87,,3.95,0.0,131.56,0
103525,16 May 2024,2024-05-29, Jeddah,phone,bronze,11,16.63,,3.79,0.0,126.23,0
101326,08/22/2024,2024-08-31,Abha,phone,silver,36,8.12,,7.44,0.0,247.88,0
100557,2025/01/16,2025-01-20,riyadh,online,gold,16,74.8,,25.03,0.0,834.39,0
103876,2024-09-10,2024-09-11,Jeddah,online,silver,40,54.01,0.061,60.47,0.0,2015.74,0
102469,10/23/2024,2024-10-31,Jeddah,phone,bronze,35,24.77,,24.02,0.0,800.5,0
101538,04/03/2025,2025-04-14,Dammam,phone,silver,32,44.71,,28.34,0.0,944.64,0
101224,2025-02-20,2025-03-06,dammam ,online,gold,28,60.71,0.168,42.05,1211.92,1401.7,1
100338,2025-03-13,2025-03-19,Dammam,phone,silver,6,24.44,,4.06,0.0,135.18,0
103518,2025/05/22,2025-05-27,riyadh,phone,silver,22,26.15,,15.86,0.0,528.8,0
100256,2024/08/08,2024-08-21,Dammam,online,gold,13,58.12,0.236,17.27,0.0,575.53,0
102279,31 Aug 2024,2024-09-03,Abha,store,bronze,38,48.16,0.034,52.2,0.0,1740.03,0
103536,11/16/2024,2024-11-24,abha,online,bronze,22,95.64,0.029,61.38,0.0,2045.93,0
100232,19 Apr 2024,2024-04-25,Jeddah,online,gold,33,40.73,0.386,25.47,0.0,849.12,0
104459,9 Aug 2024,2024-08-23,Riyadh,store,bronze,12,35.32,0.158,10.74,0.0,358.1,0
102468,29 Jan 2024,2024-02-05,Jeddah,online,bronze,25,45.74,,22.18,0.0,739.49,0
103271,06/08/2024,2024-06-09,Tabuk,online,silver,25,45.41,0.191,27.69,0.0,922.92,0
102446,02/22/2024,2024-02-29,Jeddah,store,bronze,8,31.59,,5.11,0.0,170.26,0
102690,2024/02/22,2024-03-03, Jeddah,online,bronze,5,42.28,0.159,5.34,0.0,177.88,0
102769,2024-04-16,2024-04-22,Abha,store,gold,26,26.62,,14.19,0.0,473.15,0
100014,15 Sep 2024,2024-09-16,Abha,online,silver,8,22.9,0.109,4.82,0.0,160.56,0
100620,13 May 2024,2024-05-24,Riyadh,online,bronze,35,29.72,0.127,27.18,25.96,906.01,1
100775,05/03/2025,2025-05-12,Riyadh,online,bronze,40,23.84,0.179,23.91,0.0,797.04,0
101255,01/26/2025,2025-02-01,Riyadh,phone,silver,32,39.8,,31.47,33.37,1048.91,1
104089,2024-04-10,2024-04-19,Riyadh ,phone,bronze,9,11.15,,2.43,0.0,80.9,0
100377,9 Feb 2025,2025-02-20,Tabuk,store,bronze,34,65.15,0.247,49.63,0.0,1654.35,0
102153,2024/06/12,2024-06-25,Dammam,phone,bronze,20,37.51,,12.77,0.0,425.73,0
104638,2024/03/31,2024-04-09,Dammam,online,bronze,24,13.43,0.099,8.6,0.0,286.8,0
101318,11 Mar 2024,2024-03-12,Riyadh,online,silver,13,71.99,0.228,21.32,0.0,710.75,0
100682,03/17/2024,2024-03-30,Riyadh,online,silver,3,36.28,0.165,2.67,0.0,88.88,0
100073,26 Mar 2025,2025-04-07,Abha,store,gold,19,68.09,0.217,30.77,0.0,1025.6,0
103784,03/16/2025,2025-03-29,Riyadh ,online,bronze,32,37.36,0.2,29.18,896.61,972.81,1
102854,2025-03-18,2025-03-29,Riyadh,store,bronze,21,83.84,0.12,46.29,737.91,1542.91,1
103259,10/18/2024,2024-10-25,JEDDAH,online,silver,2,42.04,,1.86,0.0,62.0,0
102245,14 Jun 2025,2025-06-28,Jeddah,online,silver,1,13.41,,0.29,9.82,9.81,1
102722,2024-11-18,2024-11-23,abha,store,bronze,19,53.29,0.184,24.64,0.0,821.34,0
101580,2024-03-24,2024-04-07,abha,online,silver,9,22.75,0.109,5.31,0.0,177.0,0
103070,2025/03/16,2025-03-22, Jeddah,online,silver,3,33.9,0.116,2.54,0.0,84.67,0
103695,2024-04-02,2024-04-06,DAMMAM,online,bronze,2,15.65,0.152,0.79,13.28,26.44,1
102739,2025-06-20,2025-06-21,dammam ,online,silver,11,12.77,0.193,3.41,0.0,113.67,0
103847,01/21/2024,2024-02-02,DAMMAM,online,gold,2,15.14,0.414,0.53,0.0,17.71,0
103067,14 Mar 2025,2025-03-25, Jeddah,phone,silver,14,85.27,,28.08,0.0,936.04,0
101654,29 Dec 2024,2025-01-10,Riyadh,store,silver,25,38.77,0.135,24.82,0.0,827.43,0
100188,16 Sep 2024,2024-09-19,Riyadh,online,bronze,14,46.09,0.028,19.03,0.0,634.45,0
101250,2024/05/17,2024-05-20,Tabuk,phone,bronze,3,43.91,,3.51,113.2,117.05,1
102813,2024/03/28,2024-04-01,Dammam,store,gold,27,37.78,,26.67,0.0,889.16,0
102982,02/01/2025,2025-02-08,Riyadh,online,bronze,24,15.03,,6.64,102.0,221.32,1
100809,2024/12/14,2024-12-25,JEDDAH,online,gold,7,9.53,0.125,1.74,0.0,58.05,0
100737,20 Jan 2025,2025-02-03,Riyadh,online,gold,31,106.62,0.227,76.47,329.53,2549.1,1
100994,05/21/2025,2025-06-04,Riyadh,online,gold,19,52.16,0.31,19.94,0.0,664.62,0
102559,03/28/2024,2024-04-11,Jeddah,online,bronze,11,27.23,0.191,7.33,0.0,244.48,0
101855,05/27/2024,2024-06-05,Abha,phone,bronze,5,34.45,,4.67,62.41,155.71,1
102003,2024/05/21,2024-05-26,Tabuk,online,bronze,35,53.52,0.107,51.04,0.0,1701.35,0
103127,2024/11/10,2024-11-19,Jeddah,online,bronze,15,40.11,0.076,16.68,0.0,556.11,0
100265,8 Apr 2024,2024-04-18,Tabuk,online,bronze,30,31.34,0.174,23.92,0.0,797.45,0
100931,06/24/2025,2025-06-28,Riyadh,phone,bronze,30,62.59,,48.88,0.0,1629.36,0
102670,2025-02-28,2025-03-09,Jeddah,online,gold,27,28.25,0.181,18.74,0.0,624.64,0
100223,11/21/2024,2024-12-02,Dammam,phone,bronze,21,48.36,,26.93,0.0,897.8,0
104162,04/02/2025,2025-04-09,Riyadh,online,bronze,15,28.58,0.078,11.99,131.69,399.59,1
103167,2024-03-23,2024-04-03,riyadh,store,bronze,36,10.57,,8.2,76.88,273.45,1
102447,9 May 2025,2025-05-20,Riyadh ,online,bronze,40,58.81,0.076,63.38,0.0,2112.59,0
101429,4 May 2025,2025-05-18,Dammam,online,bronze,10,18.89,0.199,4.44,0.0,147.86,0
102167,2024-09-23,2024-10-01,Tabuk,online,silver,40,45.85,0.153,46.8,0.0,1559.96,0
100166,09/23/2024,2024-10-01, Jeddah,phone,silver,40,76.78,,78.07,1848.11,2602.41,1
103902,20 Jul 2024,2024-07-23,Abha,store,silver,16,49.85,0.133,21.42,0.0,714.07,0
101051,17 Jul 2024,2024-07-26,DAMMAM,online,bronze,34,37.01,0.127,33.25,581.67,1108.22,1
103196,04/08/2025,2025-04-16,Jeddah,online,silver,13,19.99,0.075,7.09,0.0,236.18,0
104524,2024-09-29,2024-10-11,Abha,store,bronze,18,68.94,,32.15,0.0,1071.55,0
102077,11/07/2024,2024-11-17,Tabuk,online,silver,27,41.14,0.127,29.65,179.49,988.36,1
100705,2025-01-13,2025-01-17,riyadh,online,silver,8,84.21,,14.6,0.0,486.5,0
103681,23 May 2025,2025-05-27,Dammam,store,gold,7,38.74,0.232,6.16,0.0,205.24,0
101482,2 Jul 2024,2024-07-07,Riyadh,online,gold,32,33.96,,21.08,0.0,702.6,0
102706,2025-04-15,2025-04-17,Jeddah,store,bronze,20,52.47,0.398,18.96,0.0,632.02,0
104674,2025-05-24,2025-06-06,Riyadh,phone,silver,37,46.62,,46.8,0.0,1559.84,0
103875,08/23/2024,2024-09-03,Tabuk,store,bronze,10,13.69,0.314,2.78,0.0,92.5,0
103007,2024-06-02,2024-06-07,Jeddah,online,silver,13,16.55,,4.8,0.0,159.93,0
101060,2024/05/20,2024-05-31,dammam ,online,bronze,26,19.44,0.07,14.14,0.0,471.22,0
102375,2025/01/03,2025-01-07,Jeddah,phone,silver,34,55.3,,35.88,387.11,1195.91,1
101305,01/23/2024,2024-01-24,Abha,online,bronze,4,72.44,0.237,6.36,221.08,211.93,1
101304,23 Jan 2025,2025-01-30,Riyadh,online,silver,39,22.25,0.179,22.07,0.0,735.53,0
103210,2025/05/10,2025-05-20,Riyadh,online,silver,38,81.85,0.076,84.69,0.0,2823.07,0
101650,2024/05/12,2024-05-20,Abha,online,silver,35,11.39,0.171,10.0,0.0,333.25,0
101379,10/26/2024,2024-11-09,Dammam,online,silver,26,52.64,0.211,32.82,0.0,1093.85,0
103867,19 Feb 2024,2024-03-04,Jeddah,store,silver,32,26.64,,17.55,0.0,584.93,0
102054,2024-05-19,2024-05-31,Abha,phone,bronze,25,128.09,,87.08,1616.48,2902.8,1
100622,01/27/2024,2024-02-05,Jeddah,store,gold,26,60.83,0.204,38.15,0.0,1271.79,0
100921,07/09/2024,2024-07-15,Riyadh,online,bronze,39,114.18,0.081,124.18,0.0,4139.29,0
104613,2025-01-08,2025-01-15,DAMMAM,phone,silver,27,90.01,,65.33,552.3,2177.56,1
103023,10 Jan 2025,2025-01-20, Jeddah,store,bronze,36,67.2,0.17,58.71,0.0,1956.87,0
102980,2024/10/06,2024-10-14,abha,store,bronze,31,53.39,0.221,38.28,623.88,1276.02,1
102486,20 Feb 2024,2024-02-27,Jeddah,store,gold,11,11.35,0.345,2.48,0.0,82.69,0
102057,17 Jan 2025,2025-01-29,tabuk,store,bronze,25,63.92,,32.05,0.0,1068.34,0
101323,2025/02/10,2025-02-14,Riyadh,online,silver,32,20.6,0.209,15.72,0.0,523.86,0
100580,2024/12/18,2024-12-26,Jeddah,store,silver,20,42.96,0.123,22.14,0.0,737.89,0
100204,2025/04/21,2025-04-28,Riyadh,phone,silver,29,52.05,,41.28,0.0,1376.12,0
101446,06/27/2025,2025-07-08,Jeddah,online,silver,5,16.49,0.178,2.06,0.0,68.63,0
103822,2025/06/10,2025-06-19,Dammam,online,bronze,30,66.39,0.142,50.56,740.87,1685.32,1
104432,03/04/2025,2025-03-06,Tabuk,store,gold,25,35.35,0.238,19.98,592.4,666.0,1
104185,05/16/2025,2025-05-23,Tabuk,online,bronze,13,34.81,0.157,11.77,0.0,392.23,0
104622,08/09/2024,2024-08-15,Tabuk,online,silver,2,58.39,0.053,3.27,0.0,108.88,0
102542,2024/11/27,2024-11-30,Jeddah,online,bronze,28,45.71,0.098,34.42,0.0,1147.27,0
103888,16 Jun 2024,2024-06-21,abha,store,bronze,37,42.08,0.185,36.59,857.86,1219.51,1
102588,2025-04-26,2025-04-28,Riyadh,online,silver,13,44.76,0.116,15.34,395.82,511.47,1
101460,11 Jun 2024,2024-06-21,JEDDAH,store,gold,17,11.64,0.402,3.58,0.0,119.23,0
100329,12 Oct 2024,2024-10-22,Dammam,online,silver,39,123.59,0.245,111.1,1772.55,3703.26,1
100087,2024/07/10,2024-07-17,Dammam,store,silver,10,74.85,0.073,20.48,0.0,682.56,0
104812,2024/02/24,2024-03-06,Dammam,online,bronze,1,47.29,0.077,1.31,0.0,43.52,0
103460,2024-11-25,2024-12-07,abha,online,bronze,32,31.85,0.177,25.9,576.6,863.27,1
100279,10/28/2024,2024-11-11,Abha,online,silver,15,22.66,0.157,8.74,38.2,291.4,1
103443,07/22/2024,2024-07-27,Riyadh,online,gold,11,17.18,0.45,3.16,0.0,105.17,0
100339,08/20/2024,2024-08-31,Riyadh,online,gold,35,24.85,0.205,20.31,0.0,677.04,0
101543,30 Apr 2024,2024-05-08,Jeddah,phone,bronze,12,51.21,,15.67,0.0,522.29,0
102703,01/27/2025,2025-02-08,Jeddah,online,bronze,13,64.84,0.108,22.65,0.0,754.96,0
102635,02/26/2024,2024-03-04,JEDDAH,online,bronze,5,32.63,0.222,3.79,0.0,126.24,0
101239,06/11/2024,2024-06-12,Riyadh ,online,silver,31,47.22,0.085,39.35,0.0,1311.73,0
100830,24 May 2024,2024-05-26,Riyadh,store,bronze,29,22.94,0.137,16.91,495.02,563.78,1
100500,12 Mar 2024,2024-03-18,JEDDAH,phone,bronze,1,49.95,,1.47,0.0,48.99,0
100309,09/20/2024,2024-09-30,Riyadh ,online,silver,35,98.87,,84.09,0.0,2803.01,0
101146,2024/04/18,2024-05-01,Riyadh ,online,bronze,20,35.6,0.118,18.28,157.03,609.26,1
102384,5 Jun 2025,2025-06-12,Riyadh,online,silver,17,43.5,,16.22,0.0,540.83,0
101740,2024/12/14,2024-12-22,Dammam,online,bronze,22,24.78,0.062,14.85,511.4,495.16,1
102692,2024-03-30,2024-04-10, Jeddah,store,bronze,11,40.08,0.075,11.76,0.0,391.94,0
104465,10 May 2025,2025-05-11,Riyadh,online,bronze,36,26.91,0.103,26.1,0.0,869.98,0
103250,2025/02/27,2025-03-08,Jeddah,online,bronze,33,31.66,0.156,26.2,0.0,873.29,0
103567,10/12/2024,2024-10-16,Abha,phone,silver,25,127.77,,80.74,0.0,2691.23,0
104627,12/01/2024,2024-12-07,Abha,online,gold,12,70.01,0.172,21.35,348.02,711.72,1
101087,19 Sep 2024,2024-09-26,dammam ,store,bronze,35,66.98,0.052,66.43,0.0,2214.26,0
101694,2025-04-28,2025-05-01,Dammam,online,silver,5,16.62,0.244,1.85,25.13,61.7,1
104770,2025-04-07,2025-04-16,Dammam,online,gold,9,41.86,0.245,8.68,189.7,289.49,1
100310,5 Apr 2025,2025-04-08,Riyadh,online,bronze,30,45.48,0.055,38.86,0.0,1295.25,0
102303,05/16/2024,2024-05-19,Jeddah,store,bronze,10,19.16,0.068,5.35,0.0,178.46,0
103356,05/13/2025,2025-05-23,Jeddah,store,bronze,33,24.7,0.081,22.45,0.0,748.48,0
101787,2024/03/06,2024-03-19,riyadh,store,bronze,6,22.21,0.096,3.65,0.0,121.74,0
102417,2025-02-26,2025-03-03,Riyadh,online,silver,23,96.32,0.155,55.75,569.67,1858.17,1
100142,2024/01/30,2024-02-06,JEDDAH,online,silver,2,22.19,0.079,1.23,0.0,41.0,0
104354,12/20/2024,2024-12-25,Riyadh ,online,silver,10,120.15,0.099,32.74,0.0,1091.17,0
102530,05/15/2025,2025-05-29,Dammam,online,bronze,25,36.56,0.117,24.37,581.18,812.2,1
101015,31 Jan 2025,2025-02-02,Jeddah,online,bronze,5,35.19,0.039,5.05,101.47,168.42,1
101915,2024-10-31,2024-11-07,Riyadh,online,silver,1,66.73,0.176,1.64,0.0,54.81,0
102154,5 Mar 2025,2025-03-10,Abha,online,silver,37,8.72,0.204,7.94,0.0,264.71,0
100579,2024-07-22,2024-07-28,Abha,online,bronze,2,122.74,0.235,5.51,0.0,183.56,0
102335,2024-07-20,2024-08-03,JEDDAH,online,gold,8,33.55,0.203,6.22,0.0,207.18,0
103066,12/08/2024,2024-12-15,Jeddah,store,bronze,33,6.37,0.206,4.98,0.0,165.89,0
100774,06/17/2025,2025-06-22,Abha,store,silver,25,28.06,,16.09,0.0,536.4,0
103102,18 Mar 2025,2025-03-22,Riyadh ,phone,silver,36,14.63,,14.15,0.0,471.65,0
100996,2024-09-06,2024-09-16,Jeddah,online,gold,16,24.39,0.145,9.85,0.0,328.44,0
102720,2025-01-28,2025-02-06,Jeddah,online,gold,9,20.8,,3.3,75.99,110.03,1
102865,2024-10-10,2024-10-18,JEDDAH,phone,bronze,29,16.59,,11.56,118.79,385.45,1
100410,2024/03/29,2024-04-09,Tabuk,online,gold,10,14.25,0.203,3.39,0.0,112.9,0
101490,10/20/2024,2024-10-29,JEDDAH,online,bronze,28,15.79,0.09,12.36,0.0,411.91,0
102660,04/25/2024,2024-04-30,Riyadh,online,bronze,12,36.13,0.275,9.47,0.0,315.54,0
100493,04/28/2025,2025-05-08,Dammam,phone,silver,18,44.55,,18.1,0.0,603.25,0
100354,2024/06/14,2024-06-23,Jeddah,phone,bronze,27,15.48,,11.28,0.0,376.11,0
100048,10 Sep 2024,2024-09-15,Riyadh,online,silver,23,19.08,0.183,10.59,0.0,352.87,0
100676,12/09/2024,2024-12-20, Jeddah,phone,silver,31,25.38,,19.19,544.13,639.65,1
103982,2024-01-30,2024-01-31,Jeddah,store,silver,39,64.43,0.207,58.21,0.0,1940.23,0
102929,2025-01-19,2025-01-25, Jeddah,online,bronze,19,8.16,0.128,4.02,0.0,134.1,0
104801,2024/03/21,2024-03-26,Jeddah,online,bronze,34,20.69,0.096,18.79,0.0,626.3,0
102651,2024/11/30,2024-12-01,Tabuk,store,silver,14,56.1,,14.07,0.0,469.15,0
103230,6 Aug 2024,2024-08-15,Jeddah,online,silver,31,73.09,0.197,54.03,0.0,1800.84,0
103071,03/24/2025,2025-04-02,Riyadh,online,gold,21,74.91,0.131,40.74,0.0,1358.16,0
101470,03/21/2025,2025-03-23,Riyadh,store,gold,1,15.95,,0.27,0.0,9.16,0
103976,6 May 2024,2024-05-20,Riyadh,store,bronze,26,26.21,,16.62,0.0,553.99,0
102141,2024/01/16,2024-01-17,tabuk,online,silver,5,160.05,,21.93,0.0,730.87,0
101096,01/04/2024,2024-01-10,Jeddah,online,silver,28,73.76,0.109,54.54,788.85,1817.84,1
101430,2025/04/29,2025-05-13,JEDDAH,online,bronze,10,122.75,0.142,32.23,316.05,1074.29,1
102347,2025/02/19,2025-02-26,Abha,store,bronze,26,153.78,0.043,113.61,0.0,3786.94,0
102607,2025/01/29,2025-02-04,Dammam,phone,bronze,3,118.76,,10.82,0.0,360.67,0
102778,2024/05/01,2024-05-08,JEDDAH,online,silver,10,48.04,0.149,12.38,0.0,412.51,0
103978,2024-01-05,2024-01-11,Riyadh ,online,silver,31,18.5,0.157,14.51,124.76,483.77,1
104159,27 Feb 2025,2025-03-10,Jeddah,online,gold,2,37.43,0.183,1.87,0.0,62.41,0
101849,2025-01-04,2025-01-09,JEDDAH,online,silver,31,72.64,0.161,57.07,0.0,1902.17,0
102222,12/15/2024,2024-12-20,Jeddah,online,gold,14,120.22,0.152,42.2,1325.77,1406.78,1
100698,2025/01/08,2025-01-12,Jeddah,online,bronze,37,56.82,0.03,60.23,0.0,2007.66,0
102847,2024-03-25,2024-03-29,Riyadh,store,silver,27,170.44,0.232,104.15,0.0,3471.62,0
103698,2024/02/12,2024-02-23,Riyadh,store,silver,18,14.53,0.222,6.06,0.0,201.88,0
102766,02/17/2024,2024-03-01,Tabuk,online,silver,4,43.77,0.107,4.64,0.0,154.62,0
103684,2025/06/17,2025-07-01,Jeddah,store,bronze,33,26.11,0.127,22.36,0.0,745.31,0
103276,2024/02/02,2024-02-03,abha,store,bronze,37,25.21,0.172,23.53,313.27,784.2,1
100592,05/14/2025,2025-05-25,Jeddah,online,gold,8,15.28,0.242,2.78,0.0,92.69,0
102687,12/25/2024,2025-01-07,Riyadh,store,silver,37,40.96,0.223,35.24,0.0,1174.73,0
100524,12/31/2024,2025-01-09,Dammam,phone,bronze,29,69.07,,61.14,1204.5,2038.11,1
100043,2024-05-09,2024-05-15,Dammam,store,gold,17,87.68,0.137,37.65,0.0,1254.92,0
104489,2024/08/11,2024-08-20,riyadh,online,bronze,19,20.64,,11.09,271.24,369.57,1
101431,03/27/2024,2024-04-07,Tabuk,online,bronze,35,15.55,,10.51,0.0,350.43,0
104796,2024/10/01,2024-10-14,Riyadh,store,silver,22,56.75,0.19,30.45,0.0,1015.0,0
104856,22 May 2025,2025-05-31,Tabuk,online,bronze,22,23.44,0.087,13.54,0.0,451.2,0
104108,2025/05/01,2025-05-14,DAMMAM,store,bronze,11,20.42,0.013,6.89,0.0,229.54,0
102487,2025/03/25,2025-03-29,Dammam,online,bronze,29,39.17,0.123,29.99,0.0,999.71,0
104484,2024-01-16,2024-01-20,Riyadh,online,bronze,38,33.45,0.032,37.31,0.0,1243.61,0
104763,15 Jun 2025,2025-06-22,tabuk,online,silver,33,76.35,0.214,59.72,0.0,1990.72,0
100689,2024-10-03,2024-10-08,Dammam,online,silver,23,17.19,0.253,9.02,0.0,300.54,0
101092,03/08/2025,2025-03-10,Dammam,online,silver,25,12.9,0.207,7.66,0.0,255.19,0
102941,2024/02/17,2024-02-20,Tabuk,online,bronze,18,49.04,0.138,23.15,0.0,771.76,0
104063,2024-03-13,2024-03-19,Riyadh,online,gold,40,89.8,,74.23,0.0,2474.34,0
101106,2024/07/26,2024-08-04,Dammam,online,bronze,14,26.78,0.053,10.84,0.0,361.42,0
103420,06/04/2024,2024-06-10,Abha,phone,silver,13,6.57,,2.05,0.0,68.2,0
104191,4 Jun 2025,2025-06-14,Riyadh,phone,gold,2,79.53,,3.82,0.0,127.32,0
103418,2024/10/20,2024-10-29,Abha,online,bronze,2,87.41,0.068,4.95,0.0,165.1,0
100929,04/25/2025,2025-05-06,Jeddah,online,bronze,23,38.54,0.119,23.03,0.0,767.72,0
101704,2024-10-27,2024-11-08,Dammam,online,bronze,6,52.43,0.234,7.25,241.06,241.77,1
104716,28 Mar 2024,2024-04-07,Riyadh,store,bronze,7,38.07,,5.21,0.0,173.68,0
102785,2024/03/03,2024-03-11,Riyadh,online,gold,4,115.24,0.197,11.2,370.37,373.19,1
100480,03/10/2024,2024-03-14,JEDDAH,online,bronze,23,12.54,0.235,6.7,153.42,223.24,1
100362,02/22/2025,2025-03-08,Riyadh,online,bronze,8,66.36,0.161,12.92,111.41,430.8,1
102462,2025-03-26,2025-04-01,Dammam,online,silver,22,53.32,0.15,29.89,0.0,996.44,0
104349,2024-04-18,2024-04-28,JEDDAH,online,silver,11,70.44,,13.71,0.0,456.89,0
104592,2025-01-26,2025-01-29,Jeddah,store,silver,35,109.91,0.203,91.84,2365.84,3061.26,1
103165,2025-04-26,2025-04-27,DAMMAM,phone,bronze,17,43.01,,20.33,0.0,677.74,0
104041,2024/08/30,2024-09-02,Jeddah,online,gold,8,11.65,,1.84,0.0,61.22,0
102948,22 Feb 2025,2025-03-05,Abha,online,bronze,33,48.39,0.137,42.07,0.0,1402.47,0
100768,10 May 2024,2024-05-21,Riyadh,store,bronze,9,43.68,,9.78,325.04,325.97,1
104662,05/06/2025,2025-05-18,tabuk,store,gold,37,180.42,0.162,168.07,0.0,5602.27,0
101140,2025-06-11,2025-06-13,DAMMAM,online,bronze,14,17.2,0.087,6.62,0.0,220.64,0
103836,2025/04/26,2025-04-27,Jeddah,online,bronze,6,46.6,0.227,6.57,216.11,218.93,1
103247,2024/11/19,2024-12-03,Jeddah,store,silver,29,58.69,,41.7,0.0,1389.93,0
103091,2025-06-07,2025-06-12,Abha,store,bronze,38,16.16,0.228,13.7,0.0,456.72,0
101210,5 Jan 2025,2025-01-18,JEDDAH,online,gold,31,8.3,0.181,6.58,0.0,219.38,0
101727,2025-04-30,2025-05-02, Jeddah,phone,bronze,17,50.9,,21.19,0.0,706.4,0
104332,2024-03-12,2024-03-21,Tabuk,store,bronze,39,90.45,0.167,88.84,2713.01,2961.18,1
103852,25 Feb 2024,2024-02-28,Riyadh,online,gold,35,26.66,0.151,23.29,0.0,776.47,0
101473,2024-12-22,2024-12-30,riyadh,online,silver,25,13.27,0.132,8.98,0.0,299.32,0
102123,06/22/2025,2025-06-24,Riyadh,store,bronze,29,32.78,0.163,22.54,0.0,751.25,0
103015,2024/03/30,2024-04-04,Riyadh,online,bronze,18,281.84,0.261,114.27,1040.82,3809.0,1
101118,01/18/2024,2024-01-29,abha,online,bronze,2,34.5,0.013,2.04,0.0,67.96,0
100824,2024/03/29,2024-04-11,dammam ,online,bronze,21,27.53,0.137,14.71,403.79,490.25,1
104043,2025-05-28,2025-06-07,Riyadh,online,bronze,2,23.79,0.141,1.26,0.0,41.88,0
103919,11 Dec 2024,2024-12-23,Dammam,online,bronze,27,172.96,0.197,111.3,0.0,3709.9,0
102943,05/03/2025,2025-05-09,Abha,store,bronze,35,25.02,0.196,20.92,140.76,697.22,1
100887,09/04/2024,2024-09-09,Jeddah,online,bronze,30,39.92,0.12,31.65,0.0,1055.09,0
100013,03/27/2024,2024-04-01,Dammam,store,bronze,6,19.74,0.161,2.97,0.0,99.0,0
104023,2024-09-16,2024-09-23,riyadh,store,silver,34,21.58,0.178,18.21,0.0,607.11,0
103371,2025-02-24,2025-03-07,Tabuk,store,silver,24,9.96,0.215,5.68,0.0,189.28,0
101156,2025-06-20,2025-06-30,Riyadh ,phone,silver,12,29.59,,6.71,114.29,223.76,1
102962,06/24/2024,2024-06-27,Tabuk,online,bronze,15,21.02,,5.38,0.0,179.4,0
100503,2024-02-13,2024-02-20,TABUK ,online,bronze,15,18.06,0.176,6.66,0.0,222.02,0
101418,18 Feb 2024,2024-02-19,Jeddah,store,silver,12,33.01,0.095,10.29,0.0,342.93,0
103490,06/23/2024,2024-07-05,Jeddah,online,silver,20,99.65,0.089,55.08,0.0,1836.07,0
100420,2024/11/12,2024-11-22,Tabuk,store,bronze,30,69.34,0.166,51.04,867.9,1701.2,1
103408,23 Jun 2024,2024-07-01,Riyadh ,online,silver,39,45.46,0.183,42.64,0.0,1421.22,0
104557,18 Jun 2024,2024-06-19,Dammam,store,bronze,7,32.5,0.14,5.92,0.0,197.36,0
100507,5 Apr 2025,2025-04-16,Riyadh,online,gold,11,132.97,,23.92,146.27,797.38,1
101670,2025/03/14,2025-03-15,Abha,phone,gold,3,24.85,,1.52,17.1,50.6,1
103163,03/01/2025,2025-03-08,riyadh,online,bronze,40,50.75,0.086,55.52,0.0,1850.73,0
104102,2024/06/19,2024-07-03,Dammam,store,bronze,23,58.4,0.118,36.65,0.0,1221.73,0
101053,2025-02-05,2025-02-12,Riyadh,online,bronze,30,61.64,,52.87,781.94,1762.49,1
100635,01/14/2025,2025-01-17,Riyadh,store,silver,12,40.06,0.157,12.03,0.0,400.91,0
103970,25 Nov 2024,2024-12-08,Riyadh ,phone,gold,15,42.86,,16.39,0.0,546.33,0
104543,04/03/2024,2024-04-09,Tabuk,store,bronze,18,67.45,0.058,33.74,0.0,1124.64,0
103358,06/24/2025,2025-06-29,Jeddah,phone,silver,25,138.07,,96.57,0.0,3219.1,0
100886,2024/09/22,2024-09-28,Jeddah,online,silver,39,135.46,0.095,141.17,3554.52,4705.57,1
103113,2024/06/25,2024-07-07,Dammam,online,gold,28,81.28,0.115,61.01,0.0,2033.79,0
100459,2024/08/06,2024-08-18,abha,online,silver,36,23.39,,16.1,0.0,536.67,0
102342,02/18/2025,2025-02-28,Riyadh,online,bronze,38,31.74,0.162,30.66,106.43,1022.09,1
102105,09/17/2024,2024-09-18,Dammam,online,bronze,17,238.75,,86.61,1869.11,2887.16,1
104215,2024/11/08,2024-11-14,Jeddah,online,silver,39,21.89,0.042,25.11,125.81,837.0,1
102194,2025-03-15,2025-03-28,Riyadh,phone,silver,20,40.56,,21.01,560.48,700.34,1
104055,2024-02-03,2024-02-10,abha,online,bronze,25,22.07,0.1,14.58,0.0,486.07,0
104614,2024/02/12,2024-02-15,Jeddah,online,bronze,3,28.11,0.098,2.26,0.0,75.18,0
102820,2024-09-16,2024-09-18,Tabuk,online,bronze,5,19.14,,2.06,0.0,68.79,0
101472,25 May 2024,2024-05-31,Riyadh ,phone,silver,5,50.93,,6.8,0.0,226.78,0
101150,12/19/2024,2025-01-01,Tabuk,phone,silver,8,79.88,,14.77,0.0,492.25,0
101841,16 Sep 2024,2024-09-19,Riyadh,store,silver,6,36.03,0.123,5.77,0.0,192.49,0
101215,2024-09-18,2024-09-26,Riyadh ,store,gold,6,77.89,0.287,9.89,111.02,329.58,1
101703,8 Dec 2024,2024-12-15,JEDDAH,store,bronze,11,36.31,,8.7,0.0,290.09,0
101514,2025-01-20,2025-02-02,Dammam,online,bronze,14,24.06,0.029,10.06,0.0,335.28,0
103056,2024/09/18,2024-10-01,Jeddah,online,gold,22,52.14,0.176,29.14,0.0,971.39,0
104834,8 Oct 2024,2024-10-17,dammam ,phone,bronze,2,22.92,,1.2,37.84,39.9,1
100316,2025/04/04,2025-04-13,Riyadh ,store,bronze,24,27.6,0.092,17.69,0.0,589.72,0
100058,2025-05-22,2025-05-27,JEDDAH,online,silver,23,97.23,0.051,64.23,1660.7,2140.95,1
103072,2024-08-14,2024-08-21,Tabuk,online,bronze,15,33.49,0.187,12.29,27.24,409.61,1
101578,17 Feb 2025,2025-02-22,abha,online,bronze,37,47.9,,34.1,647.81,1136.72,1
101834,2024/05/17,2024-05-22,Riyadh,store,gold,35,142.82,,107.04,202.65,3568.02,1
101863,2025-02-15,2025-02-16,Tabuk,online,bronze,27,15.78,0.056,12.27,0.0,408.99,0
101658,08/18/2024,2024-09-01,Abha,online,gold,10,19.91,,4.14,0.0,138.05,0
103661,10 Jan 2024,2024-01-13,Riyadh,online,silver,12,26.83,0.173,7.96,110.89,265.17,1
103801,03/18/2025,2025-04-01,Riyadh,online,gold,12,97.33,,24.76,494.15,825.21,1
102689,2024-02-28,2024-03-03,Riyadh ,store,bronze,20,46.78,0.088,25.16,0.0,838.8,0
100455,09/14/2024,2024-09-23,Riyadh,store,silver,20,35.97,0.124,18.7,0.0,623.44,0
103625,11/08/2024,2024-11-14,Dammam,store,bronze,27,16.01,0.055,12.06,0.0,402.07,0
100960,17 Nov 2024,2024-11-25,Jeddah,store,silver,6,35.86,0.143,5.65,0.0,188.4,0
102585,2025-06-08,2025-06-22,Riyadh ,store,silver,7,28.72,,4.22,0.0,140.76,0
102960,10/04/2024,2024-10-14,Tabuk,online,bronze,11,47.92,0.112,13.92,425.53,464.08,1
103920,02/10/2024,2024-02-16,Jeddah,online,silver,4,50.95,0.237,4.7,0.0,156.77,0
103647,12 Nov 2024,2024-11-21,JEDDAH,online,bronze,14,62.46,0.076,24.37,0.0,812.23,0
101546,02/28/2025,2025-03-04,Jeddah,store,bronze,16,14.52,0.161,5.9,0.0,196.63,0
102327,2024/02/16,2024-02-17,Riyadh,store,bronze,39,118.19,0.181,113.9,0.0,3796.55,0
102315,2024-02-11,2024-02-25,JEDDAH,store,silver,37,35.78,,30.61,564.58,1020.28,1
100202,2025-05-06,2025-05-08,Tabuk,online,bronze,26,37.02,0.044,27.07,0.0,902.23,0
102885,2024/11/07,2024-11-19,Jeddah,online,gold,11,27.18,0.167,7.56,0.0,252.15,0
101072,2024/12/23,2024-12-28,Dammam,online,bronze,2,45.23,0.133,2.34,0.0,78.07,0
104709,11/10/2024,2024-11-19,riyadh,online,silver,18,36.58,0.337,12.93,0.0,431.08,0
104644,2025-05-02,2025-05-03,Riyadh,store,bronze,40,35.18,0.08,39.48,0.0,1316.02,0
104377,2025/06/06,2025-06-18,Dammam,store,silver,1,133.28,0.134,3.37,0.0,112.3,0
101985,2025/06/26,2025-07-07,Dammam,online,bronze,34,17.74,0.32,12.42,0.0,414.01,0
102736,2024-11-07,2024-11-08,JEDDAH,phone,silver,13,70.07,,23.87,0.0,795.81,0
103245,2024-04-21,2024-05-04,Riyadh ,online,bronze,15,22.62,0.252,7.66,0.0,255.34,0
102770,2024-05-22,2024-06-03,TABUK ,online,silver,10,30.78,0.277,6.58,111.32,219.46,1
100667,2025-02-03,2025-02-15,abha,online,bronze,21,14.36,0.068,8.3,0.0,276.81,0
101952,06/21/2025,2025-06-25,Riyadh,online,silver,34,43.32,,31.23,0.0,1040.95,0
100184,2025/04/12,2025-04-21,Riyadh,store,gold,33,22.13,,16.04,0.0,534.64,0
102634,2024/08/23,2024-09-02,Dammam,online,silver,32,36.25,0.062,33.01,374.18,1100.42,1
101768,22 Feb 2024,2024-02-28,Riyadh,store,bronze,10,29.42,,5.89,0.0,196.23,0
102874,06/06/2025,2025-06-20,riyadh,online,bronze,4,20.35,0.07,2.36,0.0,78.6,0
102912,2024/06/06,2024-06-16,Riyadh,phone,bronze,32,27.01,,21.82,0.0,727.38,0
103529,2024/02/28,2024-03-01,abha,store,silver,22,12.42,0.114,7.24,132.03,241.46,1
101457,2025/05/24,2025-05-31,Riyadh,phone,bronze,36,54.7,,47.73,521.73,1590.89,1
101192,2024/04/12,2024-04-17,Jeddah,phone,bronze,16,46.46,,16.57,0.0,552.44,0
102697,2024-09-18,2024-09-22,abha,online,gold,5,44.2,0.119,5.79,0.0,192.86,0
102804,01/17/2024,2024-01-26, Jeddah,phone,silver,1,44.14,,1.15,0.0,38.21,0
102578,07/08/2024,2024-07-19,abha,online,silver,2,37.9,0.146,1.9,0.0,63.34,0
100018,05/19/2024,2024-05-30,Riyadh,store,bronze,25,57.43,0.231,32.48,441.84,1082.54,1
102981,01/31/2024,2024-02-05,Dammam,phone,bronze,25,14.95,,10.66,0.0,355.46,0
103128,23 Aug 2024,2024-08-27,riyadh,online,silver,35,28.83,,17.32,0.0,577.23,0
100925,2025-05-22,2025-05-29,Riyadh,store,silver,28,21.88,0.241,13.83,0.0,460.89,0
100589,2024-02-18,2024-02-29,Riyadh,online,bronze,4,19.26,0.234,1.75,0.0,58.39,0
102897,8 Jun 2024,2024-06-18,Tabuk,online,silver,24,29.22,0.14,18.11,175.86,603.58,1
104184,07/17/2024,2024-07-20,JEDDAH,online,silver,8,20.04,0.152,4.19,0.0,139.69,0
102853,2024/10/13,2024-10-24,Abha,online,silver,33,68.84,,61.56,0.0,2052.03,0
102978,2024-07-14,2024-07-22,Dammam,phone,bronze,23,64.76,,44.29,0.0,1476.35,0
103216,2025/06/03,2025-06-17,DAMMAM,online,bronze,21,132.08,0.196,65.84,0.0,2194.61,0
100278,2024/03/31,2024-04-07,Jeddah,store,bronze,14,44.7,0.236,14.25,0.0,475.12,0
104424,2 May 2025,2025-05-13,Riyadh,online,gold,34,28.93,,25.9,0.0,863.35,0
103193,27 Dec 2024,2025-01-08,Jeddah,online,silver,33,51.67,0.155,41.86,0.0,1395.18,0
101200,2025-01-22,2025-01-25,DAMMAM,phone,silver,6,50.73,,6.82,0.0,227.36,0
101953,02/13/2025,2025-02-17,Dammam,online,bronze,34,81.68,0.137,69.64,2326.34,2321.37,1
101672,2025/04/25,2025-04-28,Dammam,online,silver,4,29.0,0.139,2.86,49.94,95.44,1
102586,2024-05-02,2024-05-13,Jeddah,online,bronze,8,16.53,0.204,3.11,13.16,103.51,1
102824,10/26/2024,2024-11-04,Tabuk,store,bronze,36,20.04,0.086,20.14,0.0,671.36,0
103107,04/12/2025,2025-04-14,Riyadh ,online,gold,16,47.13,,19.23,0.0,641.08,0
102617,21 Apr 2025,2025-04-26,Riyadh,online,bronze,21,37.91,,22.36,0.0,745.36,0
100050,2024/07/23,2024-07-26,Riyadh,store,gold,7,34.85,0.119,6.39,0.0,213.09,0
100464,05/05/2025,2025-05-09,Riyadh,store,bronze,30,50.43,0.05,44.53,0.0,1484.26,0
104663,3 Sep 2024,2024-09-17,Jeddah,online,gold,32,25.04,0.171,20.07,0.0,669.11,0
103622,2024/11/06,2024-11-15,riyadh,online,silver,30,47.86,0.092,39.75,0.0,1325.03,0
100386,2025-01-17,2025-01-18,Tabuk,phone,silver,25,23.59,,15.86,310.31,528.57,1
104066,2024-02-26,2024-03-11,Abha,store,bronze,39,121.22,0.161,121.62,0.0,4054.14,0
103649,2024/09/20,2024-10-04,riyadh,online,bronze,17,22.04,0.018,10.95,0.0,364.98,0
102664,2025-03-26,2025-04-07,Riyadh ,online,bronze,33,99.88,0.036,96.55,0.0,3218.37,0
101332,30 Dec 2024,2025-01-04,JEDDAH,online,silver,34,37.18,0.136,33.15,0.0,1105.07,0
102759,22 Apr 2024,2024-04-27,Dammam,online,silver,19,29.7,0.058,15.96,0.0,531.99,0
103676,2025-01-08,2025-01-19,Abha,online,silver,28,40.7,0.173,27.53,0.0,917.62,0
104741,2024-06-26,2024-07-04,Riyadh,online,bronze,10,19.42,,4.81,0.0,160.48,0
100017,06/11/2025,2025-06-15,Jeddah,online,gold,33,22.31,0.197,17.89,0.0,596.33,0
103279,2024-04-23,2024-05-06,Riyadh,online,silver,11,40.16,0.063,12.48,150.45,416.16,1
103802,2024-06-08,2024-06-13,Riyadh,online,bronze,40,40.1,,32.61,922.63,1086.91,1
100817,07/31/2024,2024-08-08,Tabuk,store,silver,39,79.0,0.22,71.93,0.0,2397.63,0
100245,17 Aug 2024,2024-08-23,Dammam,online,silver,3,45.86,0.105,3.76,0.0,125.35,0
100170,2025-01-21,2025-01-29,tabuk,online,bronze,3,27.58,0.05,2.35,78.56,78.37,1
101469,2024-07-21,2024-07-30,Dammam,store,gold,26,29.4,0.173,18.87,0.0,628.99,0
104365,2024-09-24,2024-10-08,Dammam,store,silver,26,77.87,0.183,49.76,0.0,1658.5,0
101211,04/17/2025,2025-05-01,Dammam,store,bronze,35,13.69,0.074,13.3,0.0,443.48,0
104478,2024/07/13,2024-07-15,Riyadh,store,bronze,19,10.3,0.168,4.99,0.0,166.26,0
103645,08/05/2024,2024-08-17,Riyadh,online,silver,39,45.73,,45.55,343.91,1518.45,1
102453,01/22/2025,2025-02-01,Dammam,store,silver,7,89.93,0.119,16.83,0.0,561.0,0
102115,2025/05/15,2025-05-28,riyadh,online,silver,19,62.75,0.209,29.06,645.64,968.61,1
104353,04/22/2024,2024-04-23,Dammam,online,silver,8,16.5,0.083,3.46,0.0,115.23,0
101875,3 Jan 2025,2025-01-10,Tabuk,online,bronze,10,23.17,0.173,5.64,115.0,188.04,1
100001,04/06/2024,2024-04-13,Dammam,phone,silver,33,24.93,,19.39,0.0,646.32,0
100483,2025-02-06,2025-02-20,Jeddah,online,bronze,31,35.87,0.124,29.01,597.1,967.12,1
103839,9 Mar 2024,2024-03-12,Abha,online,silver,17,9.7,,4.06,0.0,135.34,0
100312,2024/06/28,2024-07-09,Jeddah,phone,silver,7,26.82,,4.44,41.99,147.97,1
102444,11 Oct 2024,2024-10-20, Jeddah,phone,gold,40,54.69,,49.18,0.0,1639.46,0
103402,08/03/2024,2024-08-09,Abha,online,gold,3,52.44,,3.54,0.0,117.92,0
101049,7 Apr 2024,2024-04-14,abha,online,bronze,32,11.34,0.131,9.7,0.0,323.35,0
104064,2024-01-10,2024-01-12,JEDDAH,store,bronze,29,16.83,0.203,11.43,0.0,380.87,0
100041,2024-11-13,2024-11-26,Jeddah,online,gold,35,18.31,,14.44,0.0,481.21,0
103381,03/19/2024,2024-03-28,Riyadh,store,gold,34,30.72,0.16,26.38,438.44,879.27,1
101527,2024-04-10,2024-04-11, Jeddah,phone,silver,28,168.09,,104.38,0.0,3479.2,0
101961,2025-05-22,2025-06-04,dammam ,online,bronze,31,10.16,0.038,9.0,0.0,299.96,0
103877,2024/02/28,2024-03-07,Riyadh,online,silver,8,26.04,0.227,4.97,0.0,165.58,0
103055,01/22/2024,2024-02-01,Dammam,online,bronze,6,55.75,0.164,8.1,0.0,269.92,0
104186,2025-04-25,2025-05-01,Abha,store,silver,22,26.87,0.18,14.76,0.0,492.13,0
103961,10/15/2024,2024-10-25,Riyadh,online,gold,3,52.54,,3.6,78.63,119.96,1
101113,2024/01/23,2024-02-04,DAMMAM,store,bronze,12,43.32,0.149,13.23,0.0,441.04,0
101967,2025/05/03,2025-05-05,Dammam,online,gold,1,19.27,,0.42,0.0,14.13,0
100376,2025-03-10,2025-03-11,Riyadh ,online,gold,33,47.74,0.125,42.19,250.65,1406.46,1
103353,4 Apr 2025,2025-04-05,Riyadh ,online,silver,38,35.18,0.1,36.22,0.0,1207.23,0
102314,18 Jan 2024,2024-01-19,Riyadh,online,silver,37,17.01,,13.45,0.0,448.47,0
103461,11/02/2024,2024-11-04,Jeddah,store,bronze,32,67.23,0.044,63.84,0.0,2127.96,0
102452,2024-02-15,2024-02-19,DAMMAM,online,gold,40,14.6,0.12,15.14,0.0,504.82,0
103124,2025-06-11,2025-06-12,Jeddah,phone,bronze,29,17.36,,14.09,0.0,469.74,0
102056,2024-09-01,2024-09-14,JEDDAH,store,bronze,20,73.86,0.147,37.1,0.0,1236.58,0
100102,19 Jul 2024,2024-07-24,Dammam,online,silver,40,51.74,0.078,59.78,0.0,1992.72,0
103415,2025-02-02,2025-02-03,Riyadh,online,bronze,12,26.64,0.021,9.24,0.0,308.02,0
102257,8 Dec 2024,2024-12-16,Tabuk,phone,silver,20,107.57,,56.71,0.0,1890.34,0
103486,2025/02/23,2025-02-27,DAMMAM,phone,silver,4,65.53,,5.26,0.0,175.34,0
104285,28 Feb 2024,2024-03-08,Tabuk,store,bronze,9,77.4,0.184,17.06,0.0,568.66,0
101754,12/04/2024,2024-12-07,Abha,online,gold,1,49.62,,0.96,0.0,32.13,0
104242,2025/02/26,2025-03-06,abha,store,silver,31,28.6,0.196,22.06,0.0,735.35,0
103708,2024/11/24,2024-12-01,Dammam,store,silver,8,34.89,,4.65,0.0,155.11,0
102719,05/31/2024,2024-06-07,Riyadh,phone,silver,40,88.09,,89.65,0.0,2988.17,0
100588,2024/07/06,2024-07-16,Riyadh,store,silver,4,39.59,,3.63,0.0,120.85,0
102071,2025/03/12,2025-03-19,Abha,online,bronze,18,33.85,0.097,16.37,0.0,545.58,0
100197,29 Feb 2024,2024-03-01,Jeddah,store,silver,10,12.56,,3.3,0.0,110.16,0
104312,12/16/2024,2024-12-22,Abha,store,bronze,35,49.31,,36.88,0.0,1229.25,0
102667,2024/07/19,2024-07-31,Tabuk,store,bronze,23,41.28,0.132,25.35,0.0,844.96,0
104099,09/01/2024,2024-09-08,dammam ,online,bronze,10,60.04,0.182,14.84,0.0,494.51,0
100465,9 May 2025,2025-05-13,Jeddah,store,bronze,1,130.94,,3.19,106.42,106.48,1
103723,2024/03/21,2024-03-23,Abha,online,bronze,28,84.88,,69.97,0.0,2332.49,0
104289,10/03/2024,2024-10-14,Tabuk,online,silver,26,146.23,,74.48,0.0,2482.58,0
100477,2025-02-07,2025-02-12,Jeddah,store,bronze,3,18.35,0.159,1.39,0.0,46.33,0
100334,10/04/2024,2024-10-09,abha,store,silver,20,27.75,0.152,13.92,0.0,464.04,0
101569,2025-02-02,2025-02-10,Jeddah,store,silver,18,37.29,,12.14,0.0,404.6,0
103504,2024-01-26,2024-01-29,Dammam,online,bronze,38,62.08,0.143,60.76,0.0,2025.38,0
104538,2025/02/01,2025-02-05,abha,online,bronze,34,22.92,0.08,21.68,0.0,722.65,0
101679,2024/07/08,2024-07-13,abha,store,bronze,30,73.18,0.273,47.6,691.74,1586.57,1
101965,28 May 2025,2025-06-04,Dammam,online,silver,11,88.03,,18.07,0.0,602.38,0
104015,2024-09-27,2024-10-02,Jeddah,phone,gold,21,56.87,,30.58,0.0,1019.2,0
100818,30 Dec 2024,2025-01-10, Jeddah,online,bronze,26,19.55,0.119,13.52,0.0,450.65,0
100236,2024/05/11,2024-05-19,abha,online,silver,35,101.8,0.1,95.53,0.0,3184.37,0
100811,2025-02-25,2025-02-27,Riyadh,store,bronze,9,43.97,0.069,11.02,0.0,367.3,0
103508,2024/11/14,2024-11-28,Abha,online,silver,13,23.32,0.051,8.39,0.0,279.72,0
101293,06/23/2025,2025-07-05,Jeddah,phone,bronze,18,38.64,,16.71,0.0,556.92,0
101125,2024/02/28,2024-03-07,Jeddah,phone,bronze,7,66.27,,11.93,0.0,397.57,0
103988,13 May 2025,2025-05-23,Jeddah,online,bronze,11,9.46,0.078,2.86,0.0,95.37,0
100710,16 Mar 2025,2025-03-18,Jeddah,online,bronze,5,40.7,0.161,5.26,34.15,175.48,1
101621,2024-10-28,2024-11-11,Riyadh ,store,bronze,37,11.38,0.144,10.7,360.37,356.8,1
100060,2024/02/06,2024-02-08,Riyadh,phone,silver,4,255.52,,25.58,0.0,852.81,0
103157,05/19/2025,2025-06-02,Riyadh,online,gold,11,42.42,0.144,11.54,36.3,384.62,1
101586,2025/03/11,2025-03-15,tabuk,online,bronze,20,35.51,0.063,20.1,0.0,669.96,0
102916,2024/10/08,2024-10-10,riyadh,online,bronze,25,32.34,0.079,22.8,29.78,760.13,1
103558,2025-01-28,2025-02-05,TABUK ,online,bronze,29,74.76,,47.68,969.49,1589.33,1
102991,22 Jun 2024,2024-06-24,Abha,phone,silver,19,17.91,,7.63,0.0,254.46,0
103939,18 Feb 2024,2024-02-19,JEDDAH,online,gold,19,32.92,,12.7,0.0,423.5,0
103764,2024-04-13,2024-04-20,Riyadh,online,bronze,23,37.13,0.097,23.53,167.61,784.43,1
101689,05/13/2024,2024-05-18,Jeddah,store,bronze,19,61.87,0.089,32.21,676.44,1073.8,1
100927,2025-01-02,2025-01-06,riyadh,store,silver,21,50.94,0.101,29.06,0.0,968.74,0
101932,2024/01/11,2024-01-22,Dammam,store,silver,38,38.16,0.071,40.52,0.0,1350.51,0
103430,5 Nov 2024,2024-11-17,abha,store,bronze,19,35.34,0.16,16.68,0.0,555.93,0
100614,25 Mar 2025,2025-04-04,Tabuk,online,bronze,40,21.06,0.128,22.47,0.0,748.87,1
100826,2024-02-02,2024-02-12,Riyadh,store,bronze,4,11.48,0.004,1.36,0.0,45.28,0
101180,2024-12-15,2024-12-22,Riyadh ,phone,silver,1,32.16,,0.86,0.0,28.75,0
104137,2024/03/22,2024-03-24,Jeddah,online,bronze,15,39.14,0.074,16.45,0.0,548.31,0
102818,2024/06/15,2024-06-18,JEDDAH,phone,silver,19,49.71,,20.34,0.0,678.08,0
104817,25 Mar 2025,2025-03-27,Riyadh,store,bronze,39,22.36,,19.96,0.0,665.32,0
100604,07/07/2024,2024-07-12,Dammam,store,gold,7,43.73,0.14,8.02,0.0,267.42,0
103397,11 Mar 2025,2025-03-13,Riyadh,online,silver,21,37.11,0.16,19.14,0.0,637.92,0
104540,2025/01/18,2025-01-28, Jeddah,store,bronze,38,12.69,0.191,11.3,0.0,376.62,0
100417,2024/11/07,2024-11-20,Riyadh ,online,silver,40,27.84,0.135,28.65,0.0,954.97,0
104693,2024-08-09,2024-08-10,Dammam,online,silver,12,44.99,0.065,14.67,0.0,489.11,0
104565,2024/10/19,2024-10-21,riyadh,online,bronze,5,66.94,0.098,9.11,60.37,303.78,1
103954,6 Apr 2025,2025-04-13,Dammam,online,bronze,25,21.85,,11.73,0.0,390.94,0
103424,23 Aug 2024,2024-08-30,Jeddah,online,bronze,9,10.83,0.062,2.71,0.0,90.45,0
100094,2024/11/11,2024-11-20, Jeddah,online,silver,40,6.66,0.085,7.18,0.0,239.29,0
104626,29 Mar 2024,2024-03-31,Dammam,store,gold,27,22.83,0.145,16.29,0.0,542.98,0
101833,10/02/2024,2024-10-05,Jeddah,phone,bronze,37,50.54,,35.52,0.0,1183.86,0
100533,06/22/2025,2025-06-23,Jeddah,store,bronze,35,35.73,0.133,32.52,619.91,1083.93,1
101464,2024-10-22,2024-10-28,Riyadh,online,bronze,37,19.04,0.014,21.0,37.53,700.13,1
104708,13 Sep 2024,2024-09-14,Jeddah,online,bronze,32,22.68,0.062,20.12,0.0,670.66,0
102243,16 Aug 2024,2024-08-18, Jeddah,online,silver,7,26.38,0.075,5.13,0.0,170.89,0
102671,04/21/2025,2025-05-01,DAMMAM,online,silver,5,17.99,0.228,2.06,0.0,68.51,0
102392,06/22/2024,2024-07-03,DAMMAM,phone,bronze,4,36.86,,4.24,0.0,141.2,0
101613,04/19/2025,2025-04-22,dammam ,online,bronze,8,20.79,0.029,5.04,0.0,168.07,0
100571,2025-05-12,2025-05-18,Riyadh,online,silver,37,28.64,0.153,27.46,0.0,915.17,0
104652,2025-06-15,2025-06-19,Abha,online,gold,31,79.4,0.219,57.65,0.0,1921.72,0
101423,04/03/2024,2024-04-11,Jeddah,store,silver,30,93.26,0.11,75.58,2406.21,2519.41,1
103811,03/08/2025,2025-03-17,Jeddah,online,bronze,30,27.11,0.13,21.35,0.0,711.8,0
101086,08/02/2024,2024-08-12,Dammam,phone,bronze,1,57.06,,1.62,0.0,54.01,0
102882,2024-08-01,2024-08-02,Riyadh ,online,bronze,21,110.52,0.064,64.39,0.0,2146.41,0
100178,2025-04-03,2025-04-11,Tabuk,online,gold,9,38.23,0.214,8.23,0.0,274.44,0
103451,7 May 2024,2024-05-10,Dammam,store,silver,35,18.25,0.163,15.97,0.0,532.27,0
103903,22 Mar 2025,2025-03-29,DAMMAM,phone,silver,7,38.49,,6.45,0.0,214.9,0
102595,12/02/2024,2024-12-05,Riyadh,online,silver,22,9.64,0.259,4.67,0.0,155.63,0
100846,08/06/2024,2024-08-18,tabuk,online,silver,5,7.41,0.063,1.06,0.0,35.17,0
103670,2024/12/12,2024-12-19,Jeddah,phone,bronze,2,69.0,,4.01,66.22,133.77,1
102581,2024-05-03,2024-05-09,Riyadh,online,silver,13,18.89,,5.21,0.0,173.68,0
102830,04/16/2025,2025-04-19,Dammam,store,bronze,19,13.69,0.175,6.48,0.0,215.95,0
101300,04/25/2025,2025-04-28,Jeddah,online,bronze,16,17.73,0.05,7.95,185.21,264.85,1
103643,3 Oct 2024,2024-10-16,abha,online,gold,22,35.64,0.343,14.97,93.61,498.98,1
100664,2024/11/03,2024-11-05,Riyadh,online,bronze,35,18.92,0.183,16.02,108.17,534.14,1
103683,2024-08-24,2024-09-05, Jeddah,online,silver,36,64.79,0.102,62.44,0.0,2081.45,0
102997,2024/12/25,2025-01-01,Dammam,online,bronze,35,18.01,0.086,17.24,0.0,574.52,0
101823,01/26/2024,2024-02-03, Jeddah,online,bronze,35,83.32,0.047,82.01,0.0,2733.68,0
104448,2024-09-12,2024-09-14,Jeddah,phone,silver,32,38.2,,28.23,0.0,941.06,0
104283,2024-01-20,2024-02-02,Dammam,store,gold,1,30.07,,0.57,0.0,18.94,0
100779,2025-02-11,2025-02-15,Dammam,online,bronze,19,57.66,0.081,29.54,0.0,984.66,1
103669,14 Jun 2024,2024-06-17,JEDDAH,online,bronze,8,32.42,0.052,7.22,0.0,240.67,0
100302,2025/03/23,2025-03-26,Riyadh,online,gold,6,33.6,0.213,4.7,0.0,156.66,0
101818,2025-05-02,2025-05-16,Jeddah,online,gold,25,11.62,0.303,5.93,170.17,197.7,1
103774,2024-08-30,2024-09-02,Abha,phone,bronze,21,31.79,,17.67,56.09,588.93,1
103715,06/11/2025,2025-06-15,Abha,online,bronze,2,92.84,0.039,5.35,89.21,178.47,1
103284,2025-05-30,2025-06-11,Riyadh,store,bronze,16,93.34,0.025,42.75,1001.31,1425.07,1
103468,2024-11-20,2024-11-23,Riyadh,online,bronze,17,25.67,0.035,12.31,0.0,410.22,0
100003,2024/04/15,2024-04-24,Abha,store,silver,22,300.92,,128.04,0.0,4268.07,0
101883,06/30/2025,2025-07-03, Jeddah,online,silver,19,24.54,0.383,8.78,0.0,292.71,0
103334,2024-05-10,2024-05-24,Riyadh,store,gold,31,66.75,0.254,46.76,0.0,1558.54,0
100068,4 Apr 2024,2024-04-09,riyadh,online,bronze,7,71.26,0.074,14.0,0.0,466.57,0
104439,24 Sep 2024,2024-10-06,riyadh,phone,bronze,24,34.5,,22.69,0.0,756.34,0
104874,2024-06-11,2024-06-12,Jeddah,store,gold,24,17.73,0.153,10.87,210.35,362.23,1
102959,2024/07/16,2024-07-25,riyadh,online,bronze,19,79.09,0.063,43.45,0.0,1448.18,0
103793,04/23/2024,2024-04-29,Riyadh ,online,silver,6,41.79,0.179,6.0,0.0,200.11,0
100026,11/11/2024,2024-11-25,Riyadh,store,bronze,23,58.78,0.158,34.13,0.0,1137.59,0
100511,24 Nov 2024,2024-11-25,Riyadh,store,bronze,20,29.43,0.018,17.35,0.0,578.29,0
104280,2024-05-21,2024-05-25,Dammam,online,bronze,34,13.01,0.116,11.93,0.0,397.56,0
103132,2024/11/28,2024-12-09,TABUK ,store,bronze,14,18.77,0.036,7.48,0.0,249.37,0
101805,27 Jan 2025,2025-01-28,Dammam,online,bronze,12,30.49,0.083,9.75,0.0,324.88,0
104599,18 Feb 2024,2024-02-29,Riyadh,online,bronze,1,14.93,0.393,0.28,0.0,9.18,0
101363,1 Apr 2024,2024-04-12,Dammam,store,bronze,7,66.63,,10.28,0.0,342.81,0
101506,2025/04/28,2025-04-30, Jeddah,online,bronze,1,48.17,0.274,1.03,0.0,34.29,0
101213,2024-10-15,2024-10-23,Jeddah,phone,silver,3,33.34,,2.69,0.0,89.61,0
101912,2024/07/15,2024-07-28,Riyadh,store,silver,30,172.28,,112.86,0.0,3762.06,0
104468,9 Apr 2024,2024-04-18,dammam ,online,silver,2,3.42,0.104,0.18,0.0,6.07,0
103263,2024-06-17,2024-06-18,Riyadh,store,gold,2,29.1,,0.94,0.0,31.3,0
100057,2024-09-08,2024-09-09,Jeddah,online,bronze,29,111.27,0.031,94.83,0.0,3160.89,0
104308,2025-06-09,2025-06-10,Jeddah,store,bronze,6,19.19,0.043,3.34,0.0,111.28,0
102094,11 Dec 2024,2024-12-23,Riyadh ,phone,bronze,24,42.79,,26.57,0.0,885.59,0
102825,2025-06-16,2025-06-29,Tabuk,store,silver,17,68.8,0.111,31.64,734.0,1054.5,1
100158,02/26/2024,2024-03-03,Dammam,online,bronze,23,11.8,0.188,6.51,105.42,216.86,1
101467,2024/01/29,2024-02-01, Jeddah,online,bronze,11,24.01,,7.4,0.0,246.6,0
102604,2024/11/25,2024-12-09,dammam ,store,silver,5,48.62,0.148,6.1,0.0,203.21,0
103987,2 Apr 2025,2025-04-12,Riyadh,phone,bronze,29,52.02,,34.92,773.0,1163.97,1
100837,2025/05/02,2025-05-07,dammam ,online,bronze,2,23.29,0.235,1.06,0.0,35.49,0
103203,2024-12-13,2024-12-22,Tabuk,store,silver,10,19.34,0.085,5.24,0.0,174.79,0
101178,01/03/2024,2024-01-04,Jeddah,store,bronze,28,31.33,0.024,25.01,0.0,833.76,0
102019,2024-06-20,2024-07-04,Dammam,online,silver,6,143.44,0.249,19.92,0.0,664.12,0
100965,03/14/2024,2024-03-22,Tabuk,phone,silver,40,55.49,,53.22,0.0,1774.01,0
100591,2025/04/25,2025-05-04,Tabuk,online,silver,33,37.76,,24.47,0.0,815.77,0
103497,2024/03/06,2024-03-09,dammam ,online,bronze,13,78.1,0.361,19.67,598.95,655.62,1
101737,10 Jan 2025,2025-01-24,Tabuk,online,bronze,35,29.75,0.245,22.55,0.0,751.52,0
101788,2024/04/07,2024-04-14,Dammam,online,bronze,38,28.76,0.075,30.85,0.0,1028.44,0
100973,2024/07/19,2024-07-31,Riyadh,store,silver,20,39.3,0.202,18.62,0.0,620.67,0
100169,2025-01-21,2025-01-25,Riyadh,store,silver,31,51.92,0.23,37.57,0.0,1252.38,0
100541,2024/12/29,2025-01-02,Tabuk,online,bronze,4,62.99,0.073,7.0,175.2,233.33,1
102795,06/03/2025,2025-06-04,Abha,phone,bronze,26,35.67,,23.51,241.87,783.71,1
104533,2024/09/08,2024-09-09,Dammam,store,bronze,35,50.83,0.106,47.65,0.0,1588.33,0
104850,18 Mar 2025,2025-03-29,DAMMAM,phone,gold,8,26.82,,5.1,0.0,169.97,0
101861,15 Oct 2024,2024-10-27,Jeddah,store,silver,11,45.97,,8.77,8.38,292.2,0
100956,27 May 2025,2025-06-07,Tabuk,online,bronze,34,60.21,0.239,47.33,0.0,1577.53,0
101035,09/07/2024,2024-09-08,Jeddah,online,bronze,35,28.74,0.006,29.56,0.0,985.31,0
104106,2025-04-28,2025-04-30,riyadh,online,gold,31,65.78,0.29,43.36,0.0,1445.47,0
104261,2024-07-23,2024-07-25,Tabuk,store,silver,24,92.51,0.07,60.29,86.05,2009.75,1
102529,2024-08-18,2024-08-21,Abha,phone,silver,21,61.52,,30.6,95.98,1019.95,1
101767,9 Feb 2024,2024-02-21,Tabuk,online,bronze,3,96.64,0.123,7.77,0.0,259.07,0
101850,2 Apr 2024,2024-04-03,Dammam,online,bronze,9,53.97,0.12,12.81,0.0,427.02,0
104249,4 Apr 2025,2025-04-16,Riyadh,phone,silver,19,25.64,,12.43,0.0,414.37,0
101744,28 Dec 2024,2025-01-03,Tabuk,store,bronze,33,9.44,0.068,8.92,0.0,297.26,0
100361,2025/05/04,2025-05-17,Tabuk,online,bronze,35,22.04,0.04,21.47,529.18,715.67,1
101735,2025-04-02,2025-04-12,abha,store,silver,29,61.33,0.182,44.52,0.0,1484.02,0
102400,06/03/2024,2024-06-17,JEDDAH,phone,silver,1,23.48,,0.57,0.0,18.92,0
102971,2025/06/28,2025-07-06,Jeddah,phone,bronze,13,18.13,,4.64,118.84,154.69,1
102675,2024/01/16,2024-01-23,Jeddah,store,silver,15,75.12,0.238,26.52,0.0,883.91,0
100157,04/20/2024,2024-05-01,Riyadh ,store,bronze,34,53.97,0.09,48.17,0.0,1605.72,0
101328,2024/01/02,2024-01-16,Jeddah,store,bronze,37,65.65,0.094,66.85,0.0,2228.28,0
102281,10 Dec 2024,2024-12-12,Jeddah,online,bronze,33,67.5,0.186,57.03,439.53,1900.86,1
100905,15 Jan 2024,2024-01-25,Tabuk,online,silver,18,46.43,,18.4,0.0,613.28,0
102817,2025-01-13,2025-01-14,Riyadh,online,silver,34,92.16,0.2,76.44,1548.24,2547.96,1
100025,06/29/2024,2024-07-03,dammam ,online,bronze,8,21.02,0.018,5.01,0.0,166.89,0
102873,05/25/2024,2024-06-05,Riyadh ,phone,silver,14,30.45,,9.34,131.0,311.17,1
102855,2024/09/19,2024-09-27,dammam ,online,silver,10,35.62,0.118,9.67,0.0,322.17,0
104065,05/12/2024,2024-05-21,riyadh,online,bronze,10,26.88,0.118,7.03,0.0,234.33,0
100196,2025/02/27,2025-03-10,Riyadh,online,bronze,17,35.97,0.148,15.07,398.28,502.41,1
100641,09/12/2024,2024-09-15,Dammam,phone,silver,10,43.58,,9.17,0.0,305.65,0
103453,27 Feb 2025,2025-03-07,Riyadh,online,bronze,17,66.18,0.182,27.78,0.0,925.96,0
104587,2024-04-12,2024-04-20,Jeddah,online,bronze,7,16.66,0.445,1.96,0.0,65.41,0
104221,2025/01/24,2025-01-25,Riyadh,store,silver,27,36.18,0.127,25.67,0.0,855.54,0
102308,2024-07-04,2024-07-12,Jeddah,phone,bronze,1,201.23,,5.2,178.19,173.3,1
102615,2025/02/08,2025-02-10,Riyadh ,online,silver,40,12.69,0.27,11.24,0.0,374.52,0
101989,26 Mar 2025,2025-04-09,Tabuk,online,bronze,37,36.23,0.188,32.84,0.0,1094.62,0
100987,18 Jul 2024,2024-07-31,JEDDAH,online,bronze,30,23.46,0.182,17.33,287.97,577.55,1
101544,2025/04/06,2025-04-16,riyadh,store,bronze,26,36.55,0.185,23.71,0.0,790.17,0
100225,29 Apr 2025,2025-05-05,riyadh,store,bronze,8,92.95,0.148,19.04,0.0,634.57,0
102429,02/09/2024,2024-02-15,Dammam,online,bronze,27,43.31,,23.88,176.74,796.06,1
101294,2025-03-13,2025-03-23,Riyadh,online,gold,2,35.08,0.256,1.56,26.1,52.01,1
103713,28 Jun 2025,2025-07-02,tabuk,online,silver,11,30.31,,5.91,0.0,197.15,0
102812,14 Oct 2024,2024-10-21,Abha,phone,bronze,37,33.56,,30.59,0.0,1019.81,0
104356,10/09/2024,2024-10-23,Dammam,online,gold,10,68.11,0.149,17.26,0.0,575.33,0
102935,05/26/2025,2025-05-27,Dammam,online,silver,34,16.87,0.124,14.95,487.86,498.44,1
101242,2025/02/05,2025-02-08,Riyadh,online,bronze,11,18.21,0.036,5.59,17.56,186.19,1
100603,2025/01/17,2025-01-29,Tabuk,online,bronze,21,121.58,0.248,59.65,0.0,1988.36,0
103305,2025-04-23,2025-04-24,Dammam,online,silver,38,26.44,0.281,22.42,0.0,747.36,0
102467,2024-04-12,2024-04-25,Abha,online,gold,10,43.85,0.256,9.71,0.0,323.64,0
100812,2024/05/05,2024-05-07,Riyadh,online,silver,25,39.06,0.13,26.04,0.0,868.12,0
104288,24 Jun 2024,2024-07-03,Riyadh,phone,silver,25,248.5,,179.61,0.0,5987.07,0
104238,04/07/2025,2025-04-14,Abha,online,bronze,36,120.1,0.04,123.33,0.0,4110.89,0
101801,09/26/2024,2024-10-03,Dammam,store,bronze,23,49.83,0.071,31.54,0.0,1051.22,0
102344,2024/02/18,2024-02-27,Riyadh,store,bronze,7,69.44,0.043,14.21,465.24,473.62,1
102975,23 Apr 2025,2025-05-02,Jeddah,store,bronze,40,116.58,0.162,119.43,0.0,3981.05,0
100908,2024/11/10,2024-11-23,riyadh,online,bronze,31,24.4,,16.63,0.0,554.5,0
104196,2024-03-25,2024-04-07,Jeddah,store,silver,20,68.26,0.25,31.37,0.0,1045.69,0
100971,01/23/2024,2024-01-26,Riyadh ,online,bronze,21,8.13,0.178,4.21,0.0,140.46,0
103171,2024-11-27,2024-12-02,Tabuk,store,gold,31,18.63,0.235,13.0,0.0,433.46,0
103148,16 Sep 2024,2024-09-23,dammam ,store,bronze,30,19.16,0.13,14.9,0.0,496.81,0
103264,28 Nov 2024,2024-12-05,Jeddah,online,bronze,40,123.79,,95.05,0.0,3168.25,0
103611,2024-02-02,2024-02-10,Dammam,online,bronze,33,21.27,,17.06,396.89,568.73,1
102085,2024/02/20,2024-02-25,Dammam,online,silver,22,41.68,0.143,23.32,0.0,777.38,0
103074,03/06/2025,2025-03-09,Dammam,online,silver,35,44.01,0.104,41.17,0.0,1372.22,0
102261,2024-12-09,2024-12-21,Dammam,online,bronze,29,140.38,,112.48,2403.07,3749.43,1
101453,2024-01-23,2024-02-04,Abha,online,bronze,4,24.75,0.042,2.83,71.15,94.49,1
103926,2024/08/04,2024-08-13,Jeddah,online,silver,11,64.95,0.152,18.1,0.0,603.19,0
103983,22 Oct 2024,2024-10-27, Jeddah,store,bronze,6,12.4,0.152,1.91,42.04,63.8,1
104237,2024/12/10,2024-12-11,Jeddah,online,bronze,9,59.81,0.05,14.93,0.0,497.51,0
100080,2024-07-07,2024-07-17,abha,phone,bronze,2,24.24,,1.19,0.0,39.72,0
100716,8 Mar 2025,2025-03-18,Riyadh,online,bronze,26,69.67,0.148,48.17,1306.3,1605.79,1
100150,02/05/2025,2025-02-07,Riyadh,phone,silver,23,106.65,,64.55,0.0,2151.66,0
101427,2024/07/14,2024-07-20,Riyadh,phone,bronze,6,28.75,,5.13,139.67,170.9,1
101732,2024-12-25,2025-01-03,Riyadh,online,silver,38,17.76,0.076,19.06,0.0,635.17,0
103965,4 Mar 2025,2025-03-13,JEDDAH,store,bronze,8,116.45,0.142,24.2,299.66,806.58,1
101342,2024-05-08,2024-05-17,Abha,online,bronze,14,24.79,0.065,9.74,0.0,324.73,0
100168,2024/08/06,2024-08-18,abha,online,bronze,23,129.15,0.058,82.31,2797.45,2743.6,1
100735,2024-07-17,2024-07-23,Riyadh,phone,silver,31,162.33,,138.07,0.0,4602.46,0
101259,08/01/2024,2024-08-13,Jeddah,online,bronze,38,7.42,0.063,8.13,0.0,270.95,0
103156,21 Dec 2024,2024-12-31,Riyadh ,phone,silver,19,11.19,,4.92,0.0,164.09,0
103380,2024/10/28,2024-11-03,Tabuk,store,silver,3,55.34,0.187,4.12,0.0,137.18,0
101409,2024-04-13,2024-04-27,Abha,store,gold,33,35.12,,24.46,741.42,815.36,1
102918,2025-06-03,2025-06-10,abha,store,gold,20,107.77,0.255,48.45,0.0,1615.03,0
103682,2024/08/20,2024-08-28,Riyadh,online,silver,7,213.64,0.102,40.96,0.0,1365.5,0
102735,23 May 2024,2024-06-04,Riyadh,store,bronze,19,27.45,0.141,12.75,0.0,424.86,0
103041,11 Feb 2024,2024-02-19,Jeddah,phone,gold,22,36.31,,17.27,0.0,575.65,0
104649,2024/01/24,2024-01-30,riyadh,online,bronze,32,34.15,0.13,28.05,0.0,935.12,0
104067,7 May 2025,2025-05-18,Riyadh,online,silver,13,17.25,,4.99,0.0,166.36,0
104758,1 Mar 2024,2024-03-14,TABUK ,online,bronze,38,22.81,0.032,25.34,0.0,844.58,0
102955,2025/02/20,2025-02-24,Jeddah,online,gold,18,69.37,0.246,26.85,0.0,894.98,0
103598,2025-04-05,2025-04-11,Tabuk,online,silver,26,86.03,0.17,56.38,0.0,1879.24,0
103050,2025-02-08,2025-02-22,Riyadh,online,bronze,31,19.16,,13.42,0.0,447.31,0
103042,03/30/2025,2025-04-13,Tabuk,store,bronze,22,38.69,0.135,21.99,0.0,733.0,0
102169,09/25/2024,2024-10-02,Riyadh,store,silver,37,35.68,0.065,36.51,66.71,1217.04,1
104680,2024-08-27,2024-09-02,Abha,store,bronze,39,42.41,0.095,45.14,0.0,1504.8,0
104376,2024/07/16,2024-07-27,Riyadh,online,bronze,35,22.37,0.149,18.9,647.06,629.91,1
102140,2024-01-30,2024-02-09,Abha,phone,bronze,2,58.19,,2.57,85.59,85.54,1
100854,2025/02/13,2025-02-15,tabuk,online,bronze,27,23.75,0.032,18.72,68.94,623.92,1
101827,2025/05/24,2025-06-03,Jeddah,store,silver,3,49.01,0.112,3.82,0.0,127.34,0
100428,2025/01/19,2025-01-30,Abha,online,silver,39,32.8,0.07,36.67,0.0,1222.5,0
103105,2025/03/29,2025-04-09,dammam ,store,bronze,4,128.63,0.199,11.95,0.0,398.38,0
101373,2024/06/04,2024-06-13,Jeddah,online,silver,6,22.71,,2.28,0.0,76.07,0
100690,2 Dec 2024,2024-12-14, Jeddah,online,bronze,35,32.7,0.233,26.88,0.0,895.97,0
103604,1 Jan 2025,2025-01-06,Riyadh,phone,bronze,18,35.27,,17.68,0.0,589.44,0
100499,2024/01/26,2024-02-06,Jeddah,online,silver,9,28.63,0.108,6.97,0.0,232.23,0
100008,3 Feb 2025,2025-02-09,Abha,store,silver,20,22.89,0.164,11.38,0.0,379.38,0
101438,06/21/2024,2024-06-23,JEDDAH,online,bronze,35,21.2,0.239,17.66,0.0,588.66,0
101533,03/16/2025,2025-03-30,Jeddah,online,bronze,34,27.21,0.069,25.83,532.21,861.05,1
103348,2024-12-28,2025-01-11,Jeddah,online,bronze,19,20.61,0.032,11.37,0.0,378.89,0
103038,2024/06/03,2024-06-08,Riyadh,online,silver,8,31.84,0.144,6.69,136.28,223.08,1
104466,03/02/2025,2025-03-06,Riyadh,phone,bronze,36,109.61,,98.29,1454.72,3276.22,1
100045,15 Feb 2025,2025-02-20,Abha,online,bronze,9,67.54,0.232,14.27,363.0,475.77,1
102828,2025/01/22,2025-01-28,Riyadh,online,bronze,38,75.04,0.267,62.8,0.0,2093.22,0
104628,2024-07-20,2024-08-02,Riyadh,online,bronze,11,50.4,0.079,15.43,0.0,514.37,0
103440,8 Sep 2024,2024-09-16,Jeddah,online,gold,39,58.53,,42.25,1005.5,1408.2,1
100731,2025/04/12,2025-04-23,Riyadh,online,gold,22,42.61,,19.72,0.0,657.5,0
102399,2025-03-03,2025-03-12,Riyadh,online,bronze,6,77.02,0.132,11.85,0.0,395.15,0
104576,01/12/2025,2025-01-16,Riyadh,online,gold,20,37.06,0.367,13.81,0.0,460.34,0
100901,01/05/2025,2025-01-11, Jeddah,online,bronze,5,76.03,0.215,9.19,0.0,306.17,0
104864,26 Nov 2024,2024-12-08,Dammam,store,gold,13,10.65,,2.5,0.0,83.3,0
103192,24 Feb 2024,2024-03-05,Riyadh,online,bronze,9,24.12,0.007,6.26,0.0,208.71,0
101893,11/26/2024,2024-12-07,Jeddah,store,silver,23,49.99,0.281,25.27,0.0,842.29,0
104264,11 May 2025,2025-05-14,Abha,online,gold,20,51.32,0.229,23.49,0.0,783.0,0
101810,26 Mar 2025,2025-04-09,Riyadh,store,bronze,33,68.07,0.008,67.48,0.0,2249.43,0
102568,2025/05/22,2025-06-01,Riyadh,online,bronze,30,62.57,0.111,51.51,166.87,1716.89,1
103496,27 Mar 2024,2024-04-02,Abha,online,bronze,13,14.56,0.124,5.0,0.0,166.69,0
104808,04/23/2025,2025-04-25, Jeddah,online,bronze,37,27.66,0.118,26.34,707.66,877.97,1
104719,2024/10/13,2024-10-17,JEDDAH,online,silver,21,47.86,0.054,27.93,0.0,931.15,0
104404,2025-05-09,2025-05-15,Riyadh,store,bronze,17,29.47,0.118,13.08,0.0,436.06,0
101107,2024/03/17,2024-03-21,Riyadh,online,silver,19,28.83,0.069,15.69,241.63,523.16,1
104589,2025-01-05,2025-01-11,Dammam,phone,silver,19,7.88,,3.92,0.0,130.62,0
102674,11 Feb 2024,2024-02-15,Jeddah,phone,gold,2,82.37,,3.65,0.0,121.64,0
100948,2025-02-13,2025-02-25,Abha,store,bronze,9,34.51,0.06,8.55,0.0,284.96,0
103152,03/26/2025,2025-03-28,Jeddah,online,bronze,4,42.36,0.107,4.75,0.0,158.32,0
103945,2024-08-22,2024-08-26,Riyadh ,online,bronze,2,139.17,0.243,6.53,0.0,217.77,0
100321,2024-04-25,2024-05-06,Tabuk,online,bronze,20,39.73,0.088,21.96,0.0,731.98,0
102626,05/31/2024,2024-06-11,JEDDAH,online,silver,7,50.64,0.158,9.37,0.0,312.38,0
103439,27 Aug 2024,2024-09-08,Riyadh,online,bronze,31,37.02,0.07,31.65,929.37,1055.07,1
101943,12 Jun 2024,2024-06-25,Jeddah,online,bronze,14,80.74,0.06,31.74,0.0,1058.11,0
100203,2025/06/30,2025-07-05,Jeddah,online,bronze,27,59.19,0.132,40.55,0.0,1351.65,0
102768,06/18/2024,2024-06-28,Dammam,online,bronze,30,23.67,0.076,19.64,174.98,654.67,1
102887,2024/07/09,2024-07-11,riyadh,online,gold,27,46.95,0.277,27.54,0.0,918.03,0
100484,8 Apr 2025,2025-04-18,Riyadh ,online,silver,23,93.95,0.169,53.5,0.0,1783.36,0
104800,2024-04-17,2024-04-23,Dammam,online,bronze,39,48.65,0.131,48.98,0.0,1632.73,0
100480,03/10/2024,2024-03-14,JEDDAH,online,bronze,23,12.54,0.235,6.7,153.42,223.24,1
103898,03/21/2024,2024-04-02,JEDDAH,online,silver,35,196.99,0.166,170.81,1149.39,5693.64,1
104597,20 Nov 2024,2024-12-04,Jeddah,online,silver,24,41.29,0.144,25.36,530.12,845.43,1
101738,03/05/2024,2024-03-10,Riyadh ,phone,bronze,16,25.91,,9.91,307.71,330.41,1
103212,20 Feb 2024,2024-03-02,Dammam,online,silver,34,126.47,0.207,103.9,3411.16,3463.23,1
104020,2025-01-12,2025-01-18,Dammam,store,silver,24,13.01,,7.02,0.0,233.98,0
102728,2024-08-13,2024-08-19,Riyadh,online,bronze,2,13.76,,0.62,10.03,20.6,1
104776,2025-01-03,2025-01-07,riyadh,store,silver,20,51.12,0.095,27.85,0.0,928.23,0
104879,2024/09/25,2024-09-26,Jeddah,online,gold,16,26.73,0.318,8.92,0.0,297.32,0
103382,16 Mar 2025,2025-03-17,Abha,online,silver,28,227.01,0.382,118.56,1683.83,3951.93,1
100711,2024-11-06,2024-11-14,Tabuk,online,bronze,11,43.33,0.159,11.75,0.0,391.54,0
101525,01/28/2025,2025-02-06,Dammam,phone,bronze,28,40.66,,32.73,0.0,1090.96,0
103804,2024/08/27,2024-08-30,Riyadh ,online,silver,24,17.79,0.213,9.95,0.0,331.77,0
102215,2024/03/27,2024-04-05,Tabuk,online,silver,40,37.7,,30.38,0.0,1012.66,0
102146,2025-01-31,2025-02-03,Tabuk,store,silver,22,164.33,0.143,92.56,0.0,3085.48,0
104867,2024-07-30,2024-08-04,Riyadh,store,silver,34,84.17,0.093,76.57,0.0,2552.45,0
100839,2024-08-12,2024-08-13,Jeddah,online,bronze,35,62.46,0.128,55.95,0.0,1864.89,0
101074,2025-04-21,2025-05-01,Tabuk,store,silver,36,22.19,,12.56,0.0,418.75,0
102244,2024-12-12,2024-12-19,Riyadh ,phone,bronze,40,57.57,,52.61,0.0,1753.72,0
100659,29 Nov 2024,2024-12-02,Jeddah,online,bronze,23,28.98,0.083,19.17,531.63,638.88,1
102177,22 Feb 2024,2024-03-04, Jeddah,phone,gold,35,33.3,,22.08,298.25,735.94,1
101474,2025-01-18,2025-01-24,Jeddah,store,gold,31,37.27,0.152,28.93,569.2,964.26,1
101817,2024/02/17,2024-02-24,Dammam,online,silver,3,24.95,,2.04,44.2,67.92,1
101974,2024-10-20,2024-10-24,Jeddah,online,silver,7,14.18,,2.62,0.0,87.39,0
100542,2024-08-28,2024-09-01,Jeddah,store,silver,6,51.42,0.051,8.56,0.0,285.38,0
103343,2024/05/05,2024-05-15,Riyadh,online,gold,34,37.72,0.133,33.27,0.0,1109.13,0
104757,2024-06-14,2024-06-17,Jeddah,store,bronze,36,4.8,0.339,3.42,0.0,114.03,0
102023,06/10/2024,2024-06-22,Riyadh,store,bronze,11,48.21,0.084,14.64,0.0,488.16,0
104504,09/25/2024,2024-10-06, Jeddah,online,silver,14,13.27,0.077,5.17,0.0,172.19,0
104841,2025-06-04,2025-06-17,abha,store,silver,37,39.46,,38.18,34.82,1272.75,1
103882,2024-02-18,2024-02-29,Tabuk,store,bronze,4,44.68,0.047,5.01,127.72,167.1,1
102631,05/26/2024,2024-06-03,Riyadh,online,bronze,23,21.91,0.147,13.27,0.0,442.22,0
101766,2025-02-13,2025-02-21,Riyadh,store,bronze,2,160.15,0.136,8.26,276.79,275.43,1
101758,2 May 2024,2024-05-15,TABUK ,online,silver,5,26.36,0.37,2.47,66.41,82.24,1
100143,08/15/2024,2024-08-16,tabuk,store,silver,18,144.13,0.242,57.83,0.0,1927.77,0
102902,29 May 2024,2024-06-02,Tabuk,online,bronze,38,65.69,0.126,65.23,0.0,2174.27,0
104513,2024/08/04,2024-08-14,Abha,phone,bronze,33,46.81,,42.94,0.0,1431.37,0
103086,04/30/2025,2025-05-09,riyadh,online,silver,20,52.97,,28.54,0.0,951.29,0
100822,27 Jun 2024,2024-07-06,Jeddah,online,silver,40,55.44,0.058,61.74,731.46,2058.04,1
100582,2024/07/07,2024-07-15,Jeddah,phone,silver,16,27.52,,10.78,112.56,359.38,1
100679,2024-05-06,2024-05-20,Riyadh,phone,bronze,37,52.37,,50.59,0.0,1686.21,0
101261,2024-03-09,2024-03-18,Riyadh,online,bronze,9,52.57,0.026,13.65,0.0,454.9,0
102309,01/19/2024,2024-01-21,Jeddah,online,bronze,24,39.02,0.056,26.34,0.0,878.13,0
102907,2024/05/16,2024-05-20,Tabuk,online,bronze,31,33.47,0.139,27.18,172.93,905.9,1
104542,03/28/2025,2025-04-08,Riyadh,store,silver,22,48.0,0.229,24.69,0.0,823.05,0
102382,2025-06-25,2025-07-01,riyadh,store,bronze,35,26.73,,17.89,0.0,596.37,0
101193,07/12/2024,2024-07-17,Abha,online,gold,9,6.23,0.42,0.97,0.0,32.45,0
101565,23 Apr 2024,2024-04-25,Abha,online,silver,27,16.99,0.151,11.63,0.0,387.66,0
101707,28 Mar 2024,2024-03-31,Riyadh,online,bronze,4,26.29,0.104,2.92,0.0,97.45,0
101933,20 Mar 2024,2024-03-23,Dammam,online,silver,25,54.6,0.228,31.03,0.0,1034.4,0
101854,2025/02/21,2025-03-05,dammam ,store,silver,7,19.33,,2.77,0.0,92.27,0
100841,04/01/2025,2025-04-14,riyadh,store,bronze,16,77.11,0.185,31.35,880.26,1045.14,1
102477,10 Jun 2025,2025-06-18,riyadh,store,bronze,18,20.88,0.082,10.45,0.0,348.46,0
104437,05/23/2024,2024-05-24,abha,online,bronze,30,41.6,0.037,36.13,0.0,1204.19,0
102297,7 Mar 2025,2025-03-17,Dammam,online,silver,30,53.29,,33.68,0.0,1122.52,0
104495,04/09/2025,2025-04-16,Riyadh,phone,bronze,30,41.5,,35.8,0.0,1193.36,0
104337,14 Oct 2024,2024-10-17,Riyadh ,store,bronze,27,63.53,0.156,43.21,0.0,1440.22,0
100164,2025/02/21,2025-02-26,Riyadh,online,bronze,40,59.11,0.122,64.04,311.47,2134.51,1
104619,03/10/2024,2024-03-23, Jeddah,phone,gold,7,76.77,,11.07,0.0,369.03,0
100371,2025/04/12,2025-04-14,Dammam,phone,bronze,5,12.46,,1.09,0.0,36.44,0
101206,2025/01/27,2025-02-04,riyadh,online,bronze,39,65.53,0.161,63.49,1374.22,2116.25,1
104266,07/17/2024,2024-07-30,JEDDAH,online,silver,7,35.31,0.301,5.13,0.0,170.89,0
104827,02/08/2025,2025-02-18,riyadh,store,bronze,17,58.62,0.114,27.06,0.0,902.15,0
102136,2024/03/13,2024-03-19, Jeddah,online,gold,24,34.39,0.234,18.76,0.0,625.28,0
101481,2024-11-17,2024-11-20,Jeddah,store,bronze,2,26.64,0.054,1.49,0.0,49.63,0
101690,2024/03/21,2024-03-29, Jeddah,online,bronze,12,59.35,0.086,18.83,0.0,627.63,0
101699,09/03/2024,2024-09-06,tabuk,phone,silver,11,19.79,,4.27,0.0,142.24,0
100789,2024/12/03,2024-12-06,Abha,store,bronze,27,84.73,0.325,47.13,0.0,1571.11,0
101821,08/14/2024,2024-08-24,Tabuk,online,bronze,30,62.35,0.243,43.95,94.36,1465.08,1
102623,7 May 2025,2025-05-21,Riyadh,store,bronze,20,21.07,0.094,11.78,0.0,392.53,0
104276,11/09/2024,2024-11-15,Riyadh ,store,bronze,19,38.11,0.111,19.16,0.0,638.73,0
104342,2024/10/22,2024-10-28,Riyadh,online,silver,6,48.08,,6.3,0.0,209.9,0
103797,2024-03-30,2024-04-07,dammam ,online,bronze,4,21.88,0.102,2.32,0.0,77.4,0
101383,2024-12-28,2025-01-08,Jeddah,store,gold,16,17.13,,5.62,0.0,187.45,0
100813,26 Jan 2024,2024-01-28,Tabuk,online,gold,17,114.1,,41.84,0.0,1394.66,0
103094,11 Jan 2025,2025-01-24,Tabuk,online,bronze,1,65.69,0.125,1.7,0.0,56.61,0
100421,9 Apr 2024,2024-04-21,Dammam,phone,bronze,22,45.13,,26.73,0.0,891.09,0
103906,06/04/2025,2025-06-12,Dammam,online,silver,37,155.4,0.104,157.77,0.0,5258.88,0
102286,2024-07-12,2024-07-13,Riyadh,store,gold,19,42.1,,17.07,0.0,568.88,0
100648,2025/01/26,2025-02-02,Jeddah,store,bronze,22,37.67,,16.57,0.0,552.19,0
101116,2024/01/01,2024-01-04,Riyadh,store,bronze,26,44.98,0.128,31.0,0.0,1033.28,0
104110,05/12/2024,2024-05-26,Jeddah,phone,bronze,31,38.61,,24.04,0.0,801.31,0
100834,31 May 2025,2025-06-04,Dammam,online,gold,18,44.47,0.127,20.9,0.0,696.69,0
102802,2024-01-03,2024-01-08,Jeddah,online,bronze,24,9.81,0.139,6.14,0.0,204.66,0
100671,09/08/2024,2024-09-19,Riyadh,online,silver,12,35.7,0.092,11.63,0.0,387.53,0
104284,10/05/2024,2024-10-08,Riyadh,phone,bronze,39,162.74,,178.74,0.0,5958.08,0
102121,2025-02-12,2025-02-26,riyadh,store,gold,17,32.12,0.238,12.31,0.0,410.2,0
102178,18 May 2025,2025-05-31,Abha,phone,bronze,3,67.79,,4.93,0.0,164.45,0
101040,2025/04/18,2025-04-30,Riyadh,phone,silver,14,98.01,,37.09,0.0,1236.26,0
101321,2024/11/21,2024-11-22,Jeddah,store,silver,15,58.87,0.098,24.7,0.0,823.29,0
102495,2024-02-29,2024-03-09,Tabuk,online,bronze,1,47.51,0.073,1.3,0.0,43.28,0
101487,6 Jun 2024,2024-06-20,Tabuk,online,gold,13,16.32,0.231,4.84,0.0,161.38,0
103446,2025/04/29,2025-05-13,Riyadh,online,bronze,8,72.23,0.277,12.5,417.78,416.53,1
103619,2025-01-03,2025-01-06,Riyadh,store,bronze,4,35.93,0.262,3.2,0.0,106.68,0
104095,06/23/2024,2024-06-25,Riyadh,online,gold,37,40.72,,34.73,0.0,1157.67,0
101800,2024-07-10,2024-07-23,Dammam,store,bronze,38,53.19,0.043,58.65,0.0,1954.98,0
100724,2024-06-04,2024-06-08,tabuk,store,gold,13,30.99,0.136,10.37,0.0,345.51,0
101183,2025/02/27,2025-03-09,Riyadh,online,silver,37,94.06,0.143,88.53,0.0,2950.85,0
104288,24 Jun 2024,2024-07-03,Riyadh,phone,silver,25,248.5,,179.61,0.0,5987.07,0
102224,2024-08-10,2024-08-20,Riyadh,online,bronze,22,23.08,0.082,14.3,105.9,476.71,1
104643,2025-01-30,2025-02-02,Jeddah,phone,silver,5,15.39,,2.0,0.0,66.59,0
101340,2025-01-27,2025-02-06,Jeddah,online,gold,20,36.82,0.127,19.11,0.0,637.14,0
104310,2024-01-26,2024-01-27,Dammam,store,silver,13,45.41,0.184,13.87,0.0,462.29,0
102479,03/30/2024,2024-04-10,Jeddah,phone,gold,17,109.93,,49.98,0.0,1666.04,0
102150,29 Jun 2025,2025-07-05,Riyadh ,store,bronze,18,8.97,0.148,4.07,0.0,135.67,0
104766,2025/04/28,2025-04-30,Riyadh,store,silver,31,7.83,0.061,6.71,0.0,223.82,0
102485,01/09/2025,2025-01-15,Abha,phone,bronze,6,17.17,,2.98,0.0,99.27,0
104052,15 Aug 2024,2024-08-28,Dammam,store,bronze,2,56.39,0.056,3.05,0.0,101.63,0
104180,2024/08/23,2024-08-29,TABUK ,phone,silver,20,57.63,,32.15,0.0,1071.52,0
104273,05/15/2024,2024-05-19,Abha,online,gold,40,27.65,0.188,27.08,0.0,902.68,0
102772,2025-01-09,2025-01-13,Abha,store,gold,3,17.64,0.274,1.18,0.0,39.48,0
103889,2025-05-24,2025-06-05,Tabuk,online,silver,16,42.99,0.227,16.21,0.0,540.19,0
101404,2024-11-22,2024-11-24,Riyadh,phone,bronze,31,33.46,,28.83,0.0,960.93,0
102932,9 Jun 2024,2024-06-20,Riyadh,store,bronze,26,45.58,0.135,31.94,0.0,1064.5,0
102616,05/21/2024,2024-06-01,JEDDAH,online,bronze,33,158.32,0.045,149.24,0.0,4974.68,0
100217,12/30/2024,2025-01-08,Riyadh,store,silver,12,41.01,0.178,11.79,0.0,393.02,0
101471,2024/01/15,2024-01-18,TABUK ,online,silver,16,72.78,0.147,29.21,0.0,973.8,0
104087,3 Jan 2024,2024-01-10,Jeddah,store,silver,31,57.61,0.207,42.6,0.0,1419.93,0
103557,05/31/2025,2025-06-14,Jeddah,online,bronze,21,24.79,0.177,13.07,0.0,435.73,0
100985,2024/06/30,2024-07-04,Riyadh,store,bronze,28,23.48,0.028,19.84,0.0,661.4,0
103154,2025/01/04,2025-01-12,Riyadh,phone,bronze,39,22.7,,22.13,0.0,737.78,0
101479,12/11/2024,2024-12-15,Jeddah,store,gold,16,20.15,0.225,7.45,0.0,248.46,0
102185,2025/01/08,2025-01-22,Jeddah,online,bronze,6,30.7,0.115,4.94,0.0,164.56,0
103149,2024-04-22,2024-05-01,abha,online,silver,7,16.87,0.158,3.09,0.0,102.84,0
101691,2024-10-27,2024-11-07,Abha,store,bronze,25,7.31,0.098,4.87,0.0,162.21,0
100222,2024/02/12,2024-02-17,Jeddah,online,silver,30,12.49,0.132,9.86,0.0,328.56,0
102515,2025-05-23,2025-06-03,Riyadh ,store,gold,24,60.62,0.248,32.88,0.0,1095.97,0
102028,04/17/2025,2025-04-20,JEDDAH,online,silver,13,38.02,0.078,13.52,0.0,450.76,0
100064,13 Jun 2025,2025-06-17,DAMMAM,online,bronze,3,68.85,,5.53,0.0,184.2,0
103618,22 Oct 2024,2024-11-04,Riyadh ,store,silver,21,59.34,0.111,31.62,0.0,1054.11,0
101452,2025/05/27,2025-06-09,DAMMAM,store,gold,3,13.27,0.4,0.73,23.87,24.3,1
101272,02/16/2025,2025-03-01,JEDDAH,online,silver,34,28.82,0.193,24.65,371.91,821.79,1
102815,9 Sep 2024,2024-09-19,Riyadh,store,bronze,2,23.3,0.128,1.23,0.0,40.94,0
100036,2025/05/24,2025-05-29,riyadh,store,bronze,12,38.05,0.143,11.41,0.0,380.33,0
101633,2024-08-11,2024-08-21,Dammam,store,bronze,38,71.53,0.244,62.86,0.0,2095.26,0
100156,2025-03-08,2025-03-10,Dammam,online,silver,10,83.52,0.196,20.16,0.0,672.16,0
104868,8 Jun 2024,2024-06-18,Riyadh ,store,silver,8,189.54,,29.03,0.0,967.55,0
102881,2024-05-18,2024-05-22,Riyadh,store,bronze,10,93.74,0.167,23.28,0.0,775.9,0
100107,07/15/2024,2024-07-27,Jeddah,online,bronze,11,35.7,0.052,11.1,0.0,370.06,0
102970,2024-11-27,2024-11-28,riyadh,store,bronze,30,22.88,0.132,17.82,0.0,593.94,0
102684,10/13/2024,2024-10-23,Jeddah,online,bronze,32,5.79,0.158,4.66,58.5,155.38,1
103278,2025-04-16,2025-04-22,Jeddah,store,bronze,40,12.8,0.194,12.29,0.0,409.63,0
101971,3 May 2025,2025-05-10,Riyadh ,phone,bronze,23,10.88,,6.61,0.0,220.31,0
103613,2025/06/05,2025-06-08,Dammam,online,silver,34,16.42,0.142,14.08,0.0,469.17,0
103963,04/30/2025,2025-05-12,Dammam,store,bronze,23,23.65,0.166,14.08,0.0,469.37,0
102553,2024-04-23,2024-04-30,dammam ,online,bronze,29,35.26,0.421,17.67,183.81,588.97,1
102331,23 Jan 2025,2025-02-06,Jeddah,online,silver,35,28.78,0.206,24.53,0.0,817.78,0
103445,2025/06/13,2025-06-19,abha,online,gold,2,32.09,0.216,1.54,50.33,51.26,1
102913,2024/11/02,2024-11-05,Jeddah,online,bronze,28,78.92,0.056,61.66,0.0,2055.28,0
101132,01/23/2025,2025-01-27,JEDDAH,online,bronze,23,36.68,,20.15,0.0,671.65,0
104560,2025/01/18,2025-01-22,Dammam,online,bronze,13,31.63,,9.28,189.1,309.5,1
102219,2025/04/27,2025-05-06,Tabuk,online,bronze,2,67.47,0.17,3.28,56.03,109.49,1
102212,2024-03-03,2024-03-17,Jeddah,online,silver,2,46.55,0.156,2.29,0.0,76.2,0
101721,2025-04-07,2025-04-18,Riyadh,store,bronze,23,60.92,0.068,38.67,0.0,1289.01,0
102414,2025-03-09,2025-03-21,Jeddah,store,bronze,17,43.3,0.252,16.61,64.76,553.61,1
104247,2024/09/20,2024-09-27,Abha,phone,silver,35,31.06,,27.23,0.0,907.72,0
101241,2025/03/08,2025-03-15,Abha,store,bronze,39,73.28,0.337,55.44,0.0,1847.96,0
102927,03/08/2024,2024-03-11,dammam ,store,bronze,18,76.92,0.145,33.83,0.0,1127.59,0
102494,5 Apr 2025,2025-04-08,TABUK ,online,bronze,34,68.04,0.203,55.92,596.33,1864.05,1
101618,2024-09-03,2024-09-08,Jeddah,online,bronze,32,34.15,0.089,30.54,0.0,1017.93,0
102438,2024-07-16,2024-07-21,DAMMAM,online,silver,31,17.98,,10.25,80.57,341.69,1
104348,2025-02-02,2025-02-08,abha,online,bronze,35,38.19,0.353,25.08,0.0,836.08,0
104268,1 Nov 2024,2024-11-06,Abha,store,bronze,34,90.02,0.1,82.47,0.0,2749.09,0
101212,2024/03/13,2024-03-26,Abha,phone,bronze,38,47.01,,52.34,1603.5,1744.52,1
103433,2025/01/17,2025-01-24,Tabuk,online,bronze,32,34.44,0.018,33.23,0.0,1107.75,0
103277,17 Mar 2024,2024-03-21, Jeddah,phone,silver,19,51.33,,24.21,0.0,807.02,0
101838,10/31/2024,2024-11-05,JEDDAH,online,bronze,16,47.98,,17.21,144.28,573.83,1
103571,2025-04-18,2025-04-25,DAMMAM,online,bronze,30,35.82,0.045,31.29,0.0,1042.96,0
100793,2024/08/28,2024-09-02,Riyadh,phone,gold,4,37.55,,3.58,0.0,119.23,0
101526,2024-02-12,2024-02-25,riyadh,online,bronze,28,17.19,0.067,13.54,0.0,451.24,0
104104,2024-12-06,2024-12-10,riyadh,online,gold,17,22.4,0.222,8.76,104.59,292.0,1
101187,2024/07/16,2024-07-18,Jeddah,phone,bronze,34,31.15,,28.33,0.0,944.39,0
100840,07/24/2024,2024-07-30,Jeddah,phone,bronze,16,120.96,,40.75,940.26,1358.24,1
100422,05/11/2024,2024-05-19,Riyadh,store,gold,25,43.31,,24.31,0.0,810.39,0
102152,06/23/2025,2025-07-03,Riyadh,phone,silver,24,20.06,,12.64,0.0,421.18,0
104793,02/26/2024,2024-03-07,Riyadh ,online,silver,18,72.32,0.08,35.42,0.0,1180.7,0
101351,2024-06-29,2024-07-09,abha,online,bronze,9,83.92,,18.09,0.0,602.92,0
104645,2025/03/01,2025-03-02,Riyadh,phone,bronze,2,54.51,,2.58,0.0,86.0,0
103593,2025-04-27,2025-05-06,Abha,store,silver,10,7.94,0.106,2.09,0.0,69.6,0
103716,2024-11-29,2024-12-12,abha,store,bronze,7,83.88,0.187,14.58,0.0,485.98,0
101166,07/03/2024,2024-07-06,Abha,online,silver,13,35.66,,9.36,0.0,312.07,0
104146,12 May 2025,2025-05-13,Riyadh,phone,bronze,2,71.41,,3.64,0.0,121.34,0
102208,05/22/2024,2024-05-29,Jeddah,online,bronze,28,36.32,0.062,28.36,919.48,945.5,1
104321,2024-07-10,2024-07-11,Abha,online,bronze,28,57.37,0.075,45.74,0.0,1524.73,0
100246,21 Mar 2024,2024-03-24,Abha,online,silver,10,64.24,0.174,15.73,0.0,524.18,0
102693,2025-01-12,2025-01-23,Abha,store,bronze,38,94.04,,85.57,0.0,2852.34,0
102098,2024/11/07,2024-11-08,Jeddah,online,gold,27,25.79,0.156,17.7,0.0,589.96,0
101422,2024-04-05,2024-04-19,Jeddah,online,bronze,5,31.88,0.19,3.78,0.0,126.13,0
102070,2024-09-28,2024-10-11, Jeddah,online,silver,7,13.21,0.142,2.37,0.0,79.07,0
101338,26 Nov 2024,2024-12-10,Jeddah,store,gold,28,13.94,0.242,8.89,0.0,296.45,0
104426,2024-12-15,2024-12-29,Jeddah,online,silver,36,82.77,0.183,74.55,0.0,2484.87,0
103515,2025/05/14,2025-05-17,Tabuk,store,bronze,36,14.87,0.134,14.18,0.0,472.59,0
103037,2024/10/31,2024-11-06,DAMMAM,phone,silver,14,36.4,,14.72,0.0,490.58,0
100564,2025-04-17,2025-05-01,dammam ,store,silver,25,28.54,0.23,16.18,0.0,539.21,0
104072,06/29/2024,2024-07-02,Dammam,online,bronze,26,106.48,0.159,69.12,0.0,2303.87,0
100496,10/23/2024,2024-11-02,Jeddah,online,silver,14,53.43,0.219,18.12,0.0,604.11,0
101100,04/14/2024,2024-04-18,Riyadh,online,bronze,2,30.27,0.026,1.76,0.0,58.5,0
104329,2025-06-12,2025-06-19,Abha,online,silver,22,12.86,0.129,7.57,0.0,252.36,0
102793,2024/07/26,2024-08-04,DAMMAM,store,bronze,28,87.11,0.221,58.12,0.0,1937.21,0
104282,28 Mar 2025,2025-04-03, Jeddah,store,bronze,19,38.39,0.07,19.98,0.0,666.14,0
100326,02/18/2025,2025-02-22,Dammam,store,silver,23,46.49,0.076,30.4,0.0,1013.33,0
100495,2024-08-28,2024-09-01,Abha,store,silver,30,82.72,0.242,56.39,0.0,1879.75,0
104453,02/28/2024,2024-03-06,Dammam,online,bronze,21,25.19,0.076,14.52,0.0,484.07,0
102860,2025-01-29,2025-02-01,Jeddah,phone,bronze,3,43.99,,3.55,0.0,118.22,0
102104,02/09/2024,2024-02-11,TABUK ,store,silver,4,104.44,,8.73,0.0,291.12,0
104554,2024/11/15,2024-11-21,Dammam,online,silver,34,45.33,,34.0,0.0,1133.45,0
101357,2025-02-23,2025-02-28,Jeddah,online,gold,15,37.8,0.18,14.1,0.0,469.88,0
103947,2024-04-02,2024-04-07,riyadh,online,bronze,22,37.41,,15.07,0.0,502.23,0
103332,03/20/2024,2024-03-28,Riyadh ,store,silver,14,54.95,,14.3,0.0,476.68,0
103868,5 Feb 2024,2024-02-10,Riyadh ,online,bronze,20,15.84,0.165,8.26,0.0,275.23,0
102366,2024-10-14,2024-10-28,DAMMAM,store,bronze,22,26.45,0.295,11.96,0.0,398.82,0
104790,2024/08/19,2024-08-25,DAMMAM,online,gold,6,45.35,0.152,6.75,0.0,225.08,0
101356,2024/03/27,2024-04-04,Riyadh,online,silver,3,30.88,0.147,2.3,0.0,76.71,0
100527,9 Oct 2024,2024-10-21,Tabuk,phone,bronze,31,13.01,,10.38,0.0,345.9,0
100739,2025/03/17,2025-03-20,Jeddah,store,bronze,7,65.74,0.197,10.97,0.0,365.77,0
102669,2025/03/04,2025-03-10,Jeddah,phone,gold,39,21.47,,18.81,0.0,626.91,0
102238,2024-07-23,2024-08-03,Riyadh,online,bronze,7,67.58,0.037,13.67,130.17,455.7,1
101866,2025-02-20,2025-03-06,Abha,online,silver,3,15.47,0.092,1.26,0.0,41.89,0
104718,21 Apr 2024,2024-05-05,Jeddah,store,bronze,30,59.28,0.096,48.5,0.0,1616.7,0
102516,2024/06/17,2024-06-29,abha,online,silver,32,73.94,0.1,61.79,1730.07,2059.72,1
102333,28 Apr 2024,2024-05-07,Abha,online,gold,3,51.39,,3.26,0.0,108.57,0
104071,10/03/2024,2024-10-10,Jeddah,online,bronze,3,81.83,0.24,5.63,0.0,187.75,0
104727,08/11/2024,2024-08-18,Abha,online,bronze,35,41.71,0.125,39.91,656.61,1330.32,1
103158,2025/04/08,2025-04-21,Riyadh,store,bronze,36,102.37,0.079,103.89,0.0,3463.14,0
103325,2024/04/12,2024-04-13,Dammam,online,bronze,17,26.9,0.224,10.53,0.0,351.06,0
100253,5 Jun 2025,2025-06-14,Jeddah,online,bronze,9,33.94,0.059,8.68,0.0,289.17,0
104805,09/09/2024,2024-09-13,Abha,store,bronze,39,97.82,0.047,108.02,0.0,3600.79,0
102839,07/10/2024,2024-07-20,JEDDAH,store,silver,35,29.55,0.115,26.71,0.0,890.23,0
103887,2024/06/24,2024-07-06,TABUK ,store,bronze,21,46.28,0.156,24.73,0.0,824.33,0
103854,03/25/2024,2024-03-26,Jeddah,store,gold,7,128.11,,19.28,0.0,642.74,0
102875,2024-03-09,2024-03-13,Riyadh,online,silver,32,38.41,0.125,31.69,0.0,1056.4,0
100871,2024/06/24,2024-07-04,Dammam,online,bronze,5,12.6,0.397,1.15,22.79,38.46,1
100505,11/07/2024,2024-11-09,Jeddah,online,bronze,24,108.47,0.009,76.27,0.0,2542.25,0
101317,05/08/2024,2024-05-16,JEDDAH,online,silver,10,25.05,0.12,6.75,0.0,224.94,0
101749,05/21/2025,2025-05-22,Jeddah,phone,silver,5,74.87,,8.52,0.0,283.84,0
101382,2024-03-23,2024-03-30,Riyadh,online,silver,37,87.03,0.214,73.73,0.0,2457.73,0
104635,07/20/2024,2024-07-31,Dammam,store,bronze,22,30.16,0.063,19.41,0.0,646.84,0
104819,2024-12-17,2024-12-21,Jeddah,online,silver,4,92.72,0.299,7.81,195.08,260.46,1
102148,2024-10-10,2024-10-13,Tabuk,store,bronze,40,7.67,0.077,8.47,0.0,282.44,0
102659,04/19/2025,2025-04-24,Riyadh,store,bronze,40,77.0,0.038,87.44,0.0,2914.68,0
103182,7 Jul 2024,2024-07-15,Riyadh,online,bronze,4,87.15,0.21,8.4,68.85,279.91,1
101162,02/12/2025,2025-02-20,Dammam,store,silver,4,19.81,0.149,2.08,0.0,69.44,0
102994,03/15/2025,2025-03-19,Jeddah,online,gold,18,35.99,0.234,14.79,0.0,493.04,0
104121,2024/12/29,2024-12-31,tabuk,store,silver,38,154.24,,124.26,0.0,4142.07,0
103246,2024/02/28,2024-03-06,Jeddah,store,bronze,37,17.25,0.052,18.13,0.0,604.39,0
101784,2024-09-16,2024-09-21,riyadh,store,bronze,5,72.58,0.192,8.9,0.0,296.74,0
104555,6 Apr 2024,2024-04-11,riyadh,phone,gold,28,70.82,,45.35,0.0,1511.74,0
102850,2024-04-25,2024-05-05,Jeddah,store,silver,36,199.02,0.133,193.45,0.0,6448.21,0
104119,16 Dec 2024,2024-12-30,Riyadh ,store,bronze,7,26.16,0.078,5.11,0.0,170.23,0
102133,2024-09-19,2024-09-27,Tabuk,store,gold,12,45.43,0.434,9.12,0.0,304.16,0
102274,2024-03-04,2024-03-11,Abha,online,silver,32,10.7,0.149,9.0,0.0,299.87,0
103732,28 Apr 2024,2024-05-07,TABUK ,store,bronze,11,15.76,0.084,4.69,0.0,156.31,0
103254,2024-05-11,2024-05-25,JEDDAH,online,bronze,4,55.16,0.114,5.94,0.0,197.87,0
103083,01/16/2025,2025-01-20,Dammam,phone,silver,38,106.81,,102.05,178.11,3401.69,1
104001,12 Jan 2025,2025-01-17,dammam ,online,bronze,1,64.12,0.158,1.68,0.0,55.84,0
102087,21 Nov 2024,2024-12-02,Jeddah,store,gold,1,34.02,,0.71,0.0,23.73,0
103493,15 Mar 2025,2025-03-18,Abha,online,bronze,36,28.65,0.213,23.31,338.18,777.09,1
102754,2024-06-19,2024-06-26,Riyadh,store,bronze,20,7.64,0.185,3.66,0.0,121.91,0
100770,2024/10/14,2024-10-25,Dammam,online,bronze,22,15.79,,8.56,0.0,285.24,0
102906,29 Oct 2024,2024-10-31,DAMMAM,online,bronze,20,21.76,,8.95,28.67,298.4,1
100522,2024/12/07,2024-12-09,Jeddah,store,bronze,34,25.27,0.218,19.97,0.0,665.78,0
104486,08/26/2024,2024-08-30,Riyadh,store,silver,11,6.92,0.094,2.06,18.82,68.68,1
101016,2024/12/28,2025-01-02,riyadh,online,silver,7,86.86,0.156,15.91,0.0,530.38,0
101362,2024/10/09,2024-10-13,Jeddah,store,bronze,12,41.79,0.08,13.84,0.0,461.19,0
103217,4 Dec 2024,2024-12-14,Jeddah,store,silver,25,18.63,,9.25,0.0,308.37,0
101167,2025/02/09,2025-02-21,Abha,store,silver,29,51.95,,25.84,269.88,861.49,1
104189,2024-04-03,2024-04-10,Riyadh,phone,silver,19,16.65,,6.99,0.0,232.88,0
103953,2025-02-01,2025-02-04,Tabuk,phone,bronze,22,38.85,,22.82,0.0,760.74,0
102456,8 Oct 2024,2024-10-09, Jeddah,online,silver,8,17.49,0.062,4.0,0.0,133.24,0
102827,4 Sep 2024,2024-09-18,Jeddah,online,bronze,26,40.45,0.264,22.97,357.17,765.74,1
102360,2024/01/31,2024-02-12,riyadh,online,silver,27,96.54,,43.14,0.0,1438.04,0
104438,2025/04/24,2025-04-26,Riyadh,online,silver,2,37.52,0.208,1.79,0.0,59.51,0
103172,18 Sep 2024,2024-09-22,dammam ,store,gold,2,55.86,0.244,2.64,0.0,88.01,0
103206,6 Mar 2024,2024-03-20,JEDDAH,store,bronze,22,23.2,0.083,14.02,0.0,467.32,0
102253,01/28/2025,2025-02-10,Jeddah,phone,bronze,12,22.2,,7.08,0.0,236.09,0
102957,03/31/2024,2024-04-06,Riyadh,online,bronze,39,69.09,0.186,65.56,1461.55,2185.17,1
101547,06/02/2025,2025-06-10,Riyadh,online,silver,19,149.84,0.136,73.52,0.0,2450.67,0
100569,2025-02-26,2025-03-11,Jeddah,online,bronze,30,25.3,0.026,21.99,0.0,733.06,0
102628,18 Jul 2024,2024-07-28,JEDDAH,store,bronze,20,35.94,0.197,17.14,57.74,571.24,1
103621,2025-01-25,2025-01-30,Dammam,online,silver,34,126.18,0.222,100.13,785.69,3337.61,1
103569,2025-01-22,2025-02-01,Abha,online,bronze,25,16.91,0.056,11.59,0.0,386.29,0
100392,24 May 2024,2024-06-02,Riyadh ,phone,bronze,11,34.72,,8.13,0.0,270.96,0
102316,2024/09/30,2024-10-06,Riyadh ,phone,bronze,26,35.59,,21.85,0.0,728.47,0
101811,2025-04-05,2025-04-14,Riyadh,store,silver,10,13.13,0.227,3.02,0.0,100.76,0
102078,01/04/2024,2024-01-12,Riyadh,phone,bronze,27,7.32,,5.5,165.46,183.29,1
101523,07/25/2024,2024-07-29,Tabuk,online,silver,3,36.67,0.238,2.44,83.85,81.2,1
101091,03/04/2024,2024-03-14,Riyadh,online,bronze,26,175.01,0.124,119.05,0.0,3968.44,0
103487,5 Jul 2024,2024-07-11,Dammam,phone,bronze,11,27.82,,7.85,0.0,261.64,0
100864,2025-04-29,2025-05-04, Jeddah,store,gold,23,59.04,0.394,24.74,71.51,824.59,1
102175,2025/01/22,2025-01-26,Jeddah,phone,gold,40,48.07,,48.53,0.0,1617.79,0
103147,08/24/2024,2024-09-05,Dammam,store,bronze,32,40.08,0.158,32.11,0.0,1070.46,0
103696,2025-06-04,2025-06-08,Jeddah,store,bronze,13,40.68,0.077,14.96,0.0,498.57,0
102232,9 Oct 2024,2024-10-17,Dammam,online,silver,28,22.0,0.136,15.7,0.0,523.19,0
103806,12 Feb 2025,2025-02-26,Riyadh,store,bronze,9,13.59,0.15,3.15,0.0,105.15,0
101620,2024/03/05,2024-03-18,Riyadh,online,silver,33,77.08,0.286,55.77,1045.19,1858.86,1
102373,2025/06/21,2025-06-25,Riyadh ,online,gold,15,48.48,,11.99,0.0,399.56,0
104516,2024-05-08,2024-05-16,Riyadh,store,gold,19,78.64,0.173,36.8,0.0,1226.76,0
100266,2024/02/04,2024-02-09,riyadh,online,silver,23,61.99,0.105,39.97,1221.1,1332.49,1
101492,2024/08/23,2024-09-04,Abha,store,gold,38,64.3,0.107,66.0,0.0,2200.16,0
101483,2024-11-08,2024-11-18,Jeddah,online,bronze,7,95.52,0.235,15.34,0.0,511.46,0
103092,7 Apr 2025,2025-04-11,Tabuk,phone,bronze,30,10.37,,7.29,0.0,243.0,0
100847,2024/12/28,2025-01-01,Jeddah,online,bronze,21,28.38,0.019,17.62,0.0,587.25,0
100568,14 Sep 2024,2024-09-19,Riyadh,online,gold,28,39.19,,23.63,0.0,787.63,0
100247,03/20/2024,2024-03-27,Dammam,online,silver,7,25.88,0.195,4.26,0.0,142.08,0
103390,2025-01-29,2025-02-07,Riyadh,online,silver,26,32.95,0.061,23.76,0.0,791.89,0
103659,11 Jun 2024,2024-06-16,Abha,online,silver,16,6.84,0.169,2.68,68.23,89.24,1
100384,2025-03-12,2025-03-23, Jeddah,online,silver,1,41.07,0.189,0.98,0.0,32.78,0
100883,2025-04-04,2025-04-06,TABUK ,store,bronze,2,43.67,0.194,2.09,0.0,69.62,0
101979,2025/02/23,2025-03-05,Dammam,online,silver,13,20.89,0.082,7.54,0.0,251.19,0
104143,06/07/2024,2024-06-19,Riyadh ,store,bronze,32,158.09,0.079,135.43,0.0,4514.32,0
103638,13 Jan 2024,2024-01-20,Riyadh,online,silver,33,18.13,0.242,13.57,0.0,452.33,0
104460,03/26/2025,2025-04-01,Abha,online,bronze,21,58.9,0.144,32.39,0.0,1079.61,0
101396,2025-05-27,2025-06-09,riyadh,online,gold,29,45.11,,28.1,0.0,936.76,0
101615,2024/08/02,2024-08-08,abha,online,bronze,22,31.06,,12.92,409.98,430.63,1
100375,07/27/2024,2024-08-08,riyadh,store,bronze,10,13.64,0.224,3.07,0.0,102.22,0
100949,21 Jan 2025,2025-01-25,Abha,store,bronze,23,50.31,,24.24,0.0,807.9,0
104836,04/03/2025,2025-04-14,Abha,store,gold,7,65.32,0.198,10.98,0.0,365.96,0
103510,2024/06/20,2024-06-27,Riyadh,store,gold,16,19.79,0.134,8.37,0.0,278.85,0
102987,7 Sep 2024,2024-09-13,Riyadh,phone,bronze,35,42.37,,40.85,0.0,1361.57,0
101664,2024-02-10,2024-02-11,Riyadh,online,bronze,20,136.78,0.079,72.99,0.0,2432.95,0
104144,19 Oct 2024,2024-10-25,Jeddah,online,bronze,16,5.43,,2.31,0.0,77.13,0
104045,12/06/2024,2024-12-19,Jeddah,store,gold,28,96.4,0.188,63.63,1801.29,2121.09,1
100626,17 Mar 2025,2025-03-21,Jeddah,online,bronze,26,31.93,0.257,18.25,0.0,608.31,0
100835,19 Nov 2024,2024-12-02,Dammam,store,silver,18,22.94,0.217,9.5,0.0,316.76,0
103753,2024/08/08,2024-08-12,Jeddah,store,bronze,34,13.07,,9.5,0.0,316.81,0
100556,2024/04/13,2024-04-19,Riyadh,store,silver,8,86.77,0.13,18.26,0.0,608.58,0
103269,12/11/2024,2024-12-12,TABUK ,online,silver,22,74.64,0.083,45.06,0.0,1501.85,0
103008,07/09/2024,2024-07-12,Riyadh,online,bronze,29,45.58,0.064,37.57,0.0,1252.22,0
100543,13 Jun 2025,2025-06-20,abha,store,silver,16,92.36,0.105,38.13,0.0,1270.92,0
104514,2024/06/30,2024-07-02,Riyadh,phone,silver,1,37.62,,0.85,0.0,28.46,0
101858,2024-05-19,2024-05-29,Riyadh,online,silver,34,132.9,,85.98,2380.37,2866.07,1
103134,2025/03/26,2025-04-01,Riyadh,online,bronze,22,11.67,,5.52,0.0,183.85,0
101995,09/21/2024,2024-09-26,Jeddah,store,silver,24,46.3,,21.1,172.21,703.22,1
102352,22 Jun 2025,2025-07-01,Abha,online,bronze,22,17.44,0.166,10.22,43.61,340.73,1
101799,11/05/2024,2024-11-19,Jeddah,store,bronze,3,58.41,,3.79,0.0,126.26,0
103011,23 Apr 2025,2025-05-05,Riyadh,store,bronze,2,44.94,,1.66,0.0,55.5,0
101345,2024/12/26,2024-12-29,Tabuk,phone,bronze,29,45.1,,30.73,0.0,1024.17,0
103383,8 Feb 2025,2025-02-13,TABUK ,online,bronze,9,40.49,0.024,11.08,0.0,369.45,0
101278,2024-10-09,2024-10-12,Riyadh,online,bronze,14,21.31,0.254,6.63,158.98,221.1,1
102695,18 Jul 2024,2024-07-30,Abha,online,bronze,27,74.74,,40.17,96.85,1339.05,1
102370,2024/04/11,2024-04-12,Jeddah,phone,bronze,27,35.73,,27.74,0.0,924.73,0
102696,2025/04/17,2025-04-22,Riyadh ,phone,silver,1,42.88,,1.16,0.0,38.69,0
104002,06/24/2024,2024-07-02, Jeddah,online,bronze,36,30.38,,32.73,0.0,1090.89,0
104269,03/07/2024,2024-03-08,Abha,store,bronze,4,75.72,0.126,7.86,0.0,262.04,0
104003,2024/06/25,2024-06-29,Abha,online,silver,34,41.46,0.097,39.05,1272.56,1301.69,1
100006,14 May 2024,2024-05-19,TABUK ,online,gold,2,25.55,0.245,1.16,38.58,38.55,1
104823,05/10/2024,2024-05-24,DAMMAM,online,bronze,16,66.67,0.059,28.8,0.0,960.05,0
104299,2025-05-01,2025-05-10,JEDDAH,online,bronze,16,56.57,0.099,24.19,0.0,806.36,0
100435,07/07/2024,2024-07-18,Riyadh,online,silver,32,41.44,0.05,38.35,0.0,1278.49,0
100055,7 Jul 2024,2024-07-13,Dammam,phone,silver,22,59.13,,33.92,0.0,1130.59,0
104319,9 Jun 2025,2025-06-18,Abha,online,silver,13,43.69,0.162,14.02,0.0,467.28,0
103336,2025-04-18,2025-04-22,Jeddah,online,gold,35,92.12,0.177,77.81,0.0,2593.51,0
102711,2024/04/15,2024-04-26,Tabuk,store,bronze,10,24.99,0.095,6.63,226.08,220.92,1
103406,2025-06-18,2025-06-24,Abha,store,bronze,7,98.94,0.253,15.38,0.0,512.62,0
103533,2024-07-10,2024-07-14,Jeddah,store,gold,6,37.53,0.136,5.82,0.0,193.94,0
100127,2024/08/21,2024-08-27,riyadh,store,bronze,25,10.57,0.094,7.09,0.0,236.45,0
103859,23 Jul 2024,2024-08-01,dammam ,online,gold,24,27.69,0.241,15.44,0.0,514.66,0
103744,03/06/2025,2025-03-11,Jeddah,online,silver,31,66.18,,36.66,0.0,1222.09,0
101566,06/16/2024,2024-06-28,Jeddah,online,silver,20,73.04,,37.18,932.72,1239.21,1
100993,2024-02-17,2024-02-27,Abha,store,bronze,33,36.67,0.259,26.68,0.0,889.32,0
102609,28 Feb 2025,2025-03-07,Dammam,online,bronze,20,33.11,,19.0,0.0,633.29,0
100051,11 Jun 2025,2025-06-22,riyadh,online,gold,36,23.05,0.133,21.12,479.4,703.92,1
103248,2024-01-10,2024-01-20,Abha,online,silver,17,70.49,,24.13,0.0,804.42,0
103438,2025-03-17,2025-03-30,Riyadh ,store,bronze,17,25.4,0.301,9.03,0.0,301.01,0
102350,2025/06/13,2025-06-25,Riyadh ,online,silver,27,44.3,,22.03,0.0,734.49,0
101389,2025/03/03,2025-03-16,Tabuk,online,silver,5,28.36,0.09,3.88,0.0,129.28,0
101313,2024/09/16,2024-09-23,Jeddah,phone,silver,39,36.05,,31.49,0.0,1049.8,0
104483,10/20/2024,2024-10-26,Abha,store,gold,5,28.96,0.137,3.73,0.0,124.27,0
101815,2025/01/08,2025-01-10,Abha,store,bronze,8,78.8,0.058,17.64,0.0,588.16,0
104783,2025-03-10,2025-03-16,Tabuk,store,gold,2,49.77,0.382,1.85,0.0,61.58,0
102129,11 Feb 2025,2025-02-20,Riyadh,store,bronze,21,32.29,0.12,17.6,0.0,586.62,0
102577,11/04/2024,2024-11-14,dammam ,online,bronze,13,12.99,0.111,4.58,0.0,152.64,0
101098,2024/01/13,2024-01-26,Abha,store,gold,18,13.02,,5.26,0.0,175.45,0
102268,2024-10-13,2024-10-18,JEDDAH,online,gold,26,17.93,,9.21,0.0,307.05,0
100360,22 May 2025,2025-06-05,Jeddah,online,gold,25,17.16,,8.23,0.0,274.29,0
103765,13 Apr 2024,2024-04-21,Riyadh,online,bronze,40,47.11,0.181,44.12,0.0,1470.52,0
101792,2024-11-11,2024-11-21,Riyadh,phone,bronze,28,20.05,,15.84,0.0,527.93,0
100191,2024-02-06,2024-02-20,Tabuk,online,bronze,15,59.28,0.157,22.35,699.49,745.02,1
103514,06/06/2024,2024-06-13,TABUK ,online,bronze,4,21.62,0.189,2.09,0.0,69.65,0
100685,2024-01-02,2024-01-05,DAMMAM,online,gold,27,31.69,,17.71,0.0,590.19,0
103998,2024/09/11,2024-09-25,Jeddah,online,silver,12,39.69,0.206,11.58,0.0,386.04,0
102481,07/26/2024,2024-08-04,Jeddah,store,bronze,22,21.63,0.127,12.56,0.0,418.81,0
101558,17 Aug 2024,2024-08-22,Jeddah,online,bronze,40,34.58,0.129,36.97,0.0,1232.25,0
103205,04/16/2025,2025-04-23,Tabuk,online,silver,30,52.81,0.188,38.45,0.0,1281.74,0
103309,28 Feb 2025,2025-03-01,Jeddah,online,bronze,22,158.67,0.025,103.93,1392.83,3464.41,1
100697,2024/12/17,2024-12-19,DAMMAM,online,silver,5,16.89,,1.89,0.0,62.87,0
104871,17 May 2024,2024-05-29, Jeddah,online,bronze,34,52.75,0.011,53.83,521.52,1794.3,1
102264,2025/06/30,2025-07-14,Riyadh,online,gold,15,68.62,0.209,25.23,0.0,840.92,0
100797,16 Apr 2024,2024-04-20,Riyadh,online,bronze,26,48.52,,26.36,0.0,878.71,0
104759,2024/01/01,2024-01-09,Riyadh,online,gold,40,60.44,,45.97,115.28,1532.28,1
104648,2025-06-14,2025-06-17,Riyadh,store,bronze,28,124.99,0.186,86.31,1221.57,2876.93,1
102713,2024/01/17,2024-01-27,riyadh,online,silver,29,48.49,0.161,36.09,0.0,1202.96,0
104849,2024/09/24,2024-10-01,Riyadh,store,bronze,39,36.47,0.052,40.92,0.0,1363.99,0
101680,2024-04-29,2024-05-04,Jeddah,store,bronze,33,50.56,,34.58,0.0,1152.68,0
104492,8 Jan 2025,2025-01-12,Abha,online,silver,17,49.16,0.184,19.73,0.0,657.8,0
103301,2024-02-06,2024-02-10,Tabuk,online,silver,28,28.94,,16.47,0.0,548.98,0
100408,06/08/2024,2024-06-15,Abha,store,bronze,16,21.79,0.159,8.84,0.0,294.59,0
104765,10/27/2024,2024-11-10, Jeddah,phone,silver,21,36.27,,15.8,195.66,526.57,1
102181,2025/01/27,2025-02-10,Abha,online,bronze,29,160.22,0.112,118.78,2133.7,3959.37,1
104204,2024-05-22,2024-05-23,Dammam,online,bronze,6,56.1,0.027,9.61,0.0,320.38,0
103414,02/22/2025,2025-03-07,Riyadh,online,bronze,21,65.21,0.149,33.41,0.0,1113.69,0
100497,03/25/2024,2024-03-26,Jeddah,phone,bronze,17,34.46,,16.54,0.0,551.39,0
103120,2024-07-07,2024-07-08,Riyadh ,online,bronze,21,72.95,0.278,33.25,316.09,1108.25,1
101425,2025/02/26,2025-03-08,JEDDAH,online,bronze,27,35.1,,20.85,612.51,694.99,1
103322,12 Aug 2024,2024-08-24, Jeddah,online,gold,24,55.99,0.114,35.44,0.0,1181.28,0
100730,20 Jun 2024,2024-06-27,JEDDAH,store,bronze,13,24.54,,7.87,80.98,262.4,1
101945,2024/05/14,2024-05-24,Abha,online,gold,15,66.43,0.199,23.97,798.64,799.13,1
100219,12/31/2024,2025-01-03,TABUK ,online,bronze,20,210.1,0.238,99.98,0.0,3332.75,0
100788,2024-04-13,2024-04-25,Riyadh ,online,silver,33,24.74,,18.2,492.05,606.68,1
101070,12/07/2024,2024-12-18,Jeddah,online,bronze,34,38.52,0.127,34.45,0.0,1148.48,0
100726,21 Feb 2024,2024-03-02,Riyadh,store,gold,2,29.71,0.166,1.47,0.0,49.03,0
104423,22 Apr 2025,2025-04-29,Dammam,store,bronze,4,25.49,0.027,2.97,74.41,99.08,1
102630,04/12/2025,2025-04-24,Riyadh,store,silver,4,19.86,0.104,2.15,0.0,71.61,0
103582,2024/05/25,2024-05-28,Abha,online,silver,37,67.93,,41.02,821.95,1367.48,1
103097,18 May 2025,2025-05-19,riyadh,online,bronze,38,52.87,0.049,59.23,0.0,1974.31,0
103136,2024/03/01,2024-03-04,Dammam,store,bronze,11,30.11,0.045,9.36,0.0,311.96,0
101936,2024-01-17,2024-01-18,Riyadh,store,bronze,9,19.42,0.161,4.24,0.0,141.41,0
103591,29 Jun 2024,2024-07-04,Abha,store,bronze,20,23.26,,9.61,0.0,320.29,0
102055,2024/11/19,2024-11-30,Riyadh,online,gold,7,22.94,0.162,3.94,0.0,131.42,0
104076,12/28/2024,2024-12-31,Jeddah,store,gold,6,32.78,0.385,3.7,0.0,123.39,0
104807,2024-01-03,2024-01-12, Jeddah,store,bronze,27,43.83,0.128,31.15,535.06,1038.18,1
104230,12/23/2024,2024-12-29,Riyadh,online,bronze,12,20.7,0.19,5.89,100.56,196.36,1
101965,28 May 2025,2025-06-04,Dammam,online,silver,11,88.03,,18.07,0.0,602.38,0
100137,2024-05-26,2024-06-05,Tabuk,store,silver,36,24.21,0.146,22.2,0.0,739.92,0
